booking_id,property_id,market_segment,distribution_channel,lead_time_band,deposit_type,actual_is_canceled,predicted_cancellation_risk,risk_band,lost_revenue
SW000054,P001,Online TA,TA/TO,0-7 days,No Deposit,0,0.2396,Low risk,0.0
SW000075,P001,Online TA,TA/TO,31-90 days,No Deposit,1,0.3947,Medium risk,220.6
SW000089,P001,Online TA,TA/TO,8-30 days,No Deposit,0,0.3507,Medium risk,0.0
SW000143,P001,Online TA,TA/TO,91-180 days,No Deposit,0,0.3058,Medium risk,0.0
SW000151,P001,Direct,Direct,91-180 days,No Deposit,0,0.1438,Low risk,0.0
SW000192,P001,Offline TA/TO,TA/TO,91-180 days,No Deposit,0,0.3708,Medium risk,0.0
SW000206,P001,Offline TA/TO,TA/TO,31-90 days,No Deposit,1,0.3842,Medium risk,457.5
SW000222,P001,Direct,Direct,91-180 days,No Deposit,1,0.1438,Low risk,332.1
SW000283,P001,Direct,TA/TO,181+ days,No Deposit,0,0.2539,Medium risk,0.0
SW000325,P001,Online TA,TA/TO,8-30 days,No Deposit,0,0.2442,Low risk,0.0
SW000337,P001,Offline TA/TO,TA/TO,31-90 days,No Deposit,0,0.3429,Medium risk,0.0
SW000351,P001,Online TA,TA/TO,91-180 days,No Deposit,0,0.2471,Low risk,0.0
SW000372,P001,Online TA,TA/TO,31-90 days,No Deposit,1,0.3947,Medium risk,600.0
SW000396,P001,Direct,Direct,31-90 days,No Deposit,0,0.0978,Low risk,0.0
SW000426,P001,Groups,Direct,31-90 days,No Deposit,0,0.3753,Medium risk,0.0
SW000456,P001,Online TA,TA/TO,31-90 days,No Deposit,1,0.3947,Medium risk,810.0
SW000465,P001,Online TA,TA/TO,8-30 days,No Deposit,1,0.2482,Low risk,268.0
SW000584,P001,Offline TA/TO,TA/TO,31-90 days,No Deposit,0,0.2761,Medium risk,0.0
SW000680,P001,Online TA,TA/TO,8-30 days,No Deposit,0,0.2442,Low risk,0.0
SW000681,P001,Online TA,TA/TO,91-180 days,No Deposit,0,0.3104,Medium risk,0.0
SW000689,P001,Online TA,TA/TO,8-30 days,No Deposit,1,0.2482,Low risk,844.2
SW000727,P001,Online TA,TA/TO,31-90 days,No Deposit,1,0.285,Medium risk,248.4
SW000773,P001,Offline TA/TO,TA/TO,31-90 days,No Deposit,1,0.3429,Medium risk,924.0
SW000801,P001,Online TA,TA/TO,8-30 days,No Deposit,1,0.2442,Low risk,440.01
SW000836,P001,Online TA,TA/TO,8-30 days,No Deposit,1,0.2482,Low risk,336.0
SW000837,P001,Direct,Direct,181+ days,No Deposit,0,0.2526,Medium risk,0.0
SW000852,P001,Online TA,TA/TO,0-7 days,No Deposit,0,0.1586,Low risk,0.0
SW000867,P001,Online TA,TA/TO,31-90 days,No Deposit,1,0.285,Medium risk,1690.0
SW000888,P001,Offline TA/TO,TA/TO,8-30 days,No Deposit,1,0.3018,Medium risk,1102.75
SW000896,P001,Direct,Direct,0-7 days,No Deposit,0,0.1052,Low risk,0.0
SW000943,P001,Direct,Direct,31-90 days,No Deposit,0,0.1294,Low risk,0.0
SW001008,P001,Online TA,TA/TO,0-7 days,No Deposit,0,0.1586,Low risk,0.0
SW001014,P001,Online TA,TA/TO,91-180 days,No Deposit,1,0.3104,Medium risk,738.0
SW001026,P001,Online TA,TA/TO,31-90 days,No Deposit,1,0.2806,Medium risk,1298.99
SW001045,P001,Online TA,TA/TO,31-90 days,No Deposit,1,0.2806,Medium risk,811.5
SW001057,P001,Online TA,TA/TO,31-90 days,No Deposit,0,0.285,Medium risk,0.0
SW001062,P001,Groups,Corporate,31-90 days,No Deposit,0,0.2363,Low risk,0.0
SW001072,P001,Online TA,TA/TO,31-90 days,No Deposit,0,0.3947,Medium risk,0.0
SW001111,P001,Online TA,TA/TO,0-7 days,No Deposit,0,0.1615,Low risk,0.0
SW001199,P001,Corporate,Corporate,0-7 days,No Deposit,1,0.1284,Low risk,172.55
SW001215,P001,Online TA,TA/TO,91-180 days,No Deposit,0,0.3104,Medium risk,0.0
SW001218,P001,Online TA,TA/TO,91-180 days,No Deposit,0,0.4241,Medium risk,0.0
SW001221,P001,Online TA,TA/TO,91-180 days,No Deposit,0,0.4241,Medium risk,0.0
SW001232,P001,Offline TA/TO,TA/TO,91-180 days,No Deposit,1,0.4133,Medium risk,317.0
SW001239,P001,Offline TA/TO,TA/TO,31-90 days,No Deposit,1,0.3842,Medium risk,931.0
SW001257,P001,Online TA,TA/TO,31-90 days,No Deposit,0,0.2806,Medium risk,0.0
SW001258,P001,Direct,Direct,31-90 days,No Deposit,0,0.1294,Low risk,0.0
SW001268,P001,Direct,Direct,8-30 days,No Deposit,1,0.1677,Low risk,172.0
SW001331,P001,Direct,Direct,91-180 days,No Deposit,1,0.1438,Low risk,1158.0
SW001383,P001,Online TA,TA/TO,91-180 days,No Deposit,1,0.3104,Medium risk,56.0
SW001488,P001,Online TA,TA/TO,31-90 days,No Deposit,0,0.3947,Medium risk,0.0
SW001499,P001,Online TA,TA/TO,8-30 days,No Deposit,1,0.3507,Medium risk,226.0
SW001505,P001,Offline TA/TO,TA/TO,8-30 days,No Deposit,0,0.3018,Medium risk,0.0
SW001554,P001,Direct,Direct,31-90 days,No Deposit,1,0.1956,Low risk,1530.0
SW001582,P001,Offline TA/TO,TA/TO,8-30 days,No Deposit,1,0.3407,Medium risk,143.5
SW001608,P001,Online TA,TA/TO,91-180 days,No Deposit,0,0.3104,Medium risk,0.0
SW001611,P001,Direct,Direct,31-90 days,No Deposit,0,0.1294,Low risk,0.0
SW001618,P001,Online TA,TA/TO,31-90 days,No Deposit,1,0.285,Medium risk,490.0
SW001659,P001,Direct,Direct,0-7 days,No Deposit,0,0.1052,Low risk,0.0
SW001661,P001,Direct,TA/TO,181+ days,No Deposit,1,0.3576,Medium risk,253.41
SW001793,P001,Direct,Direct,0-7 days,No Deposit,0,0.1052,Low risk,0.0
SW001808,P001,Online TA,TA/TO,0-7 days,No Deposit,0,0.1586,Low risk,0.0
SW001825,P001,Online TA,TA/TO,0-7 days,No Deposit,0,0.2396,Low risk,0.0
SW001847,P001,Online TA,TA/TO,31-90 days,No Deposit,1,0.3947,Medium risk,415.0
SW001855,P001,Direct,Direct,31-90 days,No Deposit,0,0.1956,Low risk,0.0
SW001935,P001,Online TA,TA/TO,31-90 days,No Deposit,1,0.2806,Medium risk,592.97
SW001948,P001,Online TA,TA/TO,31-90 days,No Deposit,0,0.285,Medium risk,0.0
SW002010,P001,Corporate,Corporate,8-30 days,No Deposit,0,0.1583,Low risk,0.0
SW002012,P001,Online TA,TA/TO,31-90 days,No Deposit,1,0.2806,Medium risk,235.8
SW002051,P001,Offline TA/TO,TA/TO,31-90 days,No Deposit,0,0.3842,Medium risk,0.0
SW002053,P001,Offline TA/TO,TA/TO,91-180 days,No Deposit,0,0.4133,Medium risk,0.0
SW002062,P001,Direct,Direct,31-90 days,No Deposit,0,0.1956,Low risk,0.0
SW002069,P001,Offline TA/TO,TA/TO,0-7 days,No Deposit,0,0.1834,Low risk,0.0
SW002126,P001,Offline TA/TO,TA/TO,31-90 days,No Deposit,0,0.3842,Medium risk,0.0
SW002129,P001,Offline TA/TO,TA/TO,181+ days,No Deposit,0,0.4644,High risk,0.0
SW002135,P001,Groups,TA/TO,31-90 days,Non Refund,1,0.9184,High risk,5.41
SW002155,P001,Online TA,TA/TO,8-30 days,No Deposit,0,0.2482,Low risk,0.0
SW002181,P001,Offline TA/TO,TA/TO,31-90 days,No Deposit,0,0.3429,Medium risk,0.0
SW002188,P001,Groups,TA/TO,91-180 days,Non Refund,1,0.9271,High risk,80.1
SW002193,P001,Groups,TA/TO,91-180 days,Non Refund,1,0.9271,High risk,80.1
SW002247,P001,Direct,Direct,8-30 days,No Deposit,0,0.1097,Low risk,0.0
SW002261,P001,Corporate,Corporate,31-90 days,No Deposit,0,0.185,Low risk,0.0
SW002390,P001,Online TA,TA/TO,31-90 days,No Deposit,1,0.3947,Medium risk,50.4
SW002457,P001,Online TA,TA/TO,8-30 days,No Deposit,1,0.2482,Low risk,163.0
SW002483,P001,Online TA,TA/TO,8-30 days,No Deposit,0,0.2482,Low risk,0.0
SW002491,P001,Groups,Direct,31-90 days,No Deposit,0,0.3092,Medium risk,0.0
SW002541,P001,Online TA,TA/TO,31-90 days,No Deposit,0,0.2806,Medium risk,0.0
SW002553,P001,Direct,Direct,91-180 days,No Deposit,0,0.2155,Low risk,0.0
SW002561,P001,Online TA,TA/TO,8-30 days,No Deposit,0,0.194,Low risk,0.0
SW002666,P001,Online TA,TA/TO,8-30 days,No Deposit,0,0.2482,Low risk,0.0
SW002672,P001,Online TA,TA/TO,91-180 days,No Deposit,1,0.3104,Medium risk,130.0
SW002720,P001,Direct,Direct,0-7 days,No Deposit,0,0.1052,Low risk,0.0
SW002734,P001,Online TA,TA/TO,0-7 days,No Deposit,0,0.1615,Low risk,0.0
SW002758,P001,Offline TA/TO,TA/TO,8-30 days,No Deposit,0,0.1905,Low risk,0.0
SW002800,P001,Groups,Direct,0-7 days,No Deposit,1,0.225,Low risk,36.0
SW002854,P001,Corporate,Corporate,31-90 days,No Deposit,1,0.185,Low risk,640.0
SW002876,P001,Offline TA/TO,TA/TO,0-7 days,No Deposit,0,0.1556,Low risk,0.0
SW002961,P001,Online TA,TA/TO,8-30 days,No Deposit,1,0.2442,Low risk,158.0
SW002980,P001,Direct,Direct,0-7 days,No Deposit,0,0.0553,Low risk,0.0
SW003038,P001,Corporate,Corporate,31-90 days,No Deposit,0,0.185,Low risk,0.0
SW003102,P001,Online TA,TA/TO,8-30 days,No Deposit,0,0.3507,Medium risk,0.0
SW003134,P001,Online TA,TA/TO,91-180 days,No Deposit,0,0.3104,Medium risk,0.0
SW003202,P001,Corporate,Corporate,31-90 days,No Deposit,0,0.185,Low risk,0.0
SW003220,P001,Corporate,Corporate,31-90 days,No Deposit,0,0.185,Low risk,0.0
SW003249,P001,Online TA,TA/TO,31-90 days,No Deposit,0,0.285,Medium risk,0.0
SW003279,P001,Online TA,TA/TO,8-30 days,No Deposit,0,0.2442,Low risk,0.0
SW003281,P001,Offline TA/TO,TA/TO,91-180 days,No Deposit,0,0.4133,Medium risk,0.0
SW003366,P001,Groups,TA/TO,31-90 days,No Deposit,0,0.4243,Medium risk,0.0
SW003380,P001,Groups,TA/TO,91-180 days,Non Refund,1,0.9271,High risk,30.6
SW003391,P001,Groups,TA/TO,31-90 days,No Deposit,1,0.4243,Medium risk,210.0
SW003397,P001,Groups,TA/TO,91-180 days,Non Refund,1,0.9271,High risk,30.6
SW003442,P001,Online TA,TA/TO,31-90 days,No Deposit,0,0.2806,Medium risk,0.0
SW003443,P001,Offline TA/TO,TA/TO,31-90 days,No Deposit,0,0.3842,Medium risk,0.0
SW003446,P001,Online TA,TA/TO,8-30 days,No Deposit,1,0.3507,Medium risk,311.43
SW003479,P001,Groups,Direct,91-180 days,Non Refund,1,0.8853,High risk,12.0
SW003493,P001,Groups,Direct,91-180 days,Non Refund,1,0.8853,High risk,12.0
SW003496,P001,Groups,Direct,91-180 days,Non Refund,1,0.8853,High risk,12.0
SW003516,P001,Offline TA/TO,TA/TO,181+ days,No Deposit,1,0.3071,Medium risk,378.0
SW003528,P001,Offline TA/TO,TA/TO,31-90 days,No Deposit,0,0.2761,Medium risk,0.0
SW003535,P001,Offline TA/TO,TA/TO,91-180 days,No Deposit,0,0.2429,Low risk,0.0
SW003553,P001,Offline TA/TO,TA/TO,91-180 days,No Deposit,0,0.2429,Low risk,0.0
SW003618,P001,Online TA,TA/TO,181+ days,No Deposit,1,0.4754,High risk,559.02
SW003695,P001,Groups,TA/TO,91-180 days,No Deposit,0,0.4543,High risk,0.0
SW003719,P001,Online TA,TA/TO,91-180 days,No Deposit,1,0.3104,Medium risk,296.2
SW003762,P001,Groups,Direct,91-180 days,Non Refund,1,0.8853,High risk,10.8
SW003784,P001,Online TA,TA/TO,91-180 days,No Deposit,1,0.3104,Medium risk,87.48
SW003795,P001,Online TA,TA/TO,8-30 days,No Deposit,1,0.3507,Medium risk,96.0
SW003805,P001,Online TA,TA/TO,181+ days,No Deposit,1,0.4754,High risk,1411.2
SW003827,P001,Direct,Direct,0-7 days,No Deposit,1,0.0805,Low risk,44.0
SW003848,P001,Online TA,TA/TO,91-180 days,No Deposit,0,0.3104,Medium risk,0.0
SW003884,P001,Online TA,TA/TO,8-30 days,No Deposit,1,0.2482,Low risk,348.0
SW003906,P001,Groups,Direct,31-90 days,No Deposit,1,0.3092,Medium risk,219.99
SW003970,P001,Groups,TA/TO,31-90 days,Non Refund,1,0.9184,High risk,17.4
SW004019,P001,Groups,TA/TO,91-180 days,Non Refund,1,0.9271,High risk,21.0
SW004045,P001,Groups,TA/TO,91-180 days,Non Refund,1,0.9271,High risk,15.0
SW004068,P001,Groups,TA/TO,91-180 days,Non Refund,1,0.9271,High risk,21.0
SW004082,P001,Groups,TA/TO,91-180 days,No Deposit,0,0.4543,High risk,0.0
SW004083,P001,Groups,TA/TO,91-180 days,No Deposit,1,0.4543,High risk,136.0
SW004118,P001,Online TA,TA/TO,91-180 days,No Deposit,0,0.3104,Medium risk,0.0
SW004139,P001,Offline TA/TO,TA/TO,91-180 days,No Deposit,0,0.4133,Medium risk,0.0
SW004153,P001,Offline TA/TO,TA/TO,91-180 days,No Deposit,0,0.4133,Medium risk,0.0
SW004160,P001,Direct,Direct,91-180 days,No Deposit,0,0.1438,Low risk,0.0
SW004166,P001,Online TA,TA/TO,8-30 days,No Deposit,1,0.3507,Medium risk,906.0
SW004208,P001,Groups,TA/TO,31-90 days,Non Refund,1,0.9184,High risk,31.5
SW004223,P001,Online TA,TA/TO,31-90 days,No Deposit,1,0.285,Medium risk,432.0
SW004225,P001,Online TA,TA/TO,31-90 days,No Deposit,1,0.285,Medium risk,432.0
SW004245,P001,Groups,Direct,91-180 days,No Deposit,0,0.3357,Medium risk,0.0
SW004279,P001,Groups,Direct,31-90 days,No Deposit,1,0.3092,Medium risk,405.0
SW004286,P001,Online TA,TA/TO,31-90 days,No Deposit,1,0.285,Medium risk,336.0
SW004289,P001,Corporate,Direct,0-7 days,No Deposit,1,0.1152,Low risk,40.0
SW004313,P001,Online TA,TA/TO,0-7 days,No Deposit,1,0.1615,Low risk,129.0
SW004374,P001,Groups,TA/TO,31-90 days,No Deposit,1,0.4243,Medium risk,177.0
SW004401,P001,Offline TA/TO,TA/TO,31-90 days,Non Refund,1,0.841,High risk,7.5
SW004434,P001,Online TA,TA/TO,8-30 days,No Deposit,1,0.2482,Low risk,94.35
SW004562,P001,Offline TA/TO,TA/TO,0-7 days,No Deposit,1,0.1834,Low risk,252.0
SW004636,P001,Groups,Direct,91-180 days,Non Refund,1,0.8853,High risk,50.4
SW004706,P001,Direct,Direct,0-7 days,No Deposit,1,0.1052,Low risk,621.88
SW004723,P001,Groups,Direct,91-180 days,No Deposit,0,0.3357,Medium risk,0.0
SW004764,P001,Groups,Direct,91-180 days,Refundable,0,0.3175,Medium risk,0.0
SW004800,P001,Groups,Direct,91-180 days,Refundable,0,0.3175,Medium risk,0.0
SW004810,P001,Online TA,TA/TO,31-90 days,No Deposit,1,0.285,Medium risk,617.04
SW004819,P001,Online TA,TA/TO,31-90 days,No Deposit,1,0.2806,Medium risk,178.0
SW004848,P001,Groups,TA/TO,91-180 days,Non Refund,0,0.9045,High risk,0.0
SW004853,P001,Groups,TA/TO,91-180 days,Non Refund,1,0.9045,High risk,25.5
SW004878,P001,Online TA,TA/TO,31-90 days,No Deposit,1,0.285,Medium risk,365.4
SW004889,P001,Online TA,TA/TO,31-90 days,No Deposit,1,0.285,Medium risk,232.0
SW004911,P001,Online TA,TA/TO,181+ days,No Deposit,0,0.3564,Medium risk,0.0
SW004930,P001,Groups,Direct,91-180 days,Non Refund,1,0.8853,High risk,75.6
SW004948,P001,Groups,Direct,181+ days,No Deposit,0,0.3835,Medium risk,0.0
SW005015,P001,Groups,TA/TO,91-180 days,Non Refund,1,0.9271,High risk,25.8
SW005021,P001,Groups,TA/TO,91-180 days,Non Refund,1,0.9271,High risk,25.8
SW005076,P001,Groups,TA/TO,181+ days,Non Refund,1,0.921,High risk,25.5
SW005101,P001,Groups,Direct,181+ days,Non Refund,1,0.9048,High risk,68.65
SW005131,P001,Groups,TA/TO,181+ days,No Deposit,0,0.506,High risk,0.0
SW005168,P001,Groups,Direct,31-90 days,No Deposit,1,0.3092,Medium risk,485.52
SW005184,P001,Groups,Direct,31-90 days,No Deposit,1,0.3092,Medium risk,485.52
SW005210,P001,Offline TA/TO,TA/TO,181+ days,No Deposit,0,0.3925,Medium risk,0.0
SW005221,P001,Offline TA/TO,TA/TO,181+ days,No Deposit,0,0.3925,Medium risk,0.0
SW005225,P001,Online TA,TA/TO,91-180 days,No Deposit,1,0.4241,Medium risk,204.0
SW005230,P001,Offline TA/TO,TA/TO,181+ days,No Deposit,0,0.3925,Medium risk,0.0
SW005274,P001,Offline TA/TO,TA/TO,31-90 days,No Deposit,1,0.2761,Medium risk,378.0
SW005277,P001,Groups,TA/TO,91-180 days,No Deposit,1,0.4543,High risk,658.0
SW005377,P001,Groups,Direct,8-30 days,No Deposit,1,0.2705,Medium risk,255.99
SW005384,P001,Online TA,TA/TO,181+ days,No Deposit,1,0.3564,Medium risk,554.4
SW005400,P001,Groups,TA/TO,91-180 days,Non Refund,1,0.9271,High risk,48.0
SW005454,P001,Groups,TA/TO,91-180 days,No Deposit,1,0.4543,High risk,329.0
SW005483,P001,Online TA,TA/TO,8-30 days,No Deposit,1,0.3507,Medium risk,80.0
SW005493,P001,Groups,TA/TO,181+ days,No Deposit,0,0.506,High risk,0.0
SW005514,P001,Online TA,TA/TO,31-90 days,No Deposit,1,0.3947,Medium risk,654.99
SW005545,P001,Groups,TA/TO,181+ days,No Deposit,1,0.506,High risk,170.0
SW005552,P001,Groups,TA/TO,181+ days,No Deposit,0,0.506,High risk,0.0
SW005578,P001,Online TA,TA/TO,181+ days,No Deposit,0,0.3564,Medium risk,0.0
SW005684,P001,Groups,TA/TO,181+ days,No Deposit,1,0.506,High risk,92.0
SW005696,P001,Online TA,TA/TO,181+ days,No Deposit,1,0.4754,High risk,261.0
SW005707,P001,Online TA,TA/TO,8-30 days,No Deposit,1,0.3507,Medium risk,210.0
SW005721,P001,Groups,TA/TO,181+ days,No Deposit,0,0.506,High risk,0.0
SW005727,P001,Groups,TA/TO,181+ days,No Deposit,0,0.385,Medium risk,0.0
SW005742,P001,Groups,TA/TO,181+ days,No Deposit,1,0.506,High risk,192.0
SW005755,P001,Groups,TA/TO,181+ days,No Deposit,1,0.506,High risk,192.0
SW005773,P001,Online TA,TA/TO,91-180 days,No Deposit,1,0.3058,Medium risk,352.0
SW005779,P001,Offline TA/TO,TA/TO,181+ days,No Deposit,1,0.3464,Medium risk,324.8
SW005799,P001,Groups,TA/TO,181+ days,No Deposit,1,0.506,High risk,172.0
SW005807,P001,Groups,TA/TO,181+ days,No Deposit,0,0.506,High risk,0.0
SW005812,P001,Groups,TA/TO,181+ days,No Deposit,0,0.506,High risk,0.0
SW005818,P001,Groups,TA/TO,181+ days,No Deposit,0,0.385,Medium risk,0.0
SW005857,P001,Groups,TA/TO,8-30 days,No Deposit,1,0.3791,Medium risk,70.0
SW005931,P001,Offline TA/TO,TA/TO,181+ days,No Deposit,0,0.4644,High risk,0.0
SW005937,P001,Online TA,TA/TO,181+ days,No Deposit,0,0.3515,Medium risk,0.0
SW005939,P001,Offline TA/TO,TA/TO,181+ days,No Deposit,0,0.4644,High risk,0.0
SW005944,P001,Groups,TA/TO,91-180 days,Non Refund,1,0.9271,High risk,27.6
SW005953,P001,Offline TA/TO,TA/TO,181+ days,No Deposit,0,0.3026,Medium risk,0.0
SW005959,P001,Offline TA/TO,TA/TO,181+ days,No Deposit,0,0.4644,High risk,0.0
SW005966,P001,Online TA,TA/TO,91-180 days,No Deposit,1,0.3104,Medium risk,406.0
SW005993,P001,Online TA,TA/TO,31-90 days,No Deposit,1,0.285,Medium risk,441.0
SW006007,P001,Online TA,TA/TO,31-90 days,No Deposit,1,0.3947,Medium risk,86.0
SW006020,P001,Complementary,Corporate,91-180 days,No Deposit,1,0.2286,Low risk,0.0
SW006022,P001,Online TA,TA/TO,31-90 days,No Deposit,1,0.3947,Medium risk,80.0
SW006027,P001,Online TA,TA/TO,91-180 days,No Deposit,1,0.3104,Medium risk,309.0
SW006029,P001,Online TA,TA/TO,91-180 days,No Deposit,1,0.2471,Low risk,264.0
SW006058,P001,Offline TA/TO,TA/TO,181+ days,No Deposit,1,0.4644,High risk,443.52
SW006103,P001,Groups,Direct,181+ days,No Deposit,0,0.2755,Medium risk,0.0
SW006146,P001,Groups,Direct,181+ days,No Deposit,0,0.3835,Medium risk,0.0
SW006176,P001,Online TA,TA/TO,91-180 days,No Deposit,1,0.3104,Medium risk,116.0
SW006259,P001,Online TA,TA/TO,91-180 days,No Deposit,1,0.4241,Medium risk,560.0
SW006266,P001,Offline TA/TO,TA/TO,91-180 days,No Deposit,1,0.3708,Medium risk,327.25
SW006346,P001,Online TA,TA/TO,91-180 days,No Deposit,1,0.4241,Medium risk,665.0
SW006359,P001,Online TA,TA/TO,31-90 days,No Deposit,1,0.3947,Medium risk,492.0
SW006378,P001,Offline TA/TO,TA/TO,181+ days,No Deposit,0,0.4644,High risk,0.0
SW006381,P001,Online TA,TA/TO,91-180 days,No Deposit,1,0.4241,Medium risk,1305.0
SW006429,P001,Online TA,TA/TO,91-180 days,No Deposit,1,0.3104,Medium risk,432.0
SW006523,P001,Offline TA/TO,TA/TO,181+ days,No Deposit,0,0.3464,Medium risk,0.0
SW006573,P001,Online TA,TA/TO,181+ days,No Deposit,1,0.3564,Medium risk,850.5
SW006583,P001,Offline TA/TO,TA/TO,181+ days,No Deposit,0,0.3415,Medium risk,0.0
SW006591,P001,Online TA,TA/TO,91-180 days,No Deposit,1,0.3104,Medium risk,504.0
SW006625,P001,Online TA,TA/TO,181+ days,No Deposit,1,0.3564,Medium risk,324.0
SW006630,P001,Offline TA/TO,TA/TO,91-180 days,No Deposit,1,0.4133,Medium risk,383.04
SW006631,P001,Online TA,TA/TO,91-180 days,No Deposit,1,0.3104,Medium risk,649.02
SW006633,P001,Online TA,TA/TO,181+ days,No Deposit,0,0.3515,Medium risk,0.0
SW006654,P001,Groups,Direct,181+ days,No Deposit,0,0.3835,Medium risk,0.0
SW006659,P001,Groups,Direct,181+ days,No Deposit,0,0.3835,Medium risk,0.0
SW006706,P001,Direct,Direct,91-180 days,No Deposit,1,0.2155,Low risk,1768.5
SW006732,P001,Offline TA/TO,TA/TO,181+ days,No Deposit,0,0.4644,High risk,0.0
SW006735,P001,Online TA,TA/TO,91-180 days,No Deposit,1,0.3104,Medium risk,612.0
SW006744,P001,Online TA,TA/TO,91-180 days,No Deposit,1,0.4241,Medium risk,1667.97
SW006756,P001,Offline TA/TO,TA/TO,181+ days,No Deposit,0,0.3415,Medium risk,0.0
SW006765,P001,Offline TA/TO,TA/TO,91-180 days,No Deposit,1,0.2648,Medium risk,907.9
SW006788,P001,Online TA,TA/TO,91-180 days,No Deposit,1,0.3104,Medium risk,567.0
SW006827,P001,Offline TA/TO,TA/TO,91-180 days,No Deposit,1,0.301,Medium risk,404.6
SW006840,P001,Offline TA/TO,TA/TO,181+ days,No Deposit,0,0.3026,Medium risk,0.0
SW006864,P001,Online TA,TA/TO,91-180 days,No Deposit,1,0.4241,Medium risk,332.0
SW006869,P001,Online TA,TA/TO,8-30 days,No Deposit,1,0.3507,Medium risk,636.0
SW006881,P001,Offline TA/TO,TA/TO,181+ days,No Deposit,0,0.3464,Medium risk,0.0
SW006896,P001,Online TA,TA/TO,181+ days,No Deposit,1,0.3515,Medium risk,1107.0
SW006904,P001,Online TA,TA/TO,181+ days,No Deposit,0,0.3515,Medium risk,0.0
SW006981,P001,Online TA,TA/TO,181+ days,No Deposit,1,0.3515,Medium risk,346.5
SW007027,P001,Online TA,TA/TO,91-180 days,No Deposit,1,0.4241,Medium risk,242.0
SW007039,P001,Online TA,TA/TO,181+ days,No Deposit,1,0.4754,High risk,2400.0
SW007101,P001,Online TA,TA/TO,91-180 days,No Deposit,1,0.4241,Medium risk,1200.0
SW007105,P001,Online TA,TA/TO,91-180 days,No Deposit,1,0.4241,Medium risk,1400.0
SW007147,P001,Online TA,TA/TO,181+ days,No Deposit,1,0.4754,High risk,1680.0
SW007153,P001,Direct,Direct,8-30 days,No Deposit,1,0.1305,Low risk,126.0
SW007181,P001,Online TA,TA/TO,91-180 days,No Deposit,1,0.3058,Medium risk,1140.02
SW007213,P001,Online TA,TA/TO,31-90 days,No Deposit,1,0.3947,Medium risk,1036.0
SW007264,P001,Direct,Direct,8-30 days,No Deposit,1,0.1076,Low risk,1774.99
SW007267,P001,Offline TA/TO,TA/TO,181+ days,No Deposit,1,0.4644,High risk,1055.6
SW007293,P001,Offline TA/TO,TA/TO,91-180 days,No Deposit,1,0.239,Low risk,1242.5
SW007332,P001,Online TA,TA/TO,91-180 days,No Deposit,1,0.4241,Medium risk,1477.0
SW007356,P001,Online TA,TA/TO,91-180 days,No Deposit,1,0.4241,Medium risk,567.0
SW007363,P001,Online TA,TA/TO,91-180 days,No Deposit,1,0.3104,Medium risk,1280.0
SW007399,P001,Online TA,TA/TO,91-180 days,No Deposit,1,0.4241,Medium risk,1614.0
SW007456,P001,Online TA,TA/TO,91-180 days,No Deposit,1,0.4241,Medium risk,820.0
SW007457,P001,Online TA,TA/TO,91-180 days,No Deposit,1,0.4241,Medium risk,960.0
SW007493,P001,Direct,Direct,31-90 days,No Deposit,1,0.1956,Low risk,612.0
SW007519,P001,Online TA,TA/TO,91-180 days,No Deposit,1,0.4241,Medium risk,382.0
SW007553,P001,Online TA,TA/TO,31-90 days,No Deposit,1,0.3947,Medium risk,1323.0
SW007568,P001,Online TA,TA/TO,91-180 days,No Deposit,1,0.4241,Medium risk,1036.0
SW007590,P001,Direct,Direct,181+ days,No Deposit,1,0.1712,Low risk,1408.75
SW007593,P001,Offline TA/TO,TA/TO,181+ days,No Deposit,1,0.3925,Medium risk,869.4
SW007666,P001,Offline TA/TO,TA/TO,181+ days,No Deposit,0,0.4203,Medium risk,0.0
SW007686,P001,Online TA,TA/TO,91-180 days,No Deposit,1,0.4241,Medium risk,1498.0
SW007699,P001,Online TA,TA/TO,8-30 days,No Deposit,1,0.2482,Low risk,826.0
SW007717,P001,Online TA,TA/TO,31-90 days,No Deposit,1,0.3947,Medium risk,606.0
SW007755,P001,Direct,Direct,31-90 days,No Deposit,1,0.1956,Low risk,1950.0
SW007771,P001,Direct,Direct,181+ days,No Deposit,1,0.1712,Low risk,238.0
SW007781,P001,Online TA,TA/TO,31-90 days,No Deposit,1,0.3947,Medium risk,844.0
SW007817,P001,Online TA,TA/TO,91-180 days,No Deposit,1,0.4241,Medium risk,480.0
SW007851,P001,Offline TA/TO,TA/TO,181+ days,No Deposit,1,0.3071,Medium risk,1237.6
SW007853,P001,Online TA,TA/TO,0-7 days,No Deposit,1,0.2396,Low risk,171.0
SW007862,P001,Online TA,TA/TO,181+ days,No Deposit,1,0.3564,Medium risk,1009.0
SW007895,P001,Online TA,TA/TO,91-180 days,No Deposit,1,0.3104,Medium risk,695.0
SW007898,P001,Online TA,TA/TO,181+ days,No Deposit,1,0.4754,High risk,891.0
SW007924,P001,Offline TA/TO,TA/TO,181+ days,No Deposit,0,0.4644,High risk,0.0
SW007926,P001,Offline TA/TO,TA/TO,181+ days,No Deposit,1,0.4644,High risk,604.8
SW007937,P001,Online TA,TA/TO,31-90 days,No Deposit,1,0.3947,Medium risk,408.0
SW007945,P001,Online TA,TA/TO,181+ days,No Deposit,1,0.3564,Medium risk,756.0
SW007973,P001,Online TA,TA/TO,181+ days,No Deposit,1,0.4754,High risk,876.0
SW007990,P001,Groups,TA/TO,181+ days,Non Refund,1,0.9399,High risk,40.05
SW008095,P001,Online TA,TA/TO,31-90 days,No Deposit,1,0.2806,Medium risk,587.12
SW008110,P001,Online TA,TA/TO,31-90 days,No Deposit,1,0.2806,Medium risk,1164.0
SW008143,P001,Groups,TA/TO,181+ days,No Deposit,0,0.506,High risk,0.0
SW008162,P001,Groups,Direct,181+ days,No Deposit,0,0.3835,Medium risk,0.0
SW008164,P001,Groups,Direct,181+ days,No Deposit,0,0.3835,Medium risk,0.0
SW008201,P001,Offline TA/TO,TA/TO,181+ days,No Deposit,0,0.4203,Medium risk,0.0
SW008233,P001,Online TA,TA/TO,31-90 days,No Deposit,1,0.285,Medium risk,366.99
SW008271,P001,Corporate,Corporate,181+ days,No Deposit,0,0.2399,Low risk,0.0
SW008286,P001,Offline TA/TO,TA/TO,181+ days,No Deposit,0,0.2831,Medium risk,0.0
SW008293,P001,Online TA,TA/TO,91-180 days,No Deposit,1,0.4241,Medium risk,574.02
SW008301,P001,Online TA,TA/TO,181+ days,No Deposit,1,0.4754,High risk,1606.22
SW008327,P001,Corporate,Corporate,181+ days,No Deposit,0,0.2399,Low risk,0.0
SW008331,P001,Groups,Direct,181+ days,Non Refund,1,0.9048,High risk,39.6
SW008358,P001,Online TA,TA/TO,91-180 days,No Deposit,1,0.3543,Medium risk,777.98
SW008372,P001,Groups,TA/TO,181+ days,No Deposit,1,0.506,High risk,192.0
SW008393,P001,Online TA,TA/TO,31-90 days,No Deposit,1,0.2806,Medium risk,500.0
SW008419,P001,Offline TA/TO,TA/TO,181+ days,No Deposit,0,0.3464,Medium risk,0.0
SW008512,P001,Online TA,TA/TO,8-30 days,No Deposit,1,0.3507,Medium risk,835.0
SW008565,P001,Online TA,TA/TO,31-90 days,No Deposit,1,0.285,Medium risk,237.0
SW008610,P001,Groups,Corporate,91-180 days,No Deposit,1,0.3637,Medium risk,275.0
SW008618,P001,Groups,TA/TO,181+ days,Non Refund,1,0.9399,High risk,43.2
SW008640,P001,Online TA,TA/TO,31-90 days,No Deposit,1,0.3947,Medium risk,316.0
SW008666,P001,Groups,Corporate,8-30 days,No Deposit,1,0.2955,Medium risk,110.0
SW008676,P001,Groups,Corporate,91-180 days,No Deposit,1,0.3637,Medium risk,165.0
SW008800,P001,Groups,Direct,181+ days,No Deposit,0,0.3835,Medium risk,0.0
SW008805,P001,Groups,Direct,91-180 days,No Deposit,1,0.3357,Medium risk,41.85
SW008813,P001,Online TA,TA/TO,181+ days,No Deposit,1,0.403,Medium risk,868.98
SW008820,P001,Online TA,TA/TO,8-30 days,No Deposit,1,0.3507,Medium risk,1019.97
SW008835,P001,Groups,TA/TO,181+ days,Non Refund,1,0.9399,High risk,16.65
SW008852,P001,Online TA,TA/TO,181+ days,No Deposit,1,0.4754,High risk,840.0
SW008856,P001,Direct,Direct,91-180 days,No Deposit,1,0.2155,Low risk,652.05
SW008871,P001,Online TA,TA/TO,181+ days,No Deposit,1,0.403,Medium risk,436.03
SW008908,P001,Groups,Corporate,181+ days,No Deposit,0,0.413,Medium risk,0.0
SW008909,P001,Online TA,TA/TO,91-180 days,No Deposit,1,0.4241,Medium risk,260.0
SW008951,P001,Offline TA/TO,TA/TO,31-90 days,No Deposit,1,0.3842,Medium risk,195.52
SW008967,P001,Online TA,TA/TO,91-180 days,No Deposit,1,0.4241,Medium risk,272.0
SW008969,P001,Online TA,TA/TO,91-180 days,No Deposit,1,0.4241,Medium risk,272.0
SW008982,P001,Groups,Corporate,91-180 days,No Deposit,1,0.3637,Medium risk,300.0
SW008993,P001,Online TA,TA/TO,91-180 days,No Deposit,1,0.4241,Medium risk,463.0
SW008994,P001,Online TA,TA/TO,91-180 days,No Deposit,1,0.4241,Medium risk,443.0
SW009017,P001,Offline TA/TO,TA/TO,8-30 days,No Deposit,1,0.3407,Medium risk,138.0
SW009035,P001,Online TA,TA/TO,31-90 days,No Deposit,1,0.285,Medium risk,270.0
SW009039,P001,Online TA,TA/TO,91-180 days,No Deposit,1,0.4241,Medium risk,232.0
SW009047,P001,Offline TA/TO,TA/TO,8-30 days,No Deposit,1,0.3407,Medium risk,40.0
SW009065,P001,Online TA,TA/TO,181+ days,No Deposit,1,0.4754,High risk,558.88
SW009072,P001,Offline TA/TO,TA/TO,181+ days,No Deposit,1,0.4644,High risk,297.6
SW009100,P001,Online TA,TA/TO,181+ days,No Deposit,1,0.3564,Medium risk,386.75
SW009117,P001,Direct,Direct,8-30 days,No Deposit,0,0.1097,Low risk,0.0
SW009121,P001,Online TA,TA/TO,31-90 days,No Deposit,1,0.3947,Medium risk,230.2
SW009151,P001,Online TA,TA/TO,91-180 days,No Deposit,1,0.4241,Medium risk,669.97
SW009172,P001,Online TA,TA/TO,31-90 days,No Deposit,1,0.3947,Medium risk,268.8
SW009284,P001,Online TA,TA/TO,31-90 days,No Deposit,1,0.3947,Medium risk,140.4
SW009288,P001,Online TA,TA/TO,181+ days,No Deposit,1,0.3515,Medium risk,672.0
SW009306,P001,Offline TA/TO,TA/TO,8-30 days,No Deposit,1,0.3407,Medium risk,462.0
SW009308,P001,Online TA,TA/TO,31-90 days,No Deposit,1,0.3947,Medium risk,75.6
SW009330,P001,Online TA,TA/TO,181+ days,No Deposit,1,0.3564,Medium risk,189.0
SW009359,P001,Online TA,TA/TO,8-30 days,No Deposit,1,0.3507,Medium risk,301.0
SW009360,P001,Online TA,TA/TO,8-30 days,No Deposit,1,0.3507,Medium risk,54.0
SW009448,P001,Complementary,Direct,31-90 days,No Deposit,1,0.1883,Low risk,0.0
SW009509,P001,Groups,TA/TO,8-30 days,No Deposit,1,0.3791,Medium risk,252.0
SW009540,P001,Groups,TA/TO,8-30 days,No Deposit,1,0.3791,Medium risk,240.0
SW009546,P001,Groups,TA/TO,8-30 days,No Deposit,1,0.3791,Medium risk,240.0
SW009565,P001,Online TA,TA/TO,31-90 days,No Deposit,1,0.3947,Medium risk,174.0
SW009568,P001,Direct,Direct,0-7 days,No Deposit,1,0.1052,Low risk,39.0
SW009573,P001,Direct,Direct,0-7 days,No Deposit,1,0.1052,Low risk,88.0
SW009603,P001,Online TA,TA/TO,91-180 days,No Deposit,1,0.4241,Medium risk,336.0
SW009633,P001,Online TA,TA/TO,91-180 days,No Deposit,1,0.4241,Medium risk,194.0
SW009635,P001,Online TA,TA/TO,181+ days,No Deposit,1,0.4754,High risk,223.2
SW009638,P001,Online TA,TA/TO,181+ days,No Deposit,1,0.4754,High risk,279.0
SW009667,P001,Online TA,TA/TO,31-90 days,No Deposit,1,0.3947,Medium risk,60.0
SW009682,P001,Online TA,TA/TO,181+ days,No Deposit,1,0.4754,High risk,990.99
SW009695,P001,Online TA,TA/TO,91-180 days,No Deposit,1,0.3543,Medium risk,358.54
SW009707,P001,Direct,Direct,8-30 days,No Deposit,1,0.1677,Low risk,50.4
SW009711,P001,Online TA,TA/TO,91-180 days,No Deposit,1,0.3058,Medium risk,299.0
SW009721,P001,Online TA,TA/TO,8-30 days,No Deposit,1,0.2482,Low risk,293.01
SW009725,P001,Online TA,TA/TO,181+ days,No Deposit,1,0.4754,High risk,1158.0
SW009743,P001,Online TA,TA/TO,181+ days,No Deposit,1,0.4754,High risk,270.0
SW009745,P001,Groups,TA/TO,181+ days,No Deposit,1,0.506,High risk,540.0
SW009790,P001,Online TA,TA/TO,91-180 days,No Deposit,1,0.3104,Medium risk,223.2
SW009808,P001,Online TA,TA/TO,31-90 days,No Deposit,1,0.3947,Medium risk,210.0
SW009809,P001,Online TA,TA/TO,31-90 days,No Deposit,1,0.3947,Medium risk,185.0
SW009836,P001,Online TA,TA/TO,91-180 days,No Deposit,1,0.4241,Medium risk,264.6
SW009839,P001,Direct,Direct,0-7 days,No Deposit,1,0.1052,Low risk,0.0
SW009863,P001,Online TA,TA/TO,181+ days,No Deposit,1,0.3515,Medium risk,153.9
SW009870,P001,Online TA,TA/TO,8-30 days,No Deposit,1,0.2482,Low risk,372.0
SW009877,P001,Groups,Direct,31-90 days,No Deposit,1,0.3092,Medium risk,165.0
SW009881,P001,Groups,Direct,8-30 days,No Deposit,1,0.2705,Medium risk,165.0
SW009899,P001,Online TA,TA/TO,31-90 days,No Deposit,1,0.3947,Medium risk,115.2
SW009962,P001,Online TA,TA/TO,8-30 days,No Deposit,1,0.2482,Low risk,290.0
SW009964,P001,Online TA,TA/TO,31-90 days,No Deposit,1,0.3947,Medium risk,504.0
SW010012,P001,Online TA,TA/TO,91-180 days,No Deposit,1,0.4241,Medium risk,2318.4
SW010058,P001,Groups,TA/TO,181+ days,Non Refund,1,0.9399,High risk,16.2
SW010078,P001,Online TA,TA/TO,31-90 days,No Deposit,1,0.285,Medium risk,174.0
SW010083,P001,Online TA,TA/TO,31-90 days,No Deposit,1,0.3947,Medium risk,186.0
SW010085,P001,Online TA,TA/TO,8-30 days,No Deposit,1,0.2482,Low risk,48.0
SW010102,P001,Online TA,TA/TO,0-7 days,No Deposit,1,0.2396,Low risk,0.0
SW010115,P001,Online TA,TA/TO,8-30 days,No Deposit,1,0.3507,Medium risk,144.0
SW010156,P001,Direct,Direct,8-30 days,No Deposit,1,0.1677,Low risk,72.0
SW010206,P001,Online TA,TA/TO,31-90 days,No Deposit,1,0.2252,Low risk,210.0
SW010209,P001,Online TA,TA/TO,31-90 days,No Deposit,1,0.3947,Medium risk,210.0
SW010216,P001,Online TA,TA/TO,8-30 days,No Deposit,1,0.2442,Low risk,144.0
SW010238,P001,Corporate,Corporate,31-90 days,No Deposit,1,0.185,Low risk,168.0
SW010280,P001,Online TA,TA/TO,31-90 days,No Deposit,1,0.2806,Medium risk,168.0
SW010309,P001,Online TA,TA/TO,31-90 days,No Deposit,1,0.285,Medium risk,144.0
SW010323,P001,Online TA,TA/TO,91-180 days,No Deposit,1,0.4241,Medium risk,329.98
SW010329,P001,Online TA,TA/TO,31-90 days,No Deposit,1,0.3947,Medium risk,144.0
SW010337,P001,Groups,TA/TO,31-90 days,Non Refund,1,0.9184,High risk,10.5
SW010346,P001,Groups,TA/TO,31-90 days,Non Refund,1,0.9184,High risk,10.5
SW010351,P001,Groups,TA/TO,31-90 days,Non Refund,1,0.9184,High risk,10.5
SW010358,P001,Groups,TA/TO,31-90 days,Non Refund,1,0.9184,High risk,10.5
SW010359,P001,Groups,TA/TO,31-90 days,Non Refund,1,0.9184,High risk,10.5
SW010364,P001,Groups,TA/TO,181+ days,No Deposit,1,0.506,High risk,1465.0
SW010385,P001,Groups,TA/TO,181+ days,No Deposit,1,0.506,High risk,1465.0
SW010459,P001,Direct,Direct,8-30 days,No Deposit,1,0.1677,Low risk,170.1
SW010495,P001,Online TA,TA/TO,8-30 days,No Deposit,1,0.2442,Low risk,120.0
SW010501,P001,Online TA,TA/TO,31-90 days,No Deposit,1,0.2806,Medium risk,80.0
SW010519,P001,Online TA,TA/TO,31-90 days,No Deposit,1,0.3947,Medium risk,700.0
SW010528,P001,Corporate,Direct,8-30 days,No Deposit,1,0.1426,Low risk,48.0
SW010544,P001,Online TA,TA/TO,0-7 days,No Deposit,1,0.1615,Low risk,53.2
SW010562,P001,Groups,TA/TO,91-180 days,No Deposit,1,0.4543,High risk,1116.0
SW010567,P001,Groups,TA/TO,91-180 days,No Deposit,1,0.4543,High risk,1116.0
SW010590,P001,Online TA,TA/TO,91-180 days,No Deposit,1,0.3104,Medium risk,264.6
SW010642,P001,Groups,TA/TO,181+ days,No Deposit,1,0.506,High risk,480.0
SW010647,P001,Online TA,TA/TO,8-30 days,No Deposit,1,0.3507,Medium risk,85.0
SW010683,P001,Groups,Corporate,91-180 days,Non Refund,1,0.8973,High risk,19.5
SW010694,P001,Groups,Corporate,91-180 days,Non Refund,1,0.8973,High risk,21.9
SW010697,P001,Groups,Corporate,91-180 days,Non Refund,1,0.8973,High risk,12.6
SW010731,P001,Online TA,TA/TO,31-90 days,No Deposit,1,0.285,Medium risk,360.0
SW010736,P001,Online TA,TA/TO,8-30 days,No Deposit,1,0.2442,Low risk,260.0
SW010746,P001,Online TA,TA/TO,8-30 days,No Deposit,1,0.2482,Low risk,140.0
SW010753,P001,Online TA,TA/TO,31-90 days,No Deposit,1,0.285,Medium risk,48.0
SW010804,P001,Online TA,TA/TO,181+ days,No Deposit,1,0.4754,High risk,270.0
SW010829,P001,Online TA,TA/TO,31-90 days,No Deposit,1,0.3947,Medium risk,963.97
SW010836,P001,Online TA,TA/TO,31-90 days,No Deposit,1,0.285,Medium risk,138.4
SW010838,P001,Online TA,TA/TO,31-90 days,No Deposit,1,0.3947,Medium risk,450.0
SW010958,P001,Online TA,TA/TO,31-90 days,No Deposit,1,0.3947,Medium risk,351.0
SW010994,P001,Online TA,TA/TO,31-90 days,No Deposit,1,0.285,Medium risk,210.0
SW011004,P001,Online TA,TA/TO,31-90 days,No Deposit,1,0.3947,Medium risk,230.01
SW011043,P001,Online TA,TA/TO,91-180 days,No Deposit,1,0.4241,Medium risk,549.99
SW011054,P001,Online TA,TA/TO,91-180 days,No Deposit,1,0.3058,Medium risk,577.8
SW011102,P001,Online TA,TA/TO,91-180 days,No Deposit,1,0.4241,Medium risk,660.03
SW011105,P001,Online TA,TA/TO,8-30 days,No Deposit,1,0.2482,Low risk,200.0
SW011109,P001,Corporate,Corporate,8-30 days,No Deposit,1,0.1583,Low risk,100.0
SW011115,P001,Online TA,TA/TO,91-180 days,No Deposit,1,0.3104,Medium risk,389.25
SW011129,P001,Online TA,TA/TO,181+ days,No Deposit,1,0.3564,Medium risk,247.38
SW011136,P001,Groups,Corporate,181+ days,No Deposit,1,0.413,Medium risk,623.0
SW011139,P001,Online TA,TA/TO,181+ days,No Deposit,1,0.3564,Medium risk,363.79
SW011165,P001,Groups,TA/TO,181+ days,No Deposit,1,0.506,High risk,180.0
SW011189,P001,Online TA,TA/TO,31-90 days,No Deposit,1,0.285,Medium risk,854.0
SW011222,P001,Online TA,TA/TO,31-90 days,No Deposit,1,0.285,Medium risk,375.0
SW011227,P001,Online TA,TA/TO,8-30 days,No Deposit,1,0.2482,Low risk,333.0
SW011233,P001,Online TA,TA/TO,31-90 days,No Deposit,1,0.285,Medium risk,575.0
SW011254,P001,Online TA,TA/TO,91-180 days,No Deposit,1,0.4241,Medium risk,683.97
SW011301,P001,Online TA,TA/TO,181+ days,No Deposit,1,0.4754,High risk,745.2
SW011323,P001,Online TA,TA/TO,31-90 days,No Deposit,1,0.3947,Medium risk,588.0
SW011360,P001,Offline TA/TO,TA/TO,181+ days,No Deposit,1,0.3464,Medium risk,352.8
SW011363,P001,Offline TA/TO,TA/TO,181+ days,No Deposit,1,0.3464,Medium risk,478.8
SW011369,P001,Direct,Direct,91-180 days,No Deposit,1,0.1438,Low risk,840.0
SW011396,P001,Online TA,TA/TO,31-90 days,No Deposit,1,0.285,Medium risk,300.0
SW011402,P001,Online TA,TA/TO,8-30 days,No Deposit,1,0.2482,Low risk,390.0
SW011443,P001,Groups,TA/TO,91-180 days,No Deposit,1,0.4543,High risk,420.0
SW011507,P001,Online TA,TA/TO,91-180 days,No Deposit,1,0.3058,Medium risk,700.0
SW011543,P001,Corporate,Corporate,0-7 days,No Deposit,0,0.1284,Low risk,0.0
SW011552,P001,Online TA,TA/TO,8-30 days,No Deposit,1,0.2482,Low risk,660.0
SW011709,P001,Online TA,TA/TO,91-180 days,No Deposit,1,0.3104,Medium risk,870.0
SW011726,P001,Direct,Direct,181+ days,No Deposit,1,0.2526,Medium risk,418.53
SW011747,P001,Online TA,TA/TO,31-90 days,No Deposit,1,0.285,Medium risk,400.0
SW011803,P001,Online TA,TA/TO,91-180 days,No Deposit,1,0.4241,Medium risk,875.0
SW011814,P001,Groups,TA/TO,181+ days,Non Refund,1,0.9399,High risk,63.99
SW011836,P001,Online TA,TA/TO,8-30 days,No Deposit,1,0.2482,Low risk,300.0
SW011837,P001,Online TA,TA/TO,8-30 days,No Deposit,1,0.2482,Low risk,300.0
SW011847,P001,Online TA,TA/TO,181+ days,No Deposit,1,0.4754,High risk,623.0
SW011852,P001,Offline TA/TO,TA/TO,181+ days,No Deposit,1,0.4203,Medium risk,793.8
SW011916,P001,Groups,TA/TO,181+ days,Non Refund,1,0.9399,High risk,75.6
SW011920,P001,Online TA,TA/TO,181+ days,No Deposit,1,0.3515,Medium risk,519.75
SW011954,P001,Online TA,TA/TO,181+ days,No Deposit,1,0.3515,Medium risk,148.5
SW011958,P001,Online TA,TA/TO,31-90 days,No Deposit,1,0.285,Medium risk,624.0
SW011960,P001,Online TA,TA/TO,181+ days,No Deposit,1,0.3515,Medium risk,148.5
SW011971,P001,Online TA,TA/TO,91-180 days,No Deposit,1,0.4241,Medium risk,140.0
SW011996,P001,Online TA,TA/TO,181+ days,No Deposit,1,0.3564,Medium risk,535.5
SW012016,P001,Direct,Direct,0-7 days,No Deposit,1,0.1052,Low risk,892.5
SW012022,P001,Online TA,TA/TO,31-90 days,No Deposit,1,0.2806,Medium risk,270.0
SW012027,P001,Direct,Direct,8-30 days,No Deposit,1,0.1677,Low risk,1115.0
SW012098,P001,Offline TA/TO,TA/TO,91-180 days,No Deposit,1,0.4133,Medium risk,226.8
SW012120,P001,Online TA,TA/TO,91-180 days,No Deposit,1,0.4241,Medium risk,532.52
SW012157,P001,Corporate,Corporate,8-30 days,No Deposit,1,0.2016,Low risk,75.0
SW012194,P001,Online TA,TA/TO,181+ days,No Deposit,1,0.3515,Medium risk,560.7
SW012197,P001,Online TA,TA/TO,91-180 days,No Deposit,1,0.4241,Medium risk,1106.0
SW012199,P001,Online TA,TA/TO,181+ days,No Deposit,1,0.3515,Medium risk,655.2
SW012203,P001,Offline TA/TO,TA/TO,181+ days,No Deposit,1,0.4644,High risk,567.0
SW012209,P001,Online TA,TA/TO,31-90 days,No Deposit,1,0.285,Medium risk,424.0
SW012218,P001,Online TA,TA/TO,91-180 days,No Deposit,1,0.3104,Medium risk,560.0
SW012220,P001,Online TA,TA/TO,181+ days,No Deposit,1,0.3515,Medium risk,1020.0
SW012225,P001,Online TA,TA/TO,31-90 days,No Deposit,1,0.285,Medium risk,1736.0
SW012235,P001,Online TA,TA/TO,91-180 days,No Deposit,1,0.3104,Medium risk,405.0
SW012241,P001,Online TA,TA/TO,91-180 days,No Deposit,1,0.4241,Medium risk,660.0
SW012246,P001,Online TA,TA/TO,31-90 days,No Deposit,1,0.2806,Medium risk,859.98
SW012250,P001,Online TA,TA/TO,181+ days,No Deposit,1,0.4754,High risk,816.75
SW012256,P001,Online TA,TA/TO,181+ days,No Deposit,1,0.3564,Medium risk,515.25
SW012281,P001,Online TA,TA/TO,91-180 days,No Deposit,1,0.4241,Medium risk,720.0
SW012364,P001,Online TA,TA/TO,181+ days,No Deposit,1,0.3564,Medium risk,1057.98
SW012388,P001,Online TA,TA/TO,91-180 days,No Deposit,1,0.4241,Medium risk,710.4
SW012464,P001,Online TA,TA/TO,181+ days,No Deposit,1,0.3515,Medium risk,280.14
SW012476,P001,Online TA,TA/TO,181+ days,No Deposit,1,0.3515,Medium risk,766.8
SW012482,P001,Online TA,TA/TO,181+ days,No Deposit,1,0.4754,High risk,1109.5
SW012500,P001,Online TA,TA/TO,91-180 days,No Deposit,1,0.4241,Medium risk,540.0
SW012503,P001,Offline TA/TO,TA/TO,91-180 days,No Deposit,1,0.4133,Medium risk,280.8
SW012528,P001,Online TA,TA/TO,91-180 days,No Deposit,1,0.3058,Medium risk,1445.99
SW012625,P001,Offline TA/TO,TA/TO,91-180 days,No Deposit,1,0.4133,Medium risk,1836.0
SW012657,P001,Online TA,TA/TO,91-180 days,No Deposit,1,0.4241,Medium risk,1092.0
SW012673,P001,Online TA,TA/TO,31-90 days,No Deposit,1,0.3947,Medium risk,606.0
SW012677,P001,Direct,Direct,8-30 days,No Deposit,1,0.1097,Low risk,1375.0
SW012690,P001,Online TA,TA/TO,31-90 days,No Deposit,1,0.285,Medium risk,552.0
SW012705,P001,Online TA,TA/TO,0-7 days,No Deposit,1,0.1586,Low risk,105.0
SW012736,P001,Direct,Direct,181+ days,No Deposit,1,0.1712,Low risk,1859.0
SW012740,P001,Direct,Direct,31-90 days,No Deposit,1,0.1294,Low risk,428.0
SW012796,P001,Online TA,TA/TO,181+ days,No Deposit,1,0.3564,Medium risk,1091.28
SW012804,P001,Offline TA/TO,TA/TO,91-180 days,No Deposit,1,0.4133,Medium risk,1513.75
SW012834,P001,Online TA,TA/TO,181+ days,No Deposit,1,0.3515,Medium risk,2419.2
SW012900,P001,Online TA,TA/TO,91-180 days,No Deposit,1,0.4241,Medium risk,1484.0
SW012904,P001,Online TA,TA/TO,181+ days,No Deposit,1,0.3515,Medium risk,1344.0
SW012925,P001,Online TA,TA/TO,31-90 days,No Deposit,1,0.285,Medium risk,1960.0
SW012979,P001,Online TA,TA/TO,31-90 days,No Deposit,1,0.285,Medium risk,820.0
SW012988,P001,Direct,Direct,31-90 days,No Deposit,1,0.127,Low risk,1540.0
SW013000,P001,Direct,Direct,181+ days,No Deposit,1,0.2526,Medium risk,577.8
SW013007,P001,Online TA,TA/TO,181+ days,No Deposit,1,0.3515,Medium risk,1554.0
SW013023,P001,Direct,Direct,8-30 days,No Deposit,1,0.1677,Low risk,559.0
SW013052,P001,Online TA,TA/TO,91-180 days,No Deposit,1,0.4241,Medium risk,1320.0
SW013070,P001,Online TA,TA/TO,181+ days,No Deposit,1,0.3515,Medium risk,1713.4
SW013105,P001,Online TA,TA/TO,91-180 days,No Deposit,1,0.3058,Medium risk,1320.0
SW013134,P001,Online TA,TA/TO,181+ days,No Deposit,1,0.4754,High risk,1018.08
SW013155,P001,Online TA,TA/TO,181+ days,No Deposit,1,0.3564,Medium risk,1880.0
SW013169,P001,Online TA,TA/TO,181+ days,No Deposit,1,0.3564,Medium risk,549.99
SW013174,P001,Online TA,TA/TO,181+ days,No Deposit,1,0.4754,High risk,922.5
SW013177,P001,Online TA,TA/TO,181+ days,No Deposit,1,0.4754,High risk,1209.6
SW013179,P001,Online TA,TA/TO,91-180 days,No Deposit,1,0.3058,Medium risk,1840.0
SW013225,P001,Online TA,TA/TO,8-30 days,No Deposit,1,0.3507,Medium risk,1250.0
SW013239,P001,Online TA,TA/TO,181+ days,No Deposit,1,0.3515,Medium risk,2541.0
SW013257,P001,Offline TA/TO,TA/TO,91-180 days,No Deposit,1,0.4133,Medium risk,466.0
SW013337,P001,Online TA,TA/TO,91-180 days,No Deposit,1,0.3058,Medium risk,1750.0
SW013357,P001,Online TA,TA/TO,181+ days,No Deposit,1,0.3515,Medium risk,469.8
SW013397,P001,Online TA,TA/TO,181+ days,No Deposit,1,0.3564,Medium risk,968.66
SW013400,P001,Offline TA/TO,TA/TO,181+ days,No Deposit,1,0.3071,Medium risk,1173.0
SW013424,P001,Online TA,TA/TO,181+ days,No Deposit,1,0.3564,Medium risk,1252.02
SW013426,P001,Online TA,TA/TO,91-180 days,No Deposit,1,0.3104,Medium risk,1680.0
SW013435,P001,Online TA,TA/TO,8-30 days,No Deposit,1,0.2482,Low risk,209.0
SW013447,P001,Online TA,TA/TO,91-180 days,No Deposit,1,0.4241,Medium risk,1715.0
SW013448,P001,Online TA,TA/TO,8-30 days,No Deposit,1,0.2482,Low risk,1568.0
SW013474,P001,Direct,Direct,0-7 days,No Deposit,1,0.1052,Low risk,200.0
SW013475,P001,Corporate,Corporate,0-7 days,No Deposit,0,0.1284,Low risk,0.0
SW013488,P001,Online TA,TA/TO,181+ days,No Deposit,1,0.403,Medium risk,615.0
SW013527,P001,Online TA,TA/TO,31-90 days,No Deposit,1,0.285,Medium risk,1288.0
SW013539,P001,Direct,Direct,181+ days,No Deposit,1,0.1682,Low risk,363.6
SW013567,P001,Online TA,TA/TO,181+ days,No Deposit,1,0.4754,High risk,557.25
SW013578,P001,Online TA,TA/TO,91-180 days,No Deposit,1,0.3104,Medium risk,1218.28
SW013580,P001,Online TA,TA/TO,31-90 days,No Deposit,1,0.2806,Medium risk,2809.95
SW013588,P001,Online TA,TA/TO,181+ days,No Deposit,1,0.4754,High risk,480.0
SW013625,P001,Online TA,TA/TO,31-90 days,No Deposit,1,0.3947,Medium risk,1221.78
SW013704,P001,Online TA,TA/TO,181+ days,No Deposit,1,0.4754,High risk,2871.96
SW013711,P001,Online TA,TA/TO,181+ days,No Deposit,1,0.4754,High risk,557.25
SW013834,P001,Corporate,Corporate,0-7 days,No Deposit,0,0.1284,Low risk,0.0
SW013849,P001,Direct,Direct,91-180 days,No Deposit,0,0.1411,Low risk,0.0
SW013876,P001,Corporate,Corporate,8-30 days,No Deposit,1,0.2016,Low risk,84.0
SW013887,P001,Direct,Direct,0-7 days,No Deposit,0,0.067,Low risk,0.0
SW013918,P001,Corporate,Direct,8-30 days,No Deposit,0,0.1825,Low risk,0.0
SW013948,P001,Corporate,Corporate,0-7 days,No Deposit,0,0.1284,Low risk,0.0
SW013966,P001,Online TA,TA/TO,0-7 days,No Deposit,0,0.1615,Low risk,0.0
SW013971,P001,Corporate,Corporate,0-7 days,No Deposit,0,0.1284,Low risk,0.0
SW013980,P001,Corporate,Corporate,0-7 days,No Deposit,0,0.1284,Low risk,0.0
SW014022,P001,Corporate,Corporate,0-7 days,No Deposit,0,0.081,Low risk,0.0
SW014027,P001,Corporate,Corporate,0-7 days,No Deposit,0,0.2767,Medium risk,0.0
SW014030,P001,Corporate,Corporate,0-7 days,No Deposit,0,0.2767,Medium risk,0.0
SW014065,P001,Offline TA/TO,TA/TO,8-30 days,No Deposit,0,0.3407,Medium risk,0.0
SW014090,P001,Online TA,TA/TO,0-7 days,No Deposit,0,0.1615,Low risk,0.0
SW014151,P001,Corporate,Corporate,0-7 days,No Deposit,0,0.1284,Low risk,0.0
SW014169,P001,Corporate,Corporate,8-30 days,No Deposit,0,0.2016,Low risk,0.0
SW014185,P001,Online TA,TA/TO,91-180 days,No Deposit,0,0.3058,Medium risk,0.0
SW014202,P001,Corporate,Corporate,8-30 days,No Deposit,0,0.2016,Low risk,0.0
SW014209,P001,Online TA,TA/TO,0-7 days,No Deposit,0,0.1615,Low risk,0.0
SW014284,P001,Corporate,Corporate,0-7 days,No Deposit,1,0.385,Medium risk,134.0
SW014294,P001,Online TA,TA/TO,8-30 days,No Deposit,0,0.2442,Low risk,0.0
SW014317,P001,Direct,Direct,0-7 days,No Deposit,0,0.1052,Low risk,0.0
SW014323,P001,Offline TA/TO,TA/TO,0-7 days,No Deposit,0,0.1556,Low risk,0.0
SW014335,P001,Online TA,TA/TO,8-30 days,No Deposit,0,0.2482,Low risk,0.0
SW014336,P001,Online TA,TA/TO,0-7 days,No Deposit,0,0.1615,Low risk,0.0
SW014367,P001,Corporate,Corporate,0-7 days,No Deposit,0,0.1284,Low risk,0.0
SW014372,P001,Direct,Direct,0-7 days,No Deposit,0,0.1052,Low risk,0.0
SW014405,P001,Online TA,TA/TO,91-180 days,No Deposit,0,0.4241,Medium risk,0.0
SW014409,P001,Online TA,TA/TO,181+ days,No Deposit,0,0.3564,Medium risk,0.0
SW014531,P001,Corporate,Corporate,0-7 days,No Deposit,0,0.1284,Low risk,0.0
SW014535,P001,Offline TA/TO,TA/TO,0-7 days,No Deposit,0,0.5617,High risk,0.0
SW014574,P001,Online TA,TA/TO,0-7 days,No Deposit,0,0.1615,Low risk,0.0
SW014593,P001,Direct,Direct,0-7 days,No Deposit,0,0.1052,Low risk,0.0
SW014622,P001,Direct,Direct,91-180 days,No Deposit,0,0.1112,Low risk,0.0
SW014663,P001,Offline TA/TO,TA/TO,0-7 days,No Deposit,0,0.2316,Low risk,0.0
SW014664,P001,Online TA,TA/TO,181+ days,No Deposit,0,0.3515,Medium risk,0.0
SW014708,P001,Groups,Corporate,181+ days,Non Refund,1,0.9786,High risk,18.02
SW014765,P001,Groups,Corporate,181+ days,Non Refund,1,0.9786,High risk,14.98
SW014778,P001,Online TA,TA/TO,181+ days,No Deposit,1,0.6973,High risk,330.0
SW014791,P001,Offline TA/TO,TA/TO,181+ days,Non Refund,1,0.9307,High risk,15.0
SW014839,P001,Groups,Corporate,181+ days,Non Refund,1,0.936,High risk,34.2
SW014870,P001,Online TA,TA/TO,91-180 days,No Deposit,1,0.6567,High risk,784.0
SW014872,P001,Online TA,TA/TO,91-180 days,No Deposit,1,0.6567,High risk,442.8
SW014897,P001,Groups,Corporate,181+ days,Non Refund,1,0.936,High risk,53.52
SW014919,P001,Online TA,Direct,181+ days,No Deposit,0,0.5832,High risk,0.0
SW014928,P001,Direct,Direct,31-90 days,No Deposit,0,0.1294,Low risk,0.0
SW014937,P001,Online TA,TA/TO,181+ days,No Deposit,1,0.7019,High risk,549.99
SW014946,P001,Online TA,TA/TO,181+ days,No Deposit,1,0.4245,Medium risk,813.6
SW014954,P001,Corporate,Corporate,0-7 days,No Deposit,0,0.1284,Low risk,0.0
SW014970,P001,Groups,Direct,181+ days,No Deposit,0,0.3835,Medium risk,0.0
SW014973,P001,Groups,TA/TO,91-180 days,Non Refund,1,0.9454,High risk,36.45
SW014994,P001,Groups,TA/TO,91-180 days,Non Refund,1,0.9454,High risk,36.45
SW014997,P001,Offline TA/TO,TA/TO,181+ days,Non Refund,1,0.9767,High risk,16.2
SW015013,P001,Offline TA/TO,TA/TO,181+ days,Non Refund,1,0.9307,High risk,16.2
SW015015,P001,Offline TA/TO,TA/TO,181+ days,Non Refund,1,0.9307,High risk,16.2
SW015044,P001,Groups,TA/TO,181+ days,No Deposit,0,0.506,High risk,0.0
SW015059,P001,Direct,Direct,0-7 days,No Deposit,0,0.067,Low risk,0.0
SW015085,P001,Offline TA/TO,TA/TO,91-180 days,No Deposit,1,0.6467,High risk,636.65
SW015096,P001,Offline TA/TO,TA/TO,181+ days,No Deposit,1,0.7866,High risk,68.0
SW015097,P001,Offline TA/TO,TA/TO,181+ days,No Deposit,1,0.7866,High risk,68.0
SW015118,P001,Offline TA/TO,TA/TO,181+ days,No Deposit,1,0.7866,High risk,68.0
SW015119,P001,Direct,Direct,31-90 days,No Deposit,0,0.127,Low risk,0.0
SW015130,P001,Direct,Direct,8-30 days,No Deposit,0,0.3388,Medium risk,0.0
SW015158,P001,Groups,TA/TO,181+ days,No Deposit,1,0.5822,High risk,56.0
SW015195,P001,Offline TA/TO,TA/TO,181+ days,Non Refund,1,0.9767,High risk,61.9
SW015203,P001,Offline TA/TO,TA/TO,181+ days,Non Refund,1,0.9767,High risk,57.74
SW015214,P001,Offline TA/TO,TA/TO,181+ days,Non Refund,1,0.9767,High risk,57.74
SW015221,P001,Groups,TA/TO,181+ days,Non Refund,1,0.9852,High risk,37.85
SW015236,P001,Corporate,Corporate,0-7 days,No Deposit,0,0.1284,Low risk,0.0
SW015293,P001,Direct,Direct,0-7 days,No Deposit,0,0.0657,Low risk,0.0
SW015329,P001,Groups,TA/TO,181+ days,No Deposit,1,0.8132,High risk,443.8
SW015377,P001,Offline TA/TO,TA/TO,181+ days,No Deposit,0,0.4203,Medium risk,0.0
SW015387,P001,Offline TA/TO,TA/TO,91-180 days,No Deposit,0,0.301,Medium risk,0.0
SW015390,P001,Offline TA/TO,TA/TO,91-180 days,No Deposit,0,0.301,Medium risk,0.0
SW015397,P001,Offline TA/TO,TA/TO,91-180 days,No Deposit,0,0.3708,Medium risk,0.0
SW015436,P001,Direct,Direct,91-180 days,No Deposit,0,0.1438,Low risk,0.0
SW015449,P001,Direct,Direct,0-7 days,No Deposit,0,0.1052,Low risk,0.0
SW015474,P001,Direct,Direct,8-30 days,No Deposit,0,0.1677,Low risk,0.0
SW015496,P001,Direct,Direct,91-180 days,No Deposit,0,0.1411,Low risk,0.0
SW015526,P001,Offline TA/TO,TA/TO,91-180 days,No Deposit,0,0.2965,Medium risk,0.0
SW015550,P001,Online TA,TA/TO,31-90 days,No Deposit,0,0.285,Medium risk,0.0
SW015573,P001,Direct,Direct,8-30 days,No Deposit,0,0.1097,Low risk,0.0
SW015651,P001,Online TA,TA/TO,31-90 days,No Deposit,0,0.285,Medium risk,0.0
SW015656,P001,Groups,TA/TO,181+ days,No Deposit,1,0.8132,High risk,134.0
SW015671,P001,Groups,TA/TO,181+ days,No Deposit,1,0.8132,High risk,134.0
SW015714,P001,Groups,TA/TO,181+ days,Non Refund,1,0.9852,High risk,12.0
SW015718,P001,Groups,TA/TO,181+ days,Non Refund,1,0.9852,High risk,12.0
SW015727,P001,Groups,TA/TO,181+ days,Non Refund,1,0.9852,High risk,12.0
SW015807,P001,Online TA,TA/TO,31-90 days,No Deposit,0,0.285,Medium risk,0.0
SW015815,P001,Online TA,TA/TO,31-90 days,No Deposit,0,0.2806,Medium risk,0.0
SW015826,P001,Offline TA/TO,TA/TO,181+ days,No Deposit,0,0.4644,High risk,0.0
SW015861,P001,Online TA,TA/TO,31-90 days,No Deposit,0,0.2806,Medium risk,0.0
SW015867,P001,Offline TA/TO,TA/TO,91-180 days,No Deposit,0,0.2965,Medium risk,0.0
SW015907,P001,Offline TA/TO,TA/TO,91-180 days,No Deposit,0,0.2648,Medium risk,0.0
SW015908,P001,Online TA,TA/TO,0-7 days,No Deposit,0,0.1586,Low risk,0.0
SW015916,P001,Direct,Direct,91-180 days,No Deposit,0,0.1411,Low risk,0.0
SW015971,P001,Online TA,TA/TO,31-90 days,No Deposit,0,0.3947,Medium risk,0.0
SW015975,P001,Offline TA/TO,TA/TO,181+ days,No Deposit,0,0.4203,Medium risk,0.0
SW016012,P001,Offline TA/TO,TA/TO,31-90 days,No Deposit,0,0.2176,Low risk,0.0
SW016022,P001,Direct,Direct,31-90 days,No Deposit,0,0.1956,Low risk,0.0
SW016060,P001,Online TA,TA/TO,31-90 days,No Deposit,0,0.285,Medium risk,0.0
SW016075,P001,Direct,Direct,31-90 days,No Deposit,0,0.1294,Low risk,0.0
SW016143,P001,Online TA,TA/TO,181+ days,No Deposit,0,0.3515,Medium risk,0.0
SW016200,P001,Corporate,Corporate,8-30 days,No Deposit,0,0.1337,Low risk,0.0
SW016275,P001,Direct,Direct,91-180 days,No Deposit,0,0.1438,Low risk,0.0
SW016285,P001,Offline TA/TO,TA/TO,31-90 days,No Deposit,0,0.2213,Low risk,0.0
SW016300,P001,Online TA,TA/TO,91-180 days,No Deposit,0,0.3104,Medium risk,0.0
SW016316,P001,Online TA,TA/TO,91-180 days,No Deposit,0,0.3058,Medium risk,0.0
SW016335,P001,Direct,Direct,31-90 days,No Deposit,0,0.1956,Low risk,0.0
SW016342,P001,Offline TA/TO,TA/TO,31-90 days,No Deposit,0,0.3842,Medium risk,0.0
SW016362,P001,Offline TA/TO,TA/TO,31-90 days,No Deposit,0,0.3842,Medium risk,0.0
SW016407,P001,Offline TA/TO,TA/TO,31-90 days,No Deposit,0,0.2761,Medium risk,0.0
SW016427,P001,Direct,Direct,8-30 days,No Deposit,0,0.0824,Low risk,0.0
SW016484,P001,Direct,Direct,181+ days,No Deposit,0,0.2526,Medium risk,0.0
SW016506,P001,Online TA,TA/TO,91-180 days,No Deposit,0,0.3104,Medium risk,0.0
SW016541,P001,Online TA,TA/TO,181+ days,No Deposit,0,0.3564,Medium risk,0.0
SW016545,P001,Offline TA/TO,TA/TO,181+ days,No Deposit,1,0.6533,High risk,493.0
SW016546,P001,Groups,TA/TO,181+ days,Non Refund,1,0.9852,High risk,36.45
SW016548,P001,Groups,TA/TO,181+ days,Non Refund,1,0.9852,High risk,36.45
SW016552,P001,Groups,TA/TO,181+ days,Non Refund,1,0.9852,High risk,36.45
SW016592,P001,Direct,Direct,31-90 days,No Deposit,0,0.1294,Low risk,0.0
SW016615,P001,Offline TA/TO,TA/TO,181+ days,No Deposit,0,0.4644,High risk,0.0
SW016632,P001,Direct,Direct,91-180 days,No Deposit,0,0.1438,Low risk,0.0
SW016638,P001,Online TA,TA/TO,0-7 days,No Deposit,0,0.2396,Low risk,0.0
SW016684,P001,Online TA,TA/TO,0-7 days,No Deposit,0,0.1586,Low risk,0.0
SW016692,P001,Online TA,TA/TO,181+ days,No Deposit,0,0.2877,Medium risk,0.0
SW016705,P001,Groups,TA/TO,181+ days,No Deposit,0,0.506,High risk,0.0
SW016729,P001,Online TA,TA/TO,8-30 days,No Deposit,0,0.2482,Low risk,0.0
SW016751,P001,Direct,Direct,0-7 days,No Deposit,0,0.1052,Low risk,0.0
SW016822,P001,Direct,Direct,181+ days,No Deposit,1,0.4676,High risk,333.2
SW016829,P001,Online TA,TA/TO,181+ days,No Deposit,0,0.3564,Medium risk,0.0
SW016865,P001,Offline TA/TO,TA/TO,91-180 days,No Deposit,0,0.2648,Medium risk,0.0
SW016902,P001,Online TA,TA/TO,0-7 days,No Deposit,0,0.1615,Low risk,0.0
SW016913,P001,Direct,Direct,8-30 days,No Deposit,0,0.1097,Low risk,0.0
SW016933,P001,Corporate,Corporate,0-7 days,No Deposit,0,0.1284,Low risk,0.0
SW017010,P001,Offline TA/TO,TA/TO,181+ days,No Deposit,0,0.3925,Medium risk,0.0
SW017039,P001,Online TA,TA/TO,31-90 days,No Deposit,0,0.3947,Medium risk,0.0
SW017055,P001,Groups,TA/TO,181+ days,No Deposit,0,0.506,High risk,0.0
SW017118,P001,Online TA,TA/TO,31-90 days,No Deposit,0,0.2806,Medium risk,0.0
SW017133,P001,Offline TA/TO,TA/TO,91-180 days,No Deposit,0,0.301,Medium risk,0.0
SW017140,P001,Offline TA/TO,TA/TO,181+ days,No Deposit,0,0.3464,Medium risk,0.0
SW017147,P001,Offline TA/TO,TA/TO,181+ days,No Deposit,0,0.2831,Medium risk,0.0
SW017155,P001,Offline TA/TO,TA/TO,181+ days,No Deposit,0,0.3071,Medium risk,0.0
SW017173,P001,Online TA,TA/TO,31-90 days,No Deposit,0,0.2806,Medium risk,0.0
SW017177,P001,Direct,Direct,8-30 days,No Deposit,0,0.1076,Low risk,0.0
SW017225,P001,Online TA,TA/TO,31-90 days,No Deposit,0,0.285,Medium risk,0.0
SW017276,P001,Offline TA/TO,TA/TO,181+ days,No Deposit,0,0.3925,Medium risk,0.0
SW017291,P001,Offline TA/TO,TA/TO,91-180 days,No Deposit,0,0.4133,Medium risk,0.0
SW017295,P001,Online TA,TA/TO,31-90 days,No Deposit,0,0.285,Medium risk,0.0
SW017300,P001,Offline TA/TO,TA/TO,31-90 days,No Deposit,0,0.2418,Low risk,0.0
SW017323,P001,Online TA,TA/TO,31-90 days,No Deposit,0,0.2806,Medium risk,0.0
SW017325,P001,Online TA,TA/TO,31-90 days,No Deposit,0,0.285,Medium risk,0.0
SW017343,P001,Online TA,TA/TO,0-7 days,No Deposit,0,0.2396,Low risk,0.0
SW017362,P001,Offline TA/TO,TA/TO,31-90 days,No Deposit,0,0.3429,Medium risk,0.0
SW017368,P001,Corporate,Corporate,0-7 days,No Deposit,0,0.1284,Low risk,0.0
SW017393,P001,Complementary,Direct,8-30 days,No Deposit,0,0.1031,Low risk,0.0
SW017394,P001,Corporate,Corporate,0-7 days,No Deposit,0,0.0989,Low risk,0.0
SW017432,P001,Online TA,TA/TO,91-180 days,No Deposit,0,0.3104,Medium risk,0.0
SW017452,P001,Offline TA/TO,TA/TO,181+ days,No Deposit,0,0.2831,Medium risk,0.0
SW017478,P001,Online TA,TA/TO,8-30 days,No Deposit,0,0.2482,Low risk,0.0
SW017487,P001,Groups,Direct,181+ days,No Deposit,0,0.3835,Medium risk,0.0
SW017500,P001,Offline TA/TO,TA/TO,8-30 days,No Deposit,0,0.278,Medium risk,0.0
SW017508,P001,Offline TA/TO,TA/TO,8-30 days,No Deposit,0,0.3407,Medium risk,0.0
SW017556,P001,Direct,Direct,0-7 days,No Deposit,0,0.1052,Low risk,0.0
SW017557,P001,Offline TA/TO,TA/TO,181+ days,No Deposit,0,0.4203,Medium risk,0.0
SW017576,P001,Direct,Direct,8-30 days,No Deposit,0,0.1677,Low risk,0.0
SW017590,P001,Direct,Direct,0-7 days,No Deposit,0,0.0657,Low risk,0.0
SW017602,P001,Offline TA/TO,TA/TO,31-90 days,No Deposit,0,0.3429,Medium risk,0.0
SW017676,P001,Groups,Corporate,181+ days,No Deposit,0,0.413,Medium risk,0.0
SW017751,P001,Corporate,Corporate,0-7 days,No Deposit,0,0.385,Medium risk,0.0
SW017759,P001,Direct,Direct,91-180 days,No Deposit,0,0.2155,Low risk,0.0
SW017772,P001,Offline TA/TO,TA/TO,91-180 days,No Deposit,0,0.4133,Medium risk,0.0
SW017782,P001,Corporate,Corporate,0-7 days,No Deposit,0,0.1284,Low risk,0.0
SW017787,P001,Corporate,Corporate,8-30 days,No Deposit,0,0.2016,Low risk,0.0
SW017791,P001,Corporate,Corporate,8-30 days,No Deposit,0,0.2016,Low risk,0.0
SW017841,P001,Offline TA/TO,TA/TO,181+ days,No Deposit,0,0.3925,Medium risk,0.0
SW017843,P001,Offline TA/TO,TA/TO,181+ days,No Deposit,0,0.3925,Medium risk,0.0
SW017893,P001,Online TA,TA/TO,0-7 days,No Deposit,0,0.1255,Low risk,0.0
SW017896,P001,Online TA,TA/TO,31-90 days,No Deposit,0,0.285,Medium risk,0.0
SW017928,P001,Online TA,TA/TO,0-7 days,No Deposit,0,0.1255,Low risk,0.0
SW017962,P001,Offline TA/TO,TA/TO,91-180 days,No Deposit,0,0.4133,Medium risk,0.0
SW017974,P001,Direct,Direct,0-7 days,No Deposit,0,0.3332,Medium risk,0.0
SW017985,P001,Corporate,Corporate,0-7 days,No Deposit,0,0.1284,Low risk,0.0
SW017988,P001,Corporate,Corporate,0-7 days,No Deposit,0,0.1284,Low risk,0.0
SW017993,P001,Corporate,Corporate,0-7 days,No Deposit,0,0.385,Medium risk,0.0
SW018019,P001,Offline TA/TO,TA/TO,0-7 days,No Deposit,0,0.1834,Low risk,0.0
SW018022,P001,Corporate,Corporate,0-7 days,No Deposit,0,0.1284,Low risk,0.0
SW018031,P001,Online TA,TA/TO,8-30 days,No Deposit,0,0.194,Low risk,0.0
SW018036,P001,Offline TA/TO,TA/TO,31-90 days,No Deposit,0,0.2379,Low risk,0.0
SW018048,P001,Offline TA/TO,TA/TO,8-30 days,No Deposit,0,0.3407,Medium risk,0.0
SW018071,P001,Online TA,TA/TO,0-7 days,No Deposit,0,0.1586,Low risk,0.0
SW018099,P001,Offline TA/TO,TA/TO,8-30 days,No Deposit,0,0.2401,Low risk,0.0
SW018132,P001,Online TA,TA/TO,31-90 days,No Deposit,0,0.285,Medium risk,0.0
SW018137,P001,Direct,Direct,8-30 days,No Deposit,0,0.1076,Low risk,0.0
SW018141,P001,Online TA,TA/TO,0-7 days,No Deposit,0,0.1586,Low risk,0.0
SW018192,P001,Corporate,Corporate,31-90 days,No Deposit,0,0.185,Low risk,0.0
SW018199,P001,Direct,Direct,91-180 days,No Deposit,0,0.1411,Low risk,0.0
SW018203,P001,Corporate,Corporate,31-90 days,No Deposit,0,0.185,Low risk,0.0
SW018243,P001,Corporate,Corporate,31-90 days,No Deposit,0,0.185,Low risk,0.0
SW018250,P001,Corporate,Corporate,31-90 days,No Deposit,0,0.185,Low risk,0.0
SW018290,P001,Direct,Direct,0-7 days,No Deposit,0,0.1052,Low risk,0.0
SW018302,P001,Offline TA/TO,TA/TO,0-7 days,No Deposit,0,0.1556,Low risk,0.0
SW018321,P001,Online TA,TA/TO,0-7 days,No Deposit,0,0.2396,Low risk,0.0
SW018322,P001,Online TA,TA/TO,91-180 days,No Deposit,1,0.7579,High risk,92.8
SW018328,P001,Groups,TA/TO,31-90 days,No Deposit,0,0.4243,Medium risk,0.0
SW018344,P001,Groups,TA/TO,31-90 days,No Deposit,1,0.758,High risk,132.0
SW018345,P001,Groups,TA/TO,31-90 days,No Deposit,1,0.758,High risk,132.0
SW018352,P001,Groups,TA/TO,31-90 days,No Deposit,1,0.758,High risk,172.0
SW018368,P001,Corporate,Corporate,0-7 days,No Deposit,0,0.1284,Low risk,0.0
SW018374,P001,Complementary,TA/TO,0-7 days,No Deposit,0,0.0995,Low risk,0.0
SW018389,P001,Direct,Direct,0-7 days,No Deposit,1,0.1052,Low risk,38.0
SW018431,P001,Corporate,Corporate,0-7 days,No Deposit,0,0.0989,Low risk,0.0
SW018450,P001,Direct,Direct,0-7 days,No Deposit,0,0.1052,Low risk,0.0
SW018466,P001,Direct,Direct,0-7 days,No Deposit,0,0.1052,Low risk,0.0
SW018529,P001,Offline TA/TO,TA/TO,31-90 days,No Deposit,0,0.3842,Medium risk,0.0
SW018538,P001,Corporate,Corporate,8-30 days,No Deposit,0,0.5176,High risk,0.0
SW018570,P001,Offline TA/TO,TA/TO,8-30 days,No Deposit,0,0.3407,Medium risk,0.0
SW018596,P001,Offline TA/TO,TA/TO,181+ days,No Deposit,1,0.733,High risk,603.0
SW018635,P001,Online TA,TA/TO,0-7 days,No Deposit,0,0.1615,Low risk,0.0
SW018644,P001,Online TA,TA/TO,8-30 days,No Deposit,0,0.3507,Medium risk,0.0
SW018662,P001,Corporate,Corporate,0-7 days,No Deposit,0,0.1284,Low risk,0.0
SW018715,P001,Online TA,TA/TO,8-30 days,No Deposit,1,0.5839,High risk,68.0
SW018725,P001,Direct,Direct,0-7 days,No Deposit,0,0.1052,Low risk,0.0
SW018727,P001,Groups,Corporate,8-30 days,No Deposit,0,0.2955,Medium risk,0.0
SW018759,P001,Corporate,Direct,8-30 days,No Deposit,0,0.1426,Low risk,0.0
SW018777,P001,Complementary,Direct,8-30 days,No Deposit,0,0.1031,Low risk,0.0
SW018778,P001,Corporate,Direct,8-30 days,No Deposit,0,0.1201,Low risk,0.0
SW018819,P001,Offline TA/TO,TA/TO,0-7 days,No Deposit,0,0.2316,Low risk,0.0
SW018831,P001,Online TA,TA/TO,0-7 days,No Deposit,0,0.2396,Low risk,0.0
SW018895,P001,Corporate,Corporate,0-7 days,No Deposit,0,0.1284,Low risk,0.0
SW018900,P001,Direct,Direct,0-7 days,No Deposit,0,0.1052,Low risk,0.0
SW018910,P001,Online TA,TA/TO,0-7 days,No Deposit,0,0.2396,Low risk,0.0
SW018921,P001,Groups,Corporate,8-30 days,No Deposit,0,0.2955,Medium risk,0.0
SW018959,P001,Complementary,Direct,8-30 days,No Deposit,0,0.1612,Low risk,0.0
SW018965,P001,Online TA,TA/TO,0-7 days,No Deposit,0,0.1586,Low risk,0.0
SW019081,P001,Groups,TA/TO,8-30 days,No Deposit,0,0.3791,Medium risk,0.0
SW019127,P001,Online TA,TA/TO,0-7 days,No Deposit,0,0.2396,Low risk,0.0
SW019128,P001,Groups,TA/TO,8-30 days,No Deposit,0,0.3791,Medium risk,0.0
SW019143,P001,Corporate,Corporate,0-7 days,No Deposit,0,0.1284,Low risk,0.0
SW019169,P001,Online TA,TA/TO,8-30 days,No Deposit,0,0.2482,Low risk,0.0
SW019195,P001,Groups,TA/TO,91-180 days,Non Refund,1,0.9818,High risk,35.55
SW019199,P001,Groups,TA/TO,91-180 days,Non Refund,1,0.9818,High risk,35.55
SW019314,P001,Online TA,TA/TO,0-7 days,No Deposit,0,0.2396,Low risk,0.0
SW019341,P001,Offline TA/TO,TA/TO,0-7 days,No Deposit,0,0.2316,Low risk,0.0
SW019343,P001,Corporate,TA/TO,0-7 days,No Deposit,0,0.1765,Low risk,0.0
SW019359,P001,Corporate,Corporate,0-7 days,No Deposit,0,0.1284,Low risk,0.0
SW019370,P001,Online TA,TA/TO,8-30 days,No Deposit,0,0.3507,Medium risk,0.0
SW019411,P001,Online TA,TA/TO,0-7 days,No Deposit,0,0.1615,Low risk,0.0
SW019443,P001,Online TA,TA/TO,8-30 days,No Deposit,0,0.2442,Low risk,0.0
SW019477,P001,Offline TA/TO,TA/TO,31-90 days,No Deposit,0,0.2213,Low risk,0.0
SW019517,P001,Direct,Direct,0-7 days,No Deposit,0,0.1052,Low risk,0.0
SW019522,P001,Direct,Direct,181+ days,No Deposit,0,0.1309,Low risk,0.0
SW019529,P001,Online TA,TA/TO,91-180 days,No Deposit,0,0.3104,Medium risk,0.0
SW019537,P001,Online TA,TA/TO,91-180 days,No Deposit,0,0.3058,Medium risk,0.0
SW019556,P001,Online TA,TA/TO,0-7 days,No Deposit,0,0.1586,Low risk,0.0
SW019559,P001,Direct,Direct,0-7 days,No Deposit,0,0.1052,Low risk,0.0
SW019598,P001,Offline TA/TO,TA/TO,91-180 days,No Deposit,0,0.4133,Medium risk,0.0
SW019642,P001,Online TA,TA/TO,91-180 days,No Deposit,0,0.3104,Medium risk,0.0
SW019672,P001,Online TA,Direct,0-7 days,No Deposit,0,0.1606,Low risk,0.0
SW019710,P001,Direct,Direct,31-90 days,No Deposit,0,0.1956,Low risk,0.0
SW019736,P001,Online TA,Direct,0-7 days,No Deposit,0,0.1047,Low risk,0.0
SW019759,P001,Groups,Direct,91-180 days,No Deposit,0,0.3357,Medium risk,0.0
SW019770,P001,Online TA,TA/TO,0-7 days,No Deposit,0,0.1615,Low risk,0.0
SW019774,P001,Offline TA/TO,TA/TO,31-90 days,No Deposit,0,0.2761,Medium risk,0.0
SW019787,P001,Direct,Direct,31-90 days,No Deposit,0,0.1294,Low risk,0.0
SW019796,P001,Offline TA/TO,TA/TO,0-7 days,No Deposit,0,0.1556,Low risk,0.0
SW019841,P001,Online TA,TA/TO,0-7 days,No Deposit,0,0.1355,Low risk,0.0
SW019849,P001,Direct,Direct,0-7 days,No Deposit,0,0.1052,Low risk,0.0
SW019888,P001,Groups,Corporate,0-7 days,No Deposit,0,0.1965,Low risk,0.0
SW019937,P001,Online TA,TA/TO,0-7 days,No Deposit,0,0.1586,Low risk,0.0
SW019974,P001,Corporate,Corporate,8-30 days,No Deposit,0,0.2016,Low risk,0.0
SW019977,P001,Corporate,Corporate,31-90 days,No Deposit,0,0.185,Low risk,0.0
SW020007,P001,Direct,Direct,0-7 days,No Deposit,0,0.1052,Low risk,0.0
SW020013,P001,Direct,Direct,0-7 days,No Deposit,0,0.067,Low risk,0.0
SW020029,P001,Online TA,TA/TO,8-30 days,No Deposit,0,0.3507,Medium risk,0.0
SW020033,P001,Online TA,TA/TO,0-7 days,No Deposit,0,0.1615,Low risk,0.0
SW020034,P001,Online TA,TA/TO,8-30 days,No Deposit,0,0.2442,Low risk,0.0
SW020037,P001,Corporate,Corporate,8-30 days,No Deposit,1,0.5176,High risk,79.0
SW020053,P001,Offline TA/TO,TA/TO,0-7 days,No Deposit,0,0.2316,Low risk,0.0
SW020057,P001,Online TA,TA/TO,8-30 days,No Deposit,0,0.3507,Medium risk,0.0
SW020079,P001,Online TA,TA/TO,0-7 days,No Deposit,0,0.1615,Low risk,0.0
SW020112,P001,Complementary,Direct,0-7 days,No Deposit,0,0.0629,Low risk,0.0
SW020182,P001,Direct,TA/TO,0-7 days,No Deposit,0,0.1058,Low risk,0.0
SW020204,P001,Direct,Direct,0-7 days,No Deposit,0,0.1052,Low risk,0.0
SW020211,P001,Online TA,TA/TO,8-30 days,No Deposit,0,0.2482,Low risk,0.0
SW020215,P001,Online TA,TA/TO,0-7 days,No Deposit,0,0.1615,Low risk,0.0
SW020219,P001,Direct,Direct,0-7 days,No Deposit,0,0.1052,Low risk,0.0
SW020222,P001,Online TA,TA/TO,31-90 days,No Deposit,0,0.2806,Medium risk,0.0
SW020233,P001,Complementary,Direct,0-7 days,No Deposit,0,0.1008,Low risk,0.0
SW020254,P001,Direct,Direct,0-7 days,No Deposit,0,0.1052,Low risk,0.0
SW020258,P001,Corporate,Corporate,0-7 days,No Deposit,0,0.0989,Low risk,0.0
SW020281,P001,Online TA,TA/TO,8-30 days,No Deposit,0,0.2482,Low risk,0.0
SW020290,P001,Offline TA/TO,TA/TO,0-7 days,No Deposit,0,0.1834,Low risk,0.0
SW020309,P001,Offline TA/TO,TA/TO,0-7 days,No Deposit,0,0.1207,Low risk,0.0
SW020333,P001,Online TA,TA/TO,8-30 days,No Deposit,0,0.3507,Medium risk,0.0
SW020366,P001,Direct,Direct,0-7 days,No Deposit,0,0.067,Low risk,0.0
SW020370,P001,Direct,Direct,0-7 days,No Deposit,0,0.1052,Low risk,0.0
SW020375,P001,Corporate,Corporate,0-7 days,No Deposit,0,0.1284,Low risk,0.0
SW020380,P001,Online TA,TA/TO,0-7 days,No Deposit,0,0.2396,Low risk,0.0
SW020393,P001,Online TA,TA/TO,0-7 days,No Deposit,0,0.2396,Low risk,0.0
SW020518,P001,Direct,Direct,0-7 days,No Deposit,0,0.1052,Low risk,0.0
SW020586,P001,Online TA,TA/TO,0-7 days,No Deposit,0,0.1615,Low risk,0.0
SW020619,P001,Corporate,Corporate,8-30 days,No Deposit,0,0.2016,Low risk,0.0
SW020632,P001,Corporate,Corporate,0-7 days,No Deposit,0,0.1284,Low risk,0.0
SW020633,P001,Corporate,Corporate,0-7 days,No Deposit,0,0.1284,Low risk,0.0
SW020636,P001,Online TA,TA/TO,8-30 days,No Deposit,0,0.2482,Low risk,0.0
SW020645,P001,Online TA,TA/TO,8-30 days,No Deposit,0,0.2442,Low risk,0.0
SW020659,P001,Online TA,TA/TO,0-7 days,No Deposit,0,0.2396,Low risk,0.0
SW020677,P001,Offline TA/TO,TA/TO,0-7 days,No Deposit,0,0.1556,Low risk,0.0
SW020702,P001,Online TA,TA/TO,8-30 days,No Deposit,0,0.2482,Low risk,0.0
SW020707,P001,Online TA,TA/TO,8-30 days,No Deposit,0,0.2442,Low risk,0.0
SW020708,P001,Online TA,TA/TO,8-30 days,No Deposit,0,0.1385,Low risk,0.0
SW020720,P001,Direct,Direct,0-7 days,No Deposit,0,0.0657,Low risk,0.0
SW020731,P001,Groups,Direct,31-90 days,No Deposit,0,0.3092,Medium risk,0.0
SW020759,P001,Online TA,TA/TO,8-30 days,No Deposit,0,0.2442,Low risk,0.0
SW020808,P001,Offline TA/TO,TA/TO,8-30 days,No Deposit,0,0.3407,Medium risk,0.0
SW020838,P001,Direct,Direct,31-90 days,No Deposit,0,0.127,Low risk,0.0
SW020862,P001,Direct,Direct,31-90 days,No Deposit,0,0.1956,Low risk,0.0
SW020867,P001,Direct,Direct,0-7 days,No Deposit,0,0.0805,Low risk,0.0
SW020886,P001,Direct,Direct,0-7 days,No Deposit,0,0.1052,Low risk,0.0
SW020927,P001,Online TA,TA/TO,8-30 days,No Deposit,0,0.3507,Medium risk,0.0
SW020933,P001,Offline TA/TO,TA/TO,8-30 days,No Deposit,0,0.3407,Medium risk,0.0
SW020935,P001,Direct,Direct,0-7 days,No Deposit,0,0.1052,Low risk,0.0
SW020970,P001,Direct,Direct,8-30 days,No Deposit,0,0.1677,Low risk,0.0
SW020990,P001,Online TA,TA/TO,31-90 days,No Deposit,0,0.3947,Medium risk,0.0
SW021013,P001,Offline TA/TO,TA/TO,8-30 days,No Deposit,0,0.3407,Medium risk,0.0
SW021080,P001,Corporate,Corporate,8-30 days,No Deposit,0,0.2016,Low risk,0.0
SW021175,P001,Corporate,Corporate,0-7 days,No Deposit,0,0.0989,Low risk,0.0
SW021179,P001,Online TA,TA/TO,8-30 days,No Deposit,0,0.2482,Low risk,0.0
SW021230,P001,Online TA,TA/TO,31-90 days,No Deposit,0,0.285,Medium risk,0.0
SW021242,P001,Online TA,TA/TO,8-30 days,No Deposit,0,0.2442,Low risk,0.0
SW021267,P001,Direct,Direct,0-7 days,No Deposit,0,0.1052,Low risk,0.0
SW021293,P001,Online TA,TA/TO,0-7 days,No Deposit,0,0.1615,Low risk,0.0
SW021299,P001,Offline TA/TO,TA/TO,0-7 days,No Deposit,0,0.2316,Low risk,0.0
SW021300,P001,Offline TA/TO,TA/TO,8-30 days,No Deposit,0,0.2401,Low risk,0.0
SW021320,P001,Online TA,TA/TO,31-90 days,No Deposit,0,0.3947,Medium risk,0.0
SW021418,P001,Offline TA/TO,TA/TO,8-30 days,No Deposit,0,0.3407,Medium risk,0.0
SW021466,P001,Online TA,TA/TO,0-7 days,No Deposit,0,0.1586,Low risk,0.0
SW021474,P001,Online TA,TA/TO,8-30 days,No Deposit,0,0.2482,Low risk,0.0
SW021512,P001,Direct,Direct,0-7 days,No Deposit,0,0.1052,Low risk,0.0
SW021543,P001,Online TA,TA/TO,0-7 days,No Deposit,0,0.1615,Low risk,0.0
SW021545,P001,Online TA,TA/TO,8-30 days,No Deposit,0,0.2482,Low risk,0.0
SW021567,P001,Offline TA/TO,TA/TO,91-180 days,No Deposit,0,0.4133,Medium risk,0.0
SW021568,P001,Online TA,TA/TO,8-30 days,No Deposit,0,0.3507,Medium risk,0.0
SW021580,P001,Offline TA/TO,TA/TO,31-90 days,No Deposit,0,0.2761,Medium risk,0.0
SW021582,P001,Offline TA/TO,TA/TO,91-180 days,No Deposit,0,0.301,Medium risk,0.0
SW021633,P001,Online TA,TA/TO,31-90 days,No Deposit,0,0.2806,Medium risk,0.0
SW021644,P001,Groups,Direct,0-7 days,No Deposit,0,0.1778,Low risk,0.0
SW021696,P001,Direct,Direct,0-7 days,No Deposit,0,0.1052,Low risk,0.0
SW021698,P001,Direct,Direct,0-7 days,No Deposit,0,0.1052,Low risk,0.0
SW021748,P001,Offline TA/TO,TA/TO,0-7 days,No Deposit,0,0.2316,Low risk,0.0
SW021756,P001,Offline TA/TO,TA/TO,0-7 days,No Deposit,0,0.1556,Low risk,0.0
SW021799,P001,Direct,Direct,8-30 days,No Deposit,0,0.1677,Low risk,0.0
SW021803,P001,Offline TA/TO,TA/TO,31-90 days,No Deposit,0,0.3842,Medium risk,0.0
SW021806,P001,Groups,TA/TO,31-90 days,No Deposit,0,0.4243,Medium risk,0.0
SW021843,P001,Offline TA/TO,TA/TO,31-90 days,No Deposit,0,0.3173,Medium risk,0.0
SW021872,P001,Offline TA/TO,TA/TO,0-7 days,No Deposit,0,0.2316,Low risk,0.0
SW021874,P001,Groups,TA/TO,8-30 days,No Deposit,0,0.3791,Medium risk,0.0
SW021885,P001,Groups,TA/TO,8-30 days,No Deposit,0,0.3791,Medium risk,0.0
SW021917,P001,Direct,Direct,0-7 days,No Deposit,0,0.1052,Low risk,0.0
SW021923,P001,Online TA,TA/TO,8-30 days,No Deposit,0,0.2442,Low risk,0.0
SW021993,P001,Direct,Direct,8-30 days,No Deposit,0,0.1677,Low risk,0.0
SW022038,P001,Corporate,Corporate,8-30 days,No Deposit,0,0.5176,High risk,0.0
SW022048,P001,Direct,Direct,0-7 days,No Deposit,0,0.1052,Low risk,0.0
SW022051,P001,Online TA,TA/TO,0-7 days,No Deposit,0,0.1355,Low risk,0.0
SW022070,P001,Online TA,TA/TO,31-90 days,No Deposit,0,0.285,Medium risk,0.0
SW022104,P001,Direct,Direct,0-7 days,No Deposit,0,0.1052,Low risk,0.0
SW022186,P001,Online TA,TA/TO,181+ days,No Deposit,0,0.3515,Medium risk,0.0
SW022217,P001,Offline TA/TO,TA/TO,8-30 days,No Deposit,0,0.3407,Medium risk,0.0
SW022228,P001,Offline TA/TO,TA/TO,31-90 days,No Deposit,0,0.3173,Medium risk,0.0
SW022242,P001,Offline TA/TO,TA/TO,91-180 days,No Deposit,0,0.4133,Medium risk,0.0
SW022281,P001,Online TA,TA/TO,0-7 days,No Deposit,0,0.2396,Low risk,0.0
SW022350,P001,Online TA,TA/TO,8-30 days,No Deposit,0,0.2482,Low risk,0.0
SW022432,P001,Online TA,TA/TO,91-180 days,No Deposit,0,0.3058,Medium risk,0.0
SW022440,P001,Online TA,TA/TO,0-7 days,No Deposit,0,0.1586,Low risk,0.0
SW022464,P001,Offline TA/TO,TA/TO,0-7 days,No Deposit,0,0.1834,Low risk,0.0
SW022528,P001,Online TA,TA/TO,0-7 days,No Deposit,0,0.1615,Low risk,0.0
SW022614,P001,Online TA,TA/TO,8-30 days,No Deposit,0,0.2482,Low risk,0.0
SW022618,P001,Online TA,TA/TO,0-7 days,No Deposit,0,0.1901,Low risk,0.0
SW022631,P001,Online TA,TA/TO,8-30 days,No Deposit,0,0.2482,Low risk,0.0
SW022646,P001,Online TA,TA/TO,0-7 days,No Deposit,0,0.1615,Low risk,0.0
SW022700,P001,Groups,Direct,91-180 days,Refundable,0,0.3175,Medium risk,0.0
SW022707,P001,Online TA,TA/TO,0-7 days,No Deposit,0,0.1615,Low risk,0.0
SW022741,P001,Online TA,TA/TO,8-30 days,No Deposit,0,0.3507,Medium risk,0.0
SW022783,P001,Online TA,TA/TO,0-7 days,No Deposit,0,0.2396,Low risk,0.0
SW022811,P001,Direct,Direct,0-7 days,No Deposit,0,0.1052,Low risk,0.0
SW022819,P001,Online TA,TA/TO,0-7 days,No Deposit,0,0.2396,Low risk,0.0
SW022839,P001,Direct,Direct,0-7 days,No Deposit,0,0.1052,Low risk,0.0
SW022866,P001,Online TA,TA/TO,0-7 days,No Deposit,0,0.2396,Low risk,0.0
SW022872,P001,Offline TA/TO,TA/TO,8-30 days,No Deposit,0,0.2401,Low risk,0.0
SW022947,P001,Offline TA/TO,TA/TO,31-90 days,No Deposit,0,0.2718,Medium risk,0.0
SW022950,P001,Corporate,Direct,31-90 days,No Deposit,0,0.1672,Low risk,0.0
SW022956,P001,Direct,TA/TO,0-7 days,No Deposit,0,0.1058,Low risk,0.0
SW022963,P001,Offline TA/TO,TA/TO,31-90 days,No Deposit,0,0.3842,Medium risk,0.0
SW023003,P001,Offline TA/TO,TA/TO,31-90 days,No Deposit,0,0.2213,Low risk,0.0
SW023022,P001,Offline TA/TO,TA/TO,91-180 days,No Deposit,0,0.4133,Medium risk,0.0
SW023023,P001,Direct,Direct,8-30 days,No Deposit,0,0.1097,Low risk,0.0
SW023029,P001,Offline TA/TO,TA/TO,8-30 days,No Deposit,0,0.3407,Medium risk,0.0
SW023041,P001,Corporate,Corporate,8-30 days,No Deposit,0,0.2016,Low risk,0.0
SW023054,P001,Direct,Direct,8-30 days,No Deposit,0,0.1677,Low risk,0.0
SW023087,P001,Online TA,TA/TO,31-90 days,No Deposit,0,0.3947,Medium risk,0.0
SW023207,P001,Online TA,TA/TO,8-30 days,No Deposit,0,0.2442,Low risk,0.0
SW023219,P001,Online TA,TA/TO,31-90 days,No Deposit,0,0.285,Medium risk,0.0
SW023284,P001,Online TA,TA/TO,8-30 days,No Deposit,0,0.3507,Medium risk,0.0
SW023393,P001,Offline TA/TO,TA/TO,31-90 days,No Deposit,0,0.2761,Medium risk,0.0
SW023406,P001,Direct,Direct,31-90 days,No Deposit,0,0.1956,Low risk,0.0
SW023417,P001,Online TA,TA/TO,8-30 days,No Deposit,0,0.2482,Low risk,0.0
SW023457,P001,Offline TA/TO,TA/TO,91-180 days,No Deposit,0,0.301,Medium risk,0.0
SW023497,P001,Direct,Direct,31-90 days,No Deposit,0,0.1956,Low risk,0.0
SW023508,P001,Corporate,Corporate,0-7 days,No Deposit,0,0.1284,Low risk,0.0
SW023509,P001,Corporate,Corporate,0-7 days,No Deposit,0,0.1284,Low risk,0.0
SW023510,P001,Online TA,TA/TO,91-180 days,No Deposit,0,0.3104,Medium risk,0.0
SW023520,P001,Online TA,TA/TO,91-180 days,No Deposit,0,0.3104,Medium risk,0.0
SW023584,P001,Corporate,Corporate,8-30 days,No Deposit,0,0.1583,Low risk,0.0
SW023591,P001,Direct,Direct,0-7 days,No Deposit,0,0.1052,Low risk,0.0
SW023601,P001,Direct,Direct,0-7 days,No Deposit,0,0.1052,Low risk,0.0
SW023628,P001,Groups,Direct,8-30 days,No Deposit,0,0.2705,Medium risk,0.0
SW023648,P001,Online TA,TA/TO,31-90 days,No Deposit,0,0.285,Medium risk,0.0
SW023653,P001,Complementary,Direct,0-7 days,No Deposit,0,0.0629,Low risk,0.0
SW023704,P001,Groups,TA/TO,181+ days,No Deposit,0,0.506,High risk,0.0
SW023778,P001,Online TA,TA/TO,8-30 days,No Deposit,0,0.3507,Medium risk,0.0
SW023789,P001,Corporate,Corporate,0-7 days,No Deposit,1,0.385,Medium risk,35.0
SW023820,P001,Corporate,Corporate,8-30 days,No Deposit,0,0.2016,Low risk,0.0
SW023835,P001,Corporate,Corporate,8-30 days,No Deposit,0,0.2016,Low risk,0.0
SW023851,P001,Online TA,TA/TO,91-180 days,No Deposit,0,0.3058,Medium risk,0.0
SW023892,P001,Offline TA/TO,TA/TO,91-180 days,No Deposit,0,0.4133,Medium risk,0.0
SW023993,P001,Offline TA/TO,TA/TO,0-7 days,No Deposit,0,0.1207,Low risk,0.0
SW024051,P001,Offline TA/TO,TA/TO,91-180 days,No Deposit,0,0.4133,Medium risk,0.0
SW024102,P001,Direct,Direct,0-7 days,No Deposit,0,0.1052,Low risk,0.0
SW024124,P001,Direct,Direct,8-30 days,No Deposit,0,0.1305,Low risk,0.0
SW024165,P001,Groups,TA/TO,8-30 days,No Deposit,0,0.3791,Medium risk,0.0
SW024177,P001,Groups,TA/TO,181+ days,No Deposit,0,0.506,High risk,0.0
SW024220,P001,Online TA,TA/TO,31-90 days,No Deposit,0,0.285,Medium risk,0.0
SW024268,P001,Groups,TA/TO,181+ days,No Deposit,0,0.506,High risk,0.0
SW024346,P001,Online TA,TA/TO,91-180 days,No Deposit,0,0.3104,Medium risk,0.0
SW024348,P001,Online TA,TA/TO,91-180 days,No Deposit,0,0.3058,Medium risk,0.0
SW024357,P001,Groups,TA/TO,31-90 days,No Deposit,0,0.4243,Medium risk,0.0
SW024386,P001,Online TA,TA/TO,91-180 days,No Deposit,0,0.3058,Medium risk,0.0
SW024406,P001,Online TA,TA/TO,31-90 days,No Deposit,0,0.285,Medium risk,0.0
SW024421,P001,Online TA,TA/TO,0-7 days,No Deposit,0,0.2396,Low risk,0.0
SW024431,P001,Online TA,TA/TO,0-7 days,No Deposit,0,0.1615,Low risk,0.0
SW024487,P001,Online TA,TA/TO,91-180 days,No Deposit,0,0.3104,Medium risk,0.0
SW024506,P001,Corporate,Corporate,0-7 days,No Deposit,0,0.1284,Low risk,0.0
SW024524,P001,Corporate,Corporate,0-7 days,No Deposit,0,0.1284,Low risk,0.0
SW024552,P001,Online TA,TA/TO,31-90 days,No Deposit,0,0.3947,Medium risk,0.0
SW024562,P001,Online TA,TA/TO,91-180 days,No Deposit,0,0.3104,Medium risk,0.0
SW024587,P001,Online TA,TA/TO,91-180 days,No Deposit,0,0.3104,Medium risk,0.0
SW024663,P001,Direct,Direct,91-180 days,No Deposit,0,0.2155,Low risk,0.0
SW024673,P001,Direct,Direct,91-180 days,No Deposit,0,0.2155,Low risk,0.0
SW024705,P001,Direct,Direct,0-7 days,No Deposit,0,0.1052,Low risk,0.0
SW024727,P001,Online TA,TA/TO,91-180 days,No Deposit,1,0.7579,High risk,232.0
SW024728,P001,Direct,Direct,0-7 days,No Deposit,0,0.1052,Low risk,0.0
SW024879,P001,Offline TA/TO,TA/TO,91-180 days,No Deposit,0,0.4133,Medium risk,0.0
SW024882,P001,Offline TA/TO,TA/TO,91-180 days,No Deposit,0,0.2965,Medium risk,0.0
SW024891,P001,Online TA,TA/TO,181+ days,No Deposit,0,0.4754,High risk,0.0
SW024907,P001,Offline TA/TO,TA/TO,91-180 days,No Deposit,0,0.3708,Medium risk,0.0
SW024915,P001,Offline TA/TO,TA/TO,91-180 days,No Deposit,0,0.2648,Medium risk,0.0
SW024921,P001,Offline TA/TO,TA/TO,31-90 days,No Deposit,0,0.3429,Medium risk,0.0
SW024932,P001,Corporate,Corporate,31-90 days,No Deposit,0,0.2336,Low risk,0.0
SW024958,P001,Offline TA/TO,TA/TO,91-180 days,No Deposit,0,0.3708,Medium risk,0.0
SW024967,P001,Online TA,TA/TO,8-30 days,No Deposit,0,0.2442,Low risk,0.0
SW024984,P001,Online TA,TA/TO,8-30 days,No Deposit,0,0.2482,Low risk,0.0
SW025007,P001,Direct,Direct,91-180 days,No Deposit,0,0.1411,Low risk,0.0
SW025043,P001,Online TA,TA/TO,31-90 days,No Deposit,0,0.285,Medium risk,0.0
SW025049,P001,Offline TA/TO,TA/TO,91-180 days,No Deposit,0,0.2648,Medium risk,0.0
SW025106,P001,Direct,Direct,91-180 days,No Deposit,0,0.1699,Low risk,0.0
SW025113,P001,Online TA,TA/TO,8-30 days,No Deposit,0,0.2482,Low risk,0.0
SW025145,P001,Corporate,Corporate,8-30 days,No Deposit,0,0.2016,Low risk,0.0
SW025157,P001,Direct,Direct,91-180 days,No Deposit,0,0.2155,Low risk,0.0
SW025167,P001,Direct,Direct,91-180 days,No Deposit,0,0.1438,Low risk,0.0
SW025201,P001,Offline TA/TO,TA/TO,91-180 days,No Deposit,0,0.2965,Medium risk,0.0
SW025204,P001,Offline TA/TO,TA/TO,91-180 days,No Deposit,0,0.2607,Medium risk,0.0
SW025243,P001,Offline TA/TO,TA/TO,181+ days,No Deposit,0,0.4644,High risk,0.0
SW025273,P001,Online TA,TA/TO,91-180 days,No Deposit,0,0.3104,Medium risk,0.0
SW025314,P001,Corporate,Corporate,0-7 days,No Deposit,0,0.1284,Low risk,0.0
SW025319,P001,Online TA,TA/TO,0-7 days,No Deposit,0,0.2396,Low risk,0.0
SW025416,P001,Online TA,TA/TO,91-180 days,No Deposit,0,0.4241,Medium risk,0.0
SW025431,P001,Online TA,TA/TO,181+ days,No Deposit,0,0.2877,Medium risk,0.0
SW025444,P001,Online TA,TA/TO,91-180 days,No Deposit,0,0.3058,Medium risk,0.0
SW025486,P001,Offline TA/TO,TA/TO,91-180 days,No Deposit,0,0.2648,Medium risk,0.0
SW025514,P001,Offline TA/TO,TA/TO,91-180 days,No Deposit,0,0.2429,Low risk,0.0
SW025576,P001,Offline TA/TO,TA/TO,91-180 days,No Deposit,0,0.2648,Medium risk,0.0
SW025615,P001,Online TA,TA/TO,31-90 days,No Deposit,0,0.285,Medium risk,0.0
SW025631,P001,Offline TA/TO,TA/TO,181+ days,No Deposit,0,0.4644,High risk,0.0
SW025716,P001,Direct,Direct,0-7 days,No Deposit,0,0.067,Low risk,0.0
SW025730,P001,Offline TA/TO,TA/TO,31-90 days,No Deposit,0,0.2213,Low risk,0.0
SW025826,P001,Offline TA/TO,TA/TO,91-180 days,No Deposit,0,0.4133,Medium risk,0.0
SW025831,P001,Offline TA/TO,TA/TO,91-180 days,No Deposit,0,0.3708,Medium risk,0.0
SW025857,P001,Direct,Direct,8-30 days,No Deposit,0,0.1677,Low risk,0.0
SW025864,P001,Online TA,TA/TO,91-180 days,No Deposit,0,0.3104,Medium risk,0.0
SW025929,P001,Offline TA/TO,TA/TO,91-180 days,No Deposit,0,0.301,Medium risk,0.0
SW025996,P001,Online TA,TA/TO,0-7 days,No Deposit,0,0.1615,Low risk,0.0
SW026063,P001,Offline TA/TO,TA/TO,91-180 days,No Deposit,0,0.301,Medium risk,0.0
SW026072,P001,Offline TA/TO,TA/TO,181+ days,No Deposit,0,0.4644,High risk,0.0
SW026091,P001,Offline TA/TO,TA/TO,91-180 days,No Deposit,0,0.3708,Medium risk,0.0
SW026101,P001,Direct,Direct,91-180 days,No Deposit,0,0.2155,Low risk,0.0
SW026112,P001,Online TA,TA/TO,31-90 days,No Deposit,0,0.3947,Medium risk,0.0
SW026131,P001,Online TA,TA/TO,0-7 days,No Deposit,0,0.2396,Low risk,0.0
SW026144,P001,Online TA,TA/TO,0-7 days,No Deposit,0,0.1615,Low risk,0.0
SW026145,P001,Direct,Direct,31-90 days,No Deposit,0,0.1956,Low risk,0.0
SW026159,P001,Direct,Direct,91-180 days,No Deposit,0,0.1411,Low risk,0.0
SW026175,P001,Direct,Direct,181+ days,No Deposit,0,0.1712,Low risk,0.0
SW026189,P001,Online TA,Direct,91-180 days,No Deposit,0,0.211,Low risk,0.0
SW026238,P001,Online TA,TA/TO,31-90 days,No Deposit,0,0.3269,Medium risk,0.0
SW026303,P001,Direct,Direct,8-30 days,No Deposit,0,0.1677,Low risk,0.0
SW026319,P001,Online TA,TA/TO,91-180 days,No Deposit,0,0.3058,Medium risk,0.0
SW026327,P001,Online TA,TA/TO,8-30 days,No Deposit,0,0.3507,Medium risk,0.0
SW026343,P001,Online TA,TA/TO,0-7 days,No Deposit,0,0.1615,Low risk,0.0
SW026366,P001,Offline TA/TO,TA/TO,91-180 days,No Deposit,0,0.239,Low risk,0.0
SW026423,P001,Direct,Direct,8-30 days,No Deposit,0,0.1677,Low risk,0.0
SW026486,P001,Online TA,TA/TO,31-90 days,No Deposit,0,0.3947,Medium risk,0.0
SW026498,P001,Groups,Corporate,31-90 days,No Deposit,0,0.3361,Medium risk,0.0
SW026519,P001,Online TA,TA/TO,0-7 days,No Deposit,0,0.2396,Low risk,0.0
SW026570,P001,Online TA,TA/TO,8-30 days,No Deposit,0,0.2482,Low risk,0.0
SW026625,P001,Offline TA/TO,TA/TO,91-180 days,No Deposit,0,0.4133,Medium risk,0.0
SW026634,P001,Direct,Direct,91-180 days,No Deposit,0,0.2155,Low risk,0.0
SW026652,P001,Online TA,TA/TO,8-30 days,No Deposit,0,0.287,Medium risk,0.0
SW026681,P001,Direct,Direct,181+ days,No Deposit,0,0.1712,Low risk,0.0
SW026686,P001,Online TA,TA/TO,0-7 days,No Deposit,0,0.1615,Low risk,0.0
SW026725,P001,Direct,Direct,91-180 days,No Deposit,0,0.2155,Low risk,0.0
SW026742,P001,Offline TA/TO,TA/TO,91-180 days,No Deposit,0,0.2429,Low risk,0.0
SW026773,P001,Online TA,TA/TO,31-90 days,No Deposit,0,0.285,Medium risk,0.0
SW026795,P001,Online TA,TA/TO,31-90 days,No Deposit,0,0.3947,Medium risk,0.0
SW026806,P001,Offline TA/TO,TA/TO,91-180 days,No Deposit,0,0.301,Medium risk,0.0
SW026896,P001,Online TA,TA/TO,8-30 days,No Deposit,0,0.287,Medium risk,0.0
SW026897,P001,Direct,Direct,31-90 days,No Deposit,0,0.1956,Low risk,0.0
SW026923,P001,Online TA,TA/TO,181+ days,No Deposit,0,0.3564,Medium risk,0.0
SW026929,P001,Online TA,TA/TO,31-90 days,No Deposit,0,0.285,Medium risk,0.0
SW026973,P001,Online TA,TA/TO,181+ days,No Deposit,0,0.4754,High risk,0.0
SW027012,P001,Online TA,TA/TO,181+ days,No Deposit,0,0.3564,Medium risk,0.0
SW027083,P001,Offline TA/TO,TA/TO,181+ days,No Deposit,0,0.4644,High risk,0.0
SW027111,P001,Online TA,TA/TO,8-30 days,No Deposit,0,0.2482,Low risk,0.0
SW027115,P001,Online TA,TA/TO,91-180 days,No Deposit,0,0.3104,Medium risk,0.0
SW027125,P001,Online TA,TA/TO,8-30 days,No Deposit,1,0.2482,Low risk,209.0
SW027153,P001,Online TA,TA/TO,91-180 days,No Deposit,0,0.3104,Medium risk,0.0
SW027169,P001,Offline TA/TO,TA/TO,181+ days,No Deposit,0,0.4644,High risk,0.0
SW027177,P001,Online TA,TA/TO,31-90 days,No Deposit,0,0.285,Medium risk,0.0
SW027216,P001,Direct,Direct,31-90 days,No Deposit,0,0.1294,Low risk,0.0
SW027236,P001,Online TA,TA/TO,181+ days,No Deposit,0,0.3564,Medium risk,0.0
SW027380,P001,Offline TA/TO,TA/TO,181+ days,No Deposit,0,0.3464,Medium risk,0.0
SW027461,P001,Offline TA/TO,TA/TO,181+ days,No Deposit,0,0.4644,High risk,0.0
SW027480,P001,Offline TA/TO,TA/TO,31-90 days,No Deposit,0,0.3842,Medium risk,0.0
SW027510,P001,Online TA,TA/TO,31-90 days,No Deposit,0,0.2806,Medium risk,0.0
SW027536,P001,Online TA,TA/TO,8-30 days,No Deposit,0,0.3507,Medium risk,0.0
SW027550,P001,Direct,Direct,0-7 days,No Deposit,0,0.0805,Low risk,0.0
SW027608,P001,Direct,Direct,0-7 days,No Deposit,0,0.1052,Low risk,0.0
SW027632,P001,Online TA,TA/TO,8-30 days,No Deposit,0,0.2442,Low risk,0.0
SW027654,P001,Offline TA/TO,TA/TO,181+ days,No Deposit,0,0.4644,High risk,0.0
SW027660,P001,Offline TA/TO,TA/TO,181+ days,No Deposit,0,0.3464,Medium risk,0.0
SW027687,P001,Direct,Direct,0-7 days,No Deposit,0,0.0657,Low risk,0.0
SW027711,P001,Direct,Direct,8-30 days,No Deposit,0,0.1076,Low risk,0.0
SW027743,P001,Online TA,TA/TO,181+ days,No Deposit,0,0.3564,Medium risk,0.0
SW027761,P001,Online TA,TA/TO,181+ days,No Deposit,0,0.3564,Medium risk,0.0
SW027763,P001,Direct,Direct,8-30 days,No Deposit,0,0.1097,Low risk,0.0
SW027768,P001,Offline TA/TO,TA/TO,181+ days,No Deposit,0,0.4203,Medium risk,0.0
SW027802,P001,Online TA,TA/TO,0-7 days,No Deposit,0,0.1586,Low risk,0.0
SW027803,P001,Online TA,TA/TO,91-180 days,No Deposit,0,0.2511,Medium risk,0.0
SW027870,P001,Online TA,TA/TO,181+ days,No Deposit,0,0.4754,High risk,0.0
SW027885,P001,Online TA,TA/TO,31-90 days,No Deposit,0,0.2252,Low risk,0.0
SW027926,P001,Offline TA/TO,TA/TO,181+ days,No Deposit,0,0.2831,Medium risk,0.0
SW027939,P001,Online TA,TA/TO,8-30 days,No Deposit,0,0.1974,Low risk,0.0
SW027974,P001,Offline TA/TO,TA/TO,31-90 days,No Deposit,0,0.2761,Medium risk,0.0
SW028011,P001,Online TA,TA/TO,181+ days,No Deposit,0,0.3564,Medium risk,0.0
SW028017,P001,Direct,Direct,0-7 days,No Deposit,0,0.1052,Low risk,0.0
SW028044,P001,Groups,Corporate,8-30 days,No Deposit,0,0.2955,Medium risk,0.0
SW028048,P001,Groups,Direct,181+ days,No Deposit,0,0.3835,Medium risk,0.0
SW028075,P001,Groups,Direct,181+ days,No Deposit,0,0.3835,Medium risk,0.0
SW028081,P001,Online TA,TA/TO,0-7 days,No Deposit,0,0.1231,Low risk,0.0
SW028125,P001,Online TA,TA/TO,0-7 days,No Deposit,0,0.1615,Low risk,0.0
SW028154,P001,Direct,TA/TO,0-7 days,No Deposit,0,0.1058,Low risk,0.0
SW028184,P001,Direct,Direct,91-180 days,No Deposit,0,0.2155,Low risk,0.0
SW028198,P001,Online TA,TA/TO,91-180 days,No Deposit,0,0.3104,Medium risk,0.0
SW028200,P001,Online TA,TA/TO,91-180 days,No Deposit,0,0.3543,Medium risk,0.0
SW028222,P001,Online TA,TA/TO,91-180 days,No Deposit,0,0.3058,Medium risk,0.0
SW028256,P001,Online TA,TA/TO,8-30 days,No Deposit,0,0.2442,Low risk,0.0
SW028267,P001,Online TA,TA/TO,31-90 days,No Deposit,0,0.3947,Medium risk,0.0
SW028278,P001,Groups,TA/TO,181+ days,No Deposit,0,0.506,High risk,0.0
SW028306,P001,Offline TA/TO,TA/TO,181+ days,No Deposit,0,0.4203,Medium risk,0.0
SW028362,P001,Corporate,Corporate,8-30 days,No Deposit,0,0.1583,Low risk,0.0
SW028445,P001,Direct,Direct,8-30 days,No Deposit,0,0.1677,Low risk,0.0
SW028475,P001,Online TA,TA/TO,0-7 days,No Deposit,0,0.1615,Low risk,0.0
SW028478,P001,Direct,Direct,0-7 days,No Deposit,0,0.1052,Low risk,0.0
SW028535,P001,Groups,TA/TO,91-180 days,No Deposit,0,0.4543,High risk,0.0
SW028552,P001,Groups,Corporate,8-30 days,No Deposit,0,0.204,Low risk,0.0
SW028561,P001,Direct,Direct,8-30 days,No Deposit,0,0.1097,Low risk,0.0
SW028570,P001,Offline TA/TO,TA/TO,91-180 days,No Deposit,0,0.4133,Medium risk,0.0
SW028628,P001,Online TA,TA/TO,91-180 days,No Deposit,0,0.3058,Medium risk,0.0
SW028645,P001,Groups,TA/TO,181+ days,No Deposit,0,0.506,High risk,0.0
SW028658,P001,Groups,TA/TO,8-30 days,No Deposit,0,0.2718,Medium risk,0.0
SW028669,P001,Complementary,Direct,91-180 days,No Deposit,0,0.1381,Low risk,0.0
SW028684,P001,Direct,Direct,8-30 days,No Deposit,0,0.1097,Low risk,0.0
SW028706,P001,Online TA,TA/TO,91-180 days,No Deposit,0,0.3104,Medium risk,0.0
SW028722,P001,Direct,Direct,91-180 days,No Deposit,0,0.2155,Low risk,0.0
SW028747,P001,Direct,Corporate,8-30 days,No Deposit,0,0.1856,Low risk,0.0
SW028761,P001,Direct,Corporate,8-30 days,No Deposit,0,0.1856,Low risk,0.0
SW028786,P001,Online TA,TA/TO,0-7 days,No Deposit,0,0.1615,Low risk,0.0
SW028865,P001,Online TA,TA/TO,0-7 days,No Deposit,0,0.2396,Low risk,0.0
SW028894,P001,Online TA,TA/TO,0-7 days,No Deposit,0,0.1615,Low risk,0.0
SW028904,P001,Offline TA/TO,TA/TO,31-90 days,No Deposit,0,0.3842,Medium risk,0.0
SW028906,P001,Direct,Direct,0-7 days,No Deposit,0,0.1052,Low risk,0.0
SW028907,P001,Corporate,Corporate,31-90 days,No Deposit,0,0.185,Low risk,0.0
SW028948,P001,Groups,Corporate,181+ days,No Deposit,0,0.413,Medium risk,0.0
SW028972,P001,Groups,Corporate,181+ days,No Deposit,0,0.413,Medium risk,0.0
SW028973,P001,Online TA,TA/TO,181+ days,No Deposit,0,0.3515,Medium risk,0.0
SW029003,P001,Offline TA/TO,TA/TO,8-30 days,No Deposit,0,0.3407,Medium risk,0.0
SW029016,P001,Groups,TA/TO,31-90 days,No Deposit,0,0.4243,Medium risk,0.0
SW029039,P001,Offline TA/TO,TA/TO,8-30 days,No Deposit,0,0.3407,Medium risk,0.0
SW029042,P001,Groups,Corporate,181+ days,No Deposit,0,0.3007,Medium risk,0.0
SW029046,P001,Direct,Corporate,8-30 days,No Deposit,0,0.094,Low risk,0.0
SW029099,P001,Offline TA/TO,TA/TO,91-180 days,No Deposit,0,0.4133,Medium risk,0.0
SW029103,P001,Offline TA/TO,TA/TO,181+ days,No Deposit,0,0.3071,Medium risk,0.0
SW029155,P001,Groups,TA/TO,91-180 days,No Deposit,0,0.4543,High risk,0.0
SW029189,P001,Online TA,TA/TO,91-180 days,No Deposit,0,0.3104,Medium risk,0.0
SW029220,P001,Groups,Corporate,8-30 days,No Deposit,0,0.204,Low risk,0.0
SW029254,P001,Online TA,TA/TO,91-180 days,No Deposit,0,0.2511,Medium risk,0.0
SW029257,P001,Groups,Corporate,91-180 days,No Deposit,0,0.3637,Medium risk,0.0
SW029390,P001,Offline TA/TO,TA/TO,31-90 days,No Deposit,0,0.3842,Medium risk,0.0
SW029392,P001,Online TA,TA/TO,0-7 days,No Deposit,0,0.2396,Low risk,0.0
SW029393,P001,Offline TA/TO,TA/TO,31-90 days,No Deposit,0,0.3842,Medium risk,0.0
SW029428,P001,Online TA,TA/TO,181+ days,No Deposit,0,0.3515,Medium risk,0.0
SW029431,P001,Online TA,TA/TO,8-30 days,No Deposit,0,0.2442,Low risk,0.0
SW029445,P001,Online TA,TA/TO,0-7 days,No Deposit,0,0.2396,Low risk,0.0
SW029452,P001,Offline TA/TO,TA/TO,8-30 days,No Deposit,0,0.3407,Medium risk,0.0
SW029467,P001,Online TA,TA/TO,181+ days,No Deposit,0,0.3564,Medium risk,0.0
SW029471,P001,Offline TA/TO,TA/TO,181+ days,No Deposit,0,0.3464,Medium risk,0.0
SW029474,P001,Offline TA/TO,TA/TO,31-90 days,No Deposit,0,0.3842,Medium risk,0.0
SW029537,P001,Direct,Direct,8-30 days,No Deposit,0,0.1677,Low risk,0.0
SW029553,P001,Groups,Direct,8-30 days,No Deposit,0,0.2705,Medium risk,0.0
SW029572,P001,Direct,Direct,31-90 days,No Deposit,0,0.0997,Low risk,0.0
SW029580,P001,Online TA,TA/TO,0-7 days,No Deposit,0,0.1615,Low risk,0.0
SW029582,P001,Online TA,TA/TO,31-90 days,No Deposit,0,0.285,Medium risk,0.0
SW029604,P001,Direct,Direct,91-180 days,No Deposit,0,0.1438,Low risk,0.0
SW029644,P001,Direct,Direct,0-7 days,No Deposit,0,0.1052,Low risk,0.0
SW029648,P001,Online TA,TA/TO,31-90 days,No Deposit,0,0.285,Medium risk,0.0
SW029694,P001,Corporate,Corporate,8-30 days,No Deposit,0,0.1337,Low risk,0.0
SW029817,P001,Direct,Direct,0-7 days,No Deposit,0,0.1052,Low risk,0.0
SW029818,P001,Online TA,TA/TO,8-30 days,No Deposit,0,0.2482,Low risk,0.0
SW029825,P001,Online TA,TA/TO,8-30 days,No Deposit,0,0.2442,Low risk,0.0
SW029832,P001,Offline TA/TO,TA/TO,31-90 days,No Deposit,0,0.3842,Medium risk,0.0
SW029872,P001,Corporate,Corporate,0-7 days,No Deposit,0,0.1284,Low risk,0.0
SW029903,P001,Online TA,TA/TO,31-90 days,No Deposit,0,0.285,Medium risk,0.0
SW029938,P001,Offline TA/TO,TA/TO,8-30 days,No Deposit,0,0.3407,Medium risk,0.0
SW029950,P001,Direct,TA/TO,8-30 days,No Deposit,0,0.0899,Low risk,0.0
SW030006,P001,Online TA,TA/TO,8-30 days,No Deposit,0,0.2482,Low risk,0.0
SW030008,P001,Direct,Direct,0-7 days,No Deposit,0,0.1052,Low risk,0.0
SW030009,P001,Offline TA/TO,TA/TO,31-90 days,No Deposit,0,0.3842,Medium risk,0.0
SW030022,P001,Online TA,TA/TO,31-90 days,No Deposit,0,0.285,Medium risk,0.0
SW030103,P001,Online TA,TA/TO,8-30 days,No Deposit,0,0.3507,Medium risk,0.0
SW030116,P001,Online TA,TA/TO,0-7 days,No Deposit,0,0.1586,Low risk,0.0
SW030150,P001,Offline TA/TO,TA/TO,181+ days,No Deposit,0,0.4203,Medium risk,0.0
SW030162,P001,Online TA,TA/TO,0-7 days,No Deposit,0,0.1586,Low risk,0.0
SW030163,P001,Online TA,TA/TO,31-90 days,No Deposit,0,0.285,Medium risk,0.0
SW030218,P001,Online TA,TA/TO,8-30 days,No Deposit,0,0.3507,Medium risk,0.0
SW030312,P001,Online TA,TA/TO,8-30 days,No Deposit,0,0.2482,Low risk,0.0
SW030335,P001,Online TA,TA/TO,0-7 days,No Deposit,0,0.2396,Low risk,0.0
SW030340,P001,Offline TA/TO,TA/TO,8-30 days,No Deposit,0,0.3407,Medium risk,0.0
SW030341,P001,Online TA,TA/TO,0-7 days,No Deposit,0,0.1615,Low risk,0.0
SW030390,P001,Groups,TA/TO,31-90 days,No Deposit,0,0.4243,Medium risk,0.0
SW030428,P001,Direct,Direct,31-90 days,No Deposit,0,0.127,Low risk,0.0
SW030434,P001,Online TA,TA/TO,31-90 days,No Deposit,0,0.3947,Medium risk,0.0
SW030438,P001,Direct,Direct,0-7 days,No Deposit,0,0.1052,Low risk,0.0
SW030496,P001,Corporate,Corporate,0-7 days,No Deposit,0,0.0826,Low risk,0.0
SW030513,P001,Online TA,TA/TO,8-30 days,No Deposit,0,0.2442,Low risk,0.0
SW030519,P001,Online TA,TA/TO,0-7 days,No Deposit,0,0.1901,Low risk,0.0
SW030540,P001,Groups,TA/TO,31-90 days,No Deposit,0,0.4973,High risk,0.0
SW030596,P001,Online TA,TA/TO,31-90 days,No Deposit,0,0.2252,Low risk,0.0
SW030614,P001,Offline TA/TO,TA/TO,8-30 days,No Deposit,0,0.2401,Low risk,0.0
SW030620,P001,Offline TA/TO,TA/TO,0-7 days,No Deposit,0,0.1556,Low risk,0.0
SW030648,P001,Groups,TA/TO,8-30 days,No Deposit,0,0.3791,Medium risk,0.0
SW030672,P001,Direct,Direct,8-30 days,No Deposit,0,0.1076,Low risk,0.0
SW030690,P001,Online TA,TA/TO,31-90 days,No Deposit,0,0.285,Medium risk,0.0
SW030693,P001,Online TA,TA/TO,91-180 days,No Deposit,0,0.3058,Medium risk,0.0
SW030716,P001,Offline TA/TO,TA/TO,8-30 days,No Deposit,0,0.3407,Medium risk,0.0
SW030736,P001,Online TA,TA/TO,0-7 days,No Deposit,0,0.1586,Low risk,0.0
SW030772,P001,Groups,Direct,91-180 days,No Deposit,0,0.236,Low risk,0.0
SW030776,P001,Groups,Direct,8-30 days,No Deposit,0,0.2705,Medium risk,0.0
SW030785,P001,Groups,TA/TO,0-7 days,No Deposit,0,0.1788,Low risk,0.0
SW030829,P001,Online TA,TA/TO,31-90 days,No Deposit,0,0.285,Medium risk,0.0
SW030871,P001,Complementary,TA/TO,8-30 days,No Deposit,0,0.1908,Low risk,0.0
SW030904,P001,Online TA,TA/TO,0-7 days,No Deposit,0,0.1615,Low risk,0.0
SW030933,P001,Direct,Direct,0-7 days,No Deposit,0,0.1052,Low risk,0.0
SW030948,P001,Online TA,TA/TO,91-180 days,No Deposit,0,0.3058,Medium risk,0.0
SW030969,P001,Direct,Direct,181+ days,No Deposit,0,0.2526,Medium risk,0.0
SW030973,P001,Complementary,TA/TO,0-7 days,No Deposit,0,0.1209,Low risk,0.0
SW030983,P001,Groups,TA/TO,8-30 days,No Deposit,0,0.3791,Medium risk,0.0
SW031030,P001,Online TA,TA/TO,8-30 days,No Deposit,0,0.2442,Low risk,0.0
SW031035,P001,Offline TA/TO,TA/TO,8-30 days,No Deposit,0,0.1872,Low risk,0.0
SW031052,P001,Online TA,TA/TO,91-180 days,No Deposit,0,0.3058,Medium risk,0.0
SW031057,P001,Online TA,TA/TO,8-30 days,No Deposit,0,0.3507,Medium risk,0.0
SW031092,P001,Online TA,TA/TO,0-7 days,No Deposit,0,0.1586,Low risk,0.0
SW031134,P001,Offline TA/TO,TA/TO,31-90 days,No Deposit,0,0.3842,Medium risk,0.0
SW031148,P001,Online TA,TA/TO,31-90 days,No Deposit,0,0.2806,Medium risk,0.0
SW031187,P001,Direct,Direct,0-7 days,No Deposit,0,0.0508,Low risk,0.0
SW031196,P001,Direct,Direct,91-180 days,No Deposit,0,0.2155,Low risk,0.0
SW031218,P001,Online TA,TA/TO,8-30 days,No Deposit,0,0.2482,Low risk,0.0
SW031253,P001,Direct,Direct,0-7 days,No Deposit,0,0.067,Low risk,0.0
SW031267,P001,Direct,Direct,0-7 days,No Deposit,0,0.1052,Low risk,0.0
SW031271,P001,Corporate,Corporate,0-7 days,No Deposit,0,0.1284,Low risk,0.0
SW031279,P001,Direct,Direct,0-7 days,No Deposit,0,0.1052,Low risk,0.0
SW031286,P001,Online TA,TA/TO,31-90 days,No Deposit,0,0.2806,Medium risk,0.0
SW031301,P001,Offline TA/TO,TA/TO,0-7 days,No Deposit,0,0.2316,Low risk,0.0
SW031349,P001,Direct,Direct,0-7 days,No Deposit,0,0.1052,Low risk,0.0
SW031359,P001,Online TA,TA/TO,91-180 days,No Deposit,0,0.2471,Low risk,0.0
SW031364,P001,Online TA,TA/TO,91-180 days,No Deposit,0,0.2511,Medium risk,0.0
SW031366,P001,Online TA,TA/TO,31-90 days,No Deposit,0,0.2806,Medium risk,0.0
SW031370,P001,Direct,TA/TO,0-7 days,No Deposit,0,0.1622,Low risk,0.0
SW031371,P001,Direct,Direct,181+ days,No Deposit,0,0.1682,Low risk,0.0
SW031386,P001,Direct,Direct,91-180 days,No Deposit,0,0.1091,Low risk,0.0
SW031440,P001,Direct,Direct,8-30 days,No Deposit,0,0.1677,Low risk,0.0
SW031500,P001,Online TA,TA/TO,31-90 days,No Deposit,0,0.3947,Medium risk,0.0
SW031520,P001,Direct,Direct,91-180 days,No Deposit,0,0.2155,Low risk,0.0
SW031532,P001,Online TA,TA/TO,8-30 days,No Deposit,0,0.2482,Low risk,0.0
SW031545,P001,Online TA,TA/TO,31-90 days,No Deposit,0,0.2289,Low risk,0.0
SW031553,P001,Direct,Direct,181+ days,No Deposit,0,0.2526,Medium risk,0.0
SW031567,P001,Groups,Direct,31-90 days,No Deposit,0,0.2148,Low risk,0.0
SW031572,P001,Groups,Direct,31-90 days,No Deposit,0,0.2148,Low risk,0.0
SW031585,P001,Online TA,TA/TO,0-7 days,No Deposit,0,0.1586,Low risk,0.0
SW031600,P001,Groups,TA/TO,181+ days,No Deposit,0,0.506,High risk,0.0
SW031605,P001,Groups,TA/TO,181+ days,No Deposit,0,0.506,High risk,0.0
SW031636,P001,Direct,Direct,31-90 days,No Deposit,0,0.1294,Low risk,0.0
SW031686,P001,Direct,Direct,0-7 days,No Deposit,0,0.1052,Low risk,0.0
SW031712,P001,Direct,Direct,0-7 days,No Deposit,0,0.1052,Low risk,0.0
SW031723,P001,Corporate,Corporate,0-7 days,No Deposit,0,0.1284,Low risk,0.0
SW031746,P001,Online TA,TA/TO,0-7 days,No Deposit,0,0.2396,Low risk,0.0
SW031776,P001,Online TA,TA/TO,31-90 days,No Deposit,0,0.285,Medium risk,0.0
SW031780,P001,Online TA,TA/TO,31-90 days,No Deposit,0,0.285,Medium risk,0.0
SW031796,P001,Direct,Direct,0-7 days,No Deposit,0,0.1052,Low risk,0.0
SW031798,P001,Direct,Direct,31-90 days,No Deposit,0,0.1956,Low risk,0.0
SW031817,P001,Offline TA/TO,TA/TO,0-7 days,No Deposit,0,0.1207,Low risk,0.0
SW031831,P001,Online TA,TA/TO,0-7 days,No Deposit,0,0.1615,Low risk,0.0
SW031832,P001,Online TA,TA/TO,8-30 days,No Deposit,0,0.2442,Low risk,0.0
SW031851,P001,Direct,Direct,0-7 days,No Deposit,0,0.1052,Low risk,0.0
SW031878,P001,Online TA,TA/TO,31-90 days,No Deposit,0,0.2806,Medium risk,0.0
SW031891,P001,Offline TA/TO,TA/TO,181+ days,No Deposit,0,0.2087,Low risk,0.0
SW031892,P001,Online TA,TA/TO,0-7 days,No Deposit,0,0.1586,Low risk,0.0
SW031926,P001,Direct,Direct,31-90 days,No Deposit,0,0.1294,Low risk,0.0
SW031947,P001,Online TA,TA/TO,0-7 days,No Deposit,0,0.2396,Low risk,0.0
SW031964,P001,Offline TA/TO,TA/TO,0-7 days,No Deposit,0,0.1207,Low risk,0.0
SW031971,P001,Online TA,TA/TO,0-7 days,No Deposit,0,0.1615,Low risk,0.0
SW031980,P001,Online TA,TA/TO,0-7 days,No Deposit,0,0.1901,Low risk,0.0
SW032008,P001,Direct,Direct,31-90 days,No Deposit,0,0.1534,Low risk,0.0
SW032019,P001,Groups,TA/TO,0-7 days,No Deposit,0,0.2626,Medium risk,0.0
SW032045,P001,Online TA,TA/TO,8-30 days,No Deposit,0,0.2482,Low risk,0.0
SW032054,P001,Online TA,TA/TO,0-7 days,No Deposit,0,0.1586,Low risk,0.0
SW032078,P001,Online TA,TA/TO,31-90 days,No Deposit,0,0.285,Medium risk,0.0
SW032088,P001,Online TA,TA/TO,91-180 days,No Deposit,0,0.3058,Medium risk,0.0
SW032093,P001,Corporate,Corporate,31-90 days,No Deposit,0,0.2336,Low risk,0.0
SW032097,P001,Online TA,TA/TO,31-90 days,No Deposit,0,0.2806,Medium risk,0.0
SW032099,P001,Online TA,TA/TO,181+ days,No Deposit,0,0.2921,Medium risk,0.0
SW032130,P001,Corporate,Corporate,0-7 days,No Deposit,0,0.1284,Low risk,0.0
SW032178,P001,Groups,Direct,31-90 days,No Deposit,0,0.3092,Medium risk,0.0
SW032209,P001,Groups,Direct,31-90 days,No Deposit,0,0.3092,Medium risk,0.0
SW032272,P001,Online TA,TA/TO,0-7 days,No Deposit,0,0.1615,Low risk,0.0
SW032303,P001,Online TA,TA/TO,0-7 days,No Deposit,0,0.1615,Low risk,0.0
SW032312,P001,Online TA,TA/TO,31-90 days,No Deposit,0,0.285,Medium risk,0.0
SW032322,P001,Direct,Direct,0-7 days,No Deposit,0,0.0345,Low risk,0.0
SW032326,P001,Online TA,TA/TO,91-180 days,No Deposit,0,0.3058,Medium risk,0.0
SW032407,P001,Corporate,Corporate,8-30 days,No Deposit,0,0.2016,Low risk,0.0
SW032412,P001,Online TA,TA/TO,8-30 days,No Deposit,0,0.2482,Low risk,0.0
SW032436,P001,Corporate,Corporate,0-7 days,No Deposit,0,0.0989,Low risk,0.0
SW032442,P001,Direct,Direct,0-7 days,No Deposit,0,0.1052,Low risk,0.0
SW032445,P001,Corporate,Corporate,8-30 days,No Deposit,0,0.2016,Low risk,0.0
SW032448,P001,Online TA,TA/TO,0-7 days,No Deposit,0,0.1615,Low risk,0.0
SW032473,P001,Offline TA/TO,TA/TO,0-7 days,No Deposit,0,0.2316,Low risk,0.0
SW032478,P001,Online TA,TA/TO,0-7 days,No Deposit,0,0.1615,Low risk,0.0
SW032494,P001,Online TA,TA/TO,8-30 days,No Deposit,0,0.1974,Low risk,0.0
SW032496,P001,Direct,Direct,0-7 days,No Deposit,0,0.067,Low risk,0.0
SW032513,P001,Online TA,TA/TO,31-90 days,No Deposit,0,0.2806,Medium risk,0.0
SW032528,P001,Direct,TA/TO,0-7 days,No Deposit,0,0.0794,Low risk,0.0
SW032531,P001,Online TA,TA/TO,8-30 days,No Deposit,0,0.2482,Low risk,0.0
SW032537,P001,Online TA,TA/TO,8-30 days,No Deposit,0,0.194,Low risk,0.0
SW032541,P001,Direct,TA/TO,0-7 days,No Deposit,0,0.0794,Low risk,0.0
SW032542,P001,Direct,Direct,0-7 days,No Deposit,0,0.1052,Low risk,0.0
SW032592,P001,Online TA,TA/TO,0-7 days,No Deposit,0,0.1615,Low risk,0.0
SW032663,P001,Online TA,TA/TO,0-7 days,No Deposit,0,0.2396,Low risk,0.0
SW032707,P001,Corporate,Direct,31-90 days,No Deposit,0,0.1414,Low risk,0.0
SW032718,P001,Corporate,Corporate,0-7 days,No Deposit,0,0.0826,Low risk,0.0
SW032726,P001,Online TA,TA/TO,31-90 days,No Deposit,0,0.2806,Medium risk,0.0
SW032743,P001,Corporate,Corporate,0-7 days,No Deposit,0,0.0826,Low risk,0.0
SW032769,P001,Online TA,TA/TO,0-7 days,No Deposit,0,0.1615,Low risk,0.0
SW032781,P001,Direct,Direct,0-7 days,No Deposit,0,0.067,Low risk,0.0
SW032817,P001,Online TA,TA/TO,31-90 days,No Deposit,0,0.3947,Medium risk,0.0
SW032820,P001,Online TA,TA/TO,31-90 days,No Deposit,0,0.285,Medium risk,0.0
SW032848,P001,Direct,Direct,8-30 days,No Deposit,0,0.1677,Low risk,0.0
SW032851,P001,Online TA,TA/TO,0-7 days,No Deposit,0,0.2396,Low risk,0.0
SW032854,P001,Offline TA/TO,TA/TO,0-7 days,No Deposit,0,0.1834,Low risk,0.0
SW032915,P001,Online TA,TA/TO,0-7 days,No Deposit,0,0.2396,Low risk,0.0
SW032952,P001,Online TA,TA/TO,8-30 days,No Deposit,0,0.2482,Low risk,0.0
SW032954,P001,Offline TA/TO,TA/TO,8-30 days,No Deposit,0,0.3407,Medium risk,0.0
SW032991,P001,Online TA,TA/TO,8-30 days,No Deposit,0,0.2482,Low risk,0.0
SW033030,P001,Direct,Direct,8-30 days,No Deposit,0,0.1076,Low risk,0.0
SW033066,P001,Direct,Direct,8-30 days,No Deposit,0,0.1677,Low risk,0.0
SW033083,P001,Online TA,TA/TO,8-30 days,No Deposit,0,0.3507,Medium risk,0.0
SW033085,P001,Offline TA/TO,Direct,0-7 days,No Deposit,0,0.1547,Low risk,0.0
SW033093,P001,Online TA,TA/TO,91-180 days,No Deposit,0,0.3058,Medium risk,0.0
SW033120,P001,Offline TA/TO,TA/TO,8-30 days,No Deposit,0,0.3407,Medium risk,0.0
SW033203,P001,Groups,TA/TO,91-180 days,No Deposit,0,0.4543,High risk,0.0
SW033247,P001,Online TA,TA/TO,31-90 days,No Deposit,0,0.2806,Medium risk,0.0
SW033290,P001,Direct,Direct,8-30 days,No Deposit,0,0.1076,Low risk,0.0
SW033353,P001,Direct,Direct,8-30 days,No Deposit,0,0.1305,Low risk,0.0
SW033387,P001,Corporate,Corporate,0-7 days,No Deposit,0,0.1284,Low risk,0.0
SW033409,P001,Corporate,Corporate,0-7 days,No Deposit,0,0.1284,Low risk,0.0
SW033423,P001,Offline TA/TO,TA/TO,0-7 days,No Deposit,0,0.2316,Low risk,0.0
SW033439,P001,Direct,Direct,0-7 days,No Deposit,0,0.1052,Low risk,0.0
SW033467,P001,Direct,Direct,0-7 days,No Deposit,0,0.1052,Low risk,0.0
SW033492,P001,Groups,TA/TO,8-30 days,No Deposit,0,0.3791,Medium risk,0.0
SW033545,P001,Online TA,TA/TO,31-90 days,No Deposit,0,0.3947,Medium risk,0.0
SW033551,P001,Corporate,Corporate,8-30 days,No Deposit,0,0.1583,Low risk,0.0
SW033587,P001,Online TA,TA/TO,31-90 days,No Deposit,0,0.285,Medium risk,0.0
SW033613,P001,Direct,Direct,0-7 days,No Deposit,0,0.0805,Low risk,0.0
SW033682,P001,Online TA,TA/TO,31-90 days,No Deposit,0,0.2252,Low risk,0.0
SW033721,P001,Direct,Direct,0-7 days,No Deposit,0,0.1052,Low risk,0.0
SW033729,P001,Direct,Direct,0-7 days,No Deposit,0,0.0805,Low risk,0.0
SW033863,P001,Groups,Corporate,0-7 days,No Deposit,0,0.1965,Low risk,0.0
SW033914,P001,Groups,Corporate,0-7 days,No Deposit,0,0.1965,Low risk,0.0
SW033973,P001,Offline TA/TO,TA/TO,91-180 days,No Deposit,0,0.4133,Medium risk,0.0
SW033981,P001,Offline TA/TO,TA/TO,0-7 days,No Deposit,0,0.1556,Low risk,0.0
SW034100,P001,Direct,TA/TO,0-7 days,No Deposit,0,0.1058,Low risk,0.0
SW034117,P001,Online TA,TA/TO,181+ days,No Deposit,0,0.2921,Medium risk,0.0
SW034180,P001,Online TA,TA/TO,0-7 days,No Deposit,0,0.1615,Low risk,0.0
SW034181,P001,Online TA,TA/TO,0-7 days,No Deposit,0,0.1615,Low risk,0.0
SW034182,P001,Direct,Direct,0-7 days,No Deposit,0,0.0657,Low risk,0.0
SW034209,P001,Online TA,TA/TO,8-30 days,No Deposit,0,0.2482,Low risk,0.0
SW034238,P001,Groups,TA/TO,181+ days,No Deposit,0,0.506,High risk,0.0
SW034283,P001,Direct,Direct,8-30 days,No Deposit,0,0.1305,Low risk,0.0
SW034284,P001,Online TA,TA/TO,91-180 days,No Deposit,0,0.3058,Medium risk,0.0
SW034312,P001,Online TA,TA/TO,91-180 days,No Deposit,0,0.3058,Medium risk,0.0
SW034336,P001,Corporate,Corporate,8-30 days,No Deposit,0,0.2016,Low risk,0.0
SW034363,P001,Direct,Direct,8-30 days,No Deposit,0,0.1305,Low risk,0.0
SW034366,P001,Offline TA/TO,TA/TO,91-180 days,No Deposit,0,0.4133,Medium risk,0.0
SW034388,P001,Online TA,TA/TO,91-180 days,No Deposit,0,0.4241,Medium risk,0.0
SW034439,P001,Online TA,TA/TO,31-90 days,No Deposit,0,0.285,Medium risk,0.0
SW034448,P001,Groups,TA/TO,181+ days,No Deposit,0,0.385,Medium risk,0.0
SW034466,P001,Groups,TA/TO,91-180 days,No Deposit,0,0.4543,High risk,0.0
SW034523,P001,Groups,TA/TO,181+ days,No Deposit,0,0.506,High risk,0.0
SW034601,P001,Offline TA/TO,TA/TO,31-90 days,No Deposit,0,0.3842,Medium risk,0.0
SW034651,P001,Groups,TA/TO,91-180 days,No Deposit,0,0.4543,High risk,0.0
SW034664,P001,Online TA,TA/TO,8-30 days,No Deposit,0,0.2482,Low risk,0.0
SW034665,P001,Corporate,Corporate,0-7 days,No Deposit,0,0.1284,Low risk,0.0
SW034672,P001,Offline TA/TO,TA/TO,8-30 days,No Deposit,0,0.3407,Medium risk,0.0
SW034676,P001,Online TA,TA/TO,91-180 days,No Deposit,0,0.4241,Medium risk,0.0
SW034688,P001,Direct,Direct,0-7 days,No Deposit,0,0.1052,Low risk,0.0
SW034689,P001,Offline TA/TO,TA/TO,8-30 days,No Deposit,0,0.3407,Medium risk,0.0
SW034719,P001,Online TA,TA/TO,31-90 days,No Deposit,0,0.285,Medium risk,0.0
SW034736,P001,Direct,Direct,31-90 days,No Deposit,0,0.1294,Low risk,0.0
SW034738,P001,Online TA,TA/TO,0-7 days,No Deposit,0,0.2396,Low risk,0.0
SW034742,P001,Online TA,TA/TO,91-180 days,No Deposit,0,0.3104,Medium risk,0.0
SW034761,P001,Direct,Direct,31-90 days,No Deposit,0,0.127,Low risk,0.0
SW034783,P001,Direct,Direct,8-30 days,No Deposit,0,0.1097,Low risk,0.0
SW034796,P001,Direct,Direct,31-90 days,No Deposit,0,0.1956,Low risk,0.0
SW034804,P001,Online TA,TA/TO,8-30 days,No Deposit,0,0.2442,Low risk,0.0
SW034815,P001,Offline TA/TO,TA/TO,91-180 days,No Deposit,0,0.2648,Medium risk,0.0
SW034817,P001,Direct,Direct,31-90 days,No Deposit,0,0.1956,Low risk,0.0
SW034960,P001,Groups,TA/TO,91-180 days,No Deposit,0,0.4543,High risk,0.0
SW034971,P001,Direct,Direct,31-90 days,No Deposit,0,0.1956,Low risk,0.0
SW034974,P001,Groups,TA/TO,91-180 days,No Deposit,0,0.4543,High risk,0.0
SW034994,P001,Online TA,TA/TO,31-90 days,No Deposit,0,0.285,Medium risk,0.0
SW034996,P001,Online TA,TA/TO,181+ days,No Deposit,0,0.3564,Medium risk,0.0
SW035004,P001,Online TA,TA/TO,181+ days,No Deposit,0,0.3515,Medium risk,0.0
SW035019,P001,Online TA,TA/TO,8-30 days,No Deposit,0,0.2482,Low risk,0.0
SW035039,P001,Online TA,TA/TO,0-7 days,No Deposit,0,0.1255,Low risk,0.0
SW035042,P001,Offline TA/TO,TA/TO,31-90 days,No Deposit,0,0.3842,Medium risk,0.0
SW035055,P001,Online TA,TA/TO,31-90 days,No Deposit,0,0.2806,Medium risk,0.0
SW035059,P001,Online TA,TA/TO,0-7 days,No Deposit,0,0.1615,Low risk,0.0
SW035094,P001,Online TA,TA/TO,8-30 days,No Deposit,0,0.2482,Low risk,0.0
SW035113,P001,Online TA,TA/TO,31-90 days,No Deposit,0,0.285,Medium risk,0.0
SW035124,P001,Direct,Direct,31-90 days,No Deposit,0,0.1956,Low risk,0.0
SW035180,P001,Online TA,TA/TO,91-180 days,No Deposit,0,0.3058,Medium risk,0.0
SW035181,P001,Online TA,TA/TO,31-90 days,No Deposit,0,0.3947,Medium risk,0.0
SW035188,P001,Direct,Direct,31-90 days,No Deposit,0,0.127,Low risk,0.0
SW035198,P001,Online TA,TA/TO,91-180 days,No Deposit,0,0.3058,Medium risk,0.0
SW035222,P001,Groups,TA/TO,91-180 days,No Deposit,0,0.483,High risk,0.0
SW035228,P001,Online TA,TA/TO,91-180 days,No Deposit,0,0.2471,Low risk,0.0
SW035248,P001,Offline TA/TO,TA/TO,0-7 days,No Deposit,0,0.1834,Low risk,0.0
SW035326,P001,Online TA,TA/TO,8-30 days,No Deposit,0,0.2482,Low risk,0.0
SW035359,P001,Online TA,TA/TO,91-180 days,No Deposit,0,0.2511,Medium risk,0.0
SW035383,P001,Corporate,Direct,8-30 days,No Deposit,0,0.1825,Low risk,0.0
SW035401,P001,Online TA,TA/TO,0-7 days,No Deposit,0,0.1615,Low risk,0.0
SW035510,P001,Offline TA/TO,TA/TO,91-180 days,No Deposit,0,0.301,Medium risk,0.0
SW035533,P001,Online TA,TA/TO,31-90 days,No Deposit,0,0.2806,Medium risk,0.0
SW035538,P001,Groups,TA/TO,181+ days,No Deposit,0,0.506,High risk,0.0
SW035555,P001,Groups,TA/TO,91-180 days,No Deposit,0,0.4543,High risk,0.0
SW035602,P001,Groups,TA/TO,31-90 days,No Deposit,0,0.4243,Medium risk,0.0
SW035615,P001,Direct,Direct,91-180 days,No Deposit,0,0.2155,Low risk,0.0
SW035646,P001,Groups,TA/TO,181+ days,No Deposit,0,0.506,High risk,0.0
SW035650,P001,Groups,TA/TO,181+ days,No Deposit,0,0.506,High risk,0.0
SW035666,P001,Groups,TA/TO,181+ days,No Deposit,0,0.506,High risk,0.0
SW035684,P001,Direct,Direct,181+ days,No Deposit,0,0.1682,Low risk,0.0
SW035698,P001,Groups,TA/TO,181+ days,No Deposit,0,0.506,High risk,0.0
SW035721,P001,Online TA,TA/TO,0-7 days,No Deposit,0,0.1615,Low risk,0.0
SW035756,P001,Direct,Direct,0-7 days,No Deposit,0,0.1052,Low risk,0.0
SW035762,P001,Direct,Direct,91-180 days,No Deposit,0,0.2155,Low risk,0.0
SW035775,P001,Online TA,TA/TO,181+ days,No Deposit,0,0.3564,Medium risk,0.0
SW035805,P001,Groups,TA/TO,91-180 days,No Deposit,0,0.3372,Medium risk,0.0
SW035812,P001,Groups,TA/TO,91-180 days,No Deposit,0,0.3372,Medium risk,0.0
SW035819,P001,Online TA,TA/TO,31-90 days,No Deposit,0,0.3947,Medium risk,0.0
SW035826,P001,Online TA,TA/TO,0-7 days,No Deposit,0,0.1586,Low risk,0.0
SW035839,P001,Online TA,TA/TO,31-90 days,No Deposit,0,0.285,Medium risk,0.0
SW035843,P001,Online TA,TA/TO,91-180 days,No Deposit,0,0.3104,Medium risk,0.0
SW035917,P001,Online TA,TA/TO,181+ days,No Deposit,0,0.2921,Medium risk,0.0
SW035955,P001,Offline TA/TO,TA/TO,91-180 days,No Deposit,0,0.4133,Medium risk,0.0
SW035973,P001,Offline TA/TO,TA/TO,91-180 days,No Deposit,0,0.3708,Medium risk,0.0
SW035977,P001,Offline TA/TO,TA/TO,181+ days,No Deposit,0,0.3071,Medium risk,0.0
SW035987,P001,Groups,TA/TO,181+ days,No Deposit,0,0.506,High risk,0.0
SW035993,P001,Groups,TA/TO,181+ days,No Deposit,0,0.506,High risk,0.0
SW036003,P001,Online TA,TA/TO,181+ days,No Deposit,0,0.2877,Medium risk,0.0
SW036011,P001,Offline TA/TO,TA/TO,31-90 days,No Deposit,0,0.3429,Medium risk,0.0
SW036026,P001,Offline TA/TO,TA/TO,91-180 days,No Deposit,0,0.4133,Medium risk,0.0
SW036047,P001,Online TA,TA/TO,0-7 days,No Deposit,0,0.1586,Low risk,0.0
SW036049,P001,Offline TA/TO,TA/TO,181+ days,No Deposit,0,0.3464,Medium risk,0.0
SW036065,P001,Groups,TA/TO,181+ days,No Deposit,0,0.506,High risk,0.0
SW036130,P001,Offline TA/TO,TA/TO,31-90 days,No Deposit,0,0.3842,Medium risk,0.0
SW036161,P001,Online TA,TA/TO,0-7 days,No Deposit,0,0.1615,Low risk,0.0
SW036171,P001,Groups,Direct,181+ days,No Deposit,0,0.3835,Medium risk,0.0
SW036209,P001,Online TA,TA/TO,31-90 days,No Deposit,0,0.285,Medium risk,0.0
SW036212,P001,Offline TA/TO,TA/TO,91-180 days,No Deposit,0,0.3708,Medium risk,0.0
SW036242,P001,Online TA,TA/TO,91-180 days,No Deposit,0,0.4241,Medium risk,0.0
SW036266,P001,Online TA,TA/TO,91-180 days,No Deposit,0,0.3104,Medium risk,0.0
SW036303,P001,Corporate,Corporate,0-7 days,No Deposit,0,0.1284,Low risk,0.0
SW036343,P001,Groups,TA/TO,91-180 days,No Deposit,0,0.4543,High risk,0.0
SW036348,P001,Offline TA/TO,TA/TO,181+ days,No Deposit,0,0.4203,Medium risk,0.0
SW036350,P001,Online TA,TA/TO,8-30 days,No Deposit,0,0.1974,Low risk,0.0
SW036369,P001,Online TA,TA/TO,91-180 days,No Deposit,0,0.3104,Medium risk,0.0
SW036422,P001,Online TA,TA/TO,91-180 days,No Deposit,0,0.3058,Medium risk,0.0
SW036435,P001,Offline TA/TO,TA/TO,31-90 days,No Deposit,0,0.3429,Medium risk,0.0
SW036459,P001,Online TA,TA/TO,31-90 days,No Deposit,0,0.285,Medium risk,0.0
SW036464,P001,Offline TA/TO,TA/TO,91-180 days,No Deposit,0,0.3708,Medium risk,0.0
SW036468,P001,Offline TA/TO,TA/TO,91-180 days,No Deposit,0,0.4133,Medium risk,0.0
SW036472,P001,Offline TA/TO,TA/TO,31-90 days,No Deposit,0,0.3429,Medium risk,0.0
SW036484,P001,Offline TA/TO,TA/TO,31-90 days,No Deposit,0,0.2761,Medium risk,0.0
SW036501,P001,Offline TA/TO,TA/TO,91-180 days,No Deposit,0,0.2648,Medium risk,0.0
SW036510,P001,Offline TA/TO,TA/TO,91-180 days,No Deposit,0,0.3442,Medium risk,0.0
SW036513,P001,Online TA,TA/TO,0-7 days,No Deposit,0,0.1901,Low risk,0.0
SW036518,P001,Direct,Direct,0-7 days,No Deposit,0,0.067,Low risk,0.0
SW036529,P001,Offline TA/TO,TA/TO,91-180 days,No Deposit,0,0.4133,Medium risk,0.0
SW036560,P001,Online TA,TA/TO,0-7 days,No Deposit,0,0.2396,Low risk,0.0
SW036570,P001,Offline TA/TO,TA/TO,91-180 days,No Deposit,0,0.4133,Medium risk,0.0
SW036586,P001,Offline TA/TO,TA/TO,91-180 days,No Deposit,0,0.4133,Medium risk,0.0
SW036656,P001,Offline TA/TO,TA/TO,181+ days,No Deposit,0,0.4203,Medium risk,0.0
SW036664,P001,Groups,Direct,181+ days,No Deposit,0,0.3835,Medium risk,0.0
SW036667,P001,Online TA,TA/TO,181+ days,No Deposit,0,0.2877,Medium risk,0.0
SW036678,P001,Direct,Direct,0-7 days,No Deposit,0,0.0657,Low risk,0.0
SW036740,P001,Groups,TA/TO,181+ days,No Deposit,0,0.506,High risk,0.0
SW036750,P001,Offline TA/TO,TA/TO,8-30 days,No Deposit,0,0.3407,Medium risk,0.0
SW036843,P001,Groups,TA/TO,181+ days,No Deposit,0,0.506,High risk,0.0
SW036878,P001,Online TA,TA/TO,91-180 days,No Deposit,0,0.3058,Medium risk,0.0
SW036931,P001,Online TA,TA/TO,0-7 days,No Deposit,0,0.1615,Low risk,0.0
SW036933,P001,Online TA,TA/TO,0-7 days,No Deposit,0,0.1615,Low risk,0.0
SW037003,P001,Online TA,Direct,31-90 days,No Deposit,0,0.1948,Low risk,0.0
SW037057,P001,Online TA,TA/TO,0-7 days,No Deposit,0,0.1255,Low risk,0.0
SW037073,P001,Online TA,TA/TO,31-90 days,No Deposit,0,0.3947,Medium risk,0.0
SW037080,P001,Offline TA/TO,TA/TO,181+ days,No Deposit,0,0.3415,Medium risk,0.0
SW037094,P001,Direct,Direct,0-7 days,No Deposit,0,0.1052,Low risk,0.0
SW037102,P001,Offline TA/TO,TA/TO,181+ days,No Deposit,0,0.3464,Medium risk,0.0
SW037126,P001,Offline TA/TO,TA/TO,181+ days,No Deposit,0,0.3071,Medium risk,0.0
SW037172,P001,Online TA,TA/TO,181+ days,No Deposit,0,0.3564,Medium risk,0.0
SW037197,P001,Online TA,TA/TO,181+ days,No Deposit,0,0.3515,Medium risk,0.0
SW037231,P001,Online TA,TA/TO,0-7 days,No Deposit,0,0.1615,Low risk,0.0
SW037244,P001,Online TA,TA/TO,181+ days,No Deposit,0,0.3564,Medium risk,0.0
SW037269,P001,Online TA,TA/TO,31-90 days,No Deposit,0,0.2806,Medium risk,0.0
SW037299,P001,Online TA,TA/TO,91-180 days,No Deposit,0,0.4241,Medium risk,0.0
SW037346,P001,Offline TA/TO,TA/TO,91-180 days,No Deposit,0,0.4133,Medium risk,0.0
SW037347,P001,Corporate,Corporate,0-7 days,No Deposit,0,0.1284,Low risk,0.0
SW037354,P001,Online TA,TA/TO,91-180 days,No Deposit,0,0.3104,Medium risk,0.0
SW037364,P001,Online TA,TA/TO,8-30 days,No Deposit,0,0.3507,Medium risk,0.0
SW037389,P001,Online TA,TA/TO,91-180 days,No Deposit,0,0.2511,Medium risk,0.0
SW037410,P001,Online TA,TA/TO,91-180 days,No Deposit,0,0.3058,Medium risk,0.0
SW037432,P001,Offline TA/TO,TA/TO,181+ days,No Deposit,0,0.3071,Medium risk,0.0
SW037451,P001,Online TA,TA/TO,31-90 days,No Deposit,0,0.285,Medium risk,0.0
SW037454,P001,Direct,Direct,31-90 days,No Deposit,0,0.127,Low risk,0.0
SW037502,P001,Direct,Direct,91-180 days,No Deposit,0,0.1438,Low risk,0.0
SW037513,P001,Offline TA/TO,TA/TO,31-90 days,No Deposit,0,0.3429,Medium risk,0.0
SW037551,P001,Online TA,TA/TO,91-180 days,No Deposit,0,0.3104,Medium risk,0.0
SW037577,P001,Offline TA/TO,TA/TO,91-180 days,No Deposit,0,0.3708,Medium risk,0.0
SW037602,P001,Online TA,TA/TO,31-90 days,No Deposit,0,0.2289,Low risk,0.0
SW037607,P001,Offline TA/TO,TA/TO,181+ days,No Deposit,0,0.3415,Medium risk,0.0
SW037628,P001,Online TA,TA/TO,181+ days,No Deposit,0,0.2877,Medium risk,0.0
SW037630,P001,Online TA,TA/TO,181+ days,No Deposit,0,0.3515,Medium risk,0.0
SW037650,P001,Offline TA/TO,TA/TO,181+ days,No Deposit,0,0.3071,Medium risk,0.0
SW037668,P001,Direct,Direct,0-7 days,No Deposit,0,0.0657,Low risk,0.0
SW037701,P001,Online TA,TA/TO,0-7 days,No Deposit,0,0.1615,Low risk,0.0
SW037722,P001,Offline TA/TO,TA/TO,181+ days,No Deposit,0,0.4203,Medium risk,0.0
SW037753,P001,Online TA,TA/TO,31-90 days,No Deposit,0,0.285,Medium risk,0.0
SW037763,P001,Offline TA/TO,TA/TO,181+ days,No Deposit,0,0.4203,Medium risk,0.0
SW037778,P001,Groups,TA/TO,181+ days,No Deposit,0,0.506,High risk,0.0
SW037828,P001,Offline TA/TO,TA/TO,31-90 days,No Deposit,0,0.2718,Medium risk,0.0
SW037829,P001,Offline TA/TO,TA/TO,91-180 days,No Deposit,0,0.2648,Medium risk,0.0
SW037837,P001,Direct,Direct,181+ days,No Deposit,0,0.1682,Low risk,0.0
SW037859,P001,Online TA,TA/TO,8-30 days,No Deposit,0,0.2442,Low risk,0.0
SW037881,P001,Offline TA/TO,TA/TO,91-180 days,No Deposit,0,0.4133,Medium risk,0.0
SW037915,P001,Offline TA/TO,TA/TO,181+ days,No Deposit,0,0.3026,Medium risk,0.0
SW037924,P001,Online TA,TA/TO,8-30 days,No Deposit,0,0.2482,Low risk,0.0
SW037931,P001,Online TA,TA/TO,0-7 days,No Deposit,0,0.1615,Low risk,0.0
SW037939,P001,Online TA,TA/TO,181+ days,No Deposit,0,0.3564,Medium risk,0.0
SW037942,P001,Online TA,TA/TO,181+ days,No Deposit,0,0.3515,Medium risk,0.0
SW037948,P001,Offline TA/TO,TA/TO,181+ days,No Deposit,0,0.3071,Medium risk,0.0
SW037968,P001,Direct,Direct,31-90 days,No Deposit,0,0.1956,Low risk,0.0
SW038039,P001,Online TA,TA/TO,91-180 days,No Deposit,0,0.3104,Medium risk,0.0
SW038059,P001,Online TA,TA/TO,31-90 days,No Deposit,0,0.285,Medium risk,0.0
SW038071,P001,Offline TA/TO,TA/TO,181+ days,No Deposit,0,0.4203,Medium risk,0.0
SW038176,P001,Offline TA/TO,TA/TO,181+ days,No Deposit,0,0.4203,Medium risk,0.0
SW038178,P001,Direct,Direct,91-180 days,No Deposit,0,0.1438,Low risk,0.0
SW038186,P001,Direct,Direct,31-90 days,No Deposit,0,0.1294,Low risk,0.0
SW038201,P001,Direct,Direct,91-180 days,No Deposit,0,0.0756,Low risk,0.0
SW038220,P001,Online TA,TA/TO,181+ days,No Deposit,0,0.4754,High risk,0.0
SW038231,P001,Online TA,TA/TO,0-7 days,No Deposit,0,0.1255,Low risk,0.0
SW038254,P001,Offline TA/TO,TA/TO,91-180 days,No Deposit,0,0.4133,Medium risk,0.0
SW038255,P001,Online TA,TA/TO,0-7 days,No Deposit,0,0.1586,Low risk,0.0
SW038285,P001,Online TA,TA/TO,91-180 days,No Deposit,0,0.3058,Medium risk,0.0
SW038291,P001,Online TA,TA/TO,91-180 days,No Deposit,0,0.4241,Medium risk,0.0
SW038357,P001,Offline TA/TO,TA/TO,91-180 days,No Deposit,0,0.3708,Medium risk,0.0
SW038428,P001,Online TA,TA/TO,0-7 days,No Deposit,0,0.1615,Low risk,0.0
SW038453,P001,Online TA,TA/TO,0-7 days,No Deposit,0,0.1255,Low risk,0.0
SW038463,P001,Online TA,TA/TO,91-180 days,No Deposit,0,0.3058,Medium risk,0.0
SW038470,P001,Online TA,TA/TO,31-90 days,No Deposit,0,0.2806,Medium risk,0.0
SW038505,P001,Online TA,TA/TO,91-180 days,No Deposit,0,0.3104,Medium risk,0.0
SW038567,P001,Online TA,TA/TO,181+ days,No Deposit,0,0.2877,Medium risk,0.0
SW038653,P001,Offline TA/TO,TA/TO,91-180 days,No Deposit,0,0.3708,Medium risk,0.0
SW038670,P001,Online TA,TA/TO,0-7 days,No Deposit,0,0.1615,Low risk,0.0
SW038672,P001,Online TA,TA/TO,8-30 days,No Deposit,0,0.2482,Low risk,0.0
SW038681,P001,Online TA,TA/TO,91-180 days,No Deposit,0,0.3104,Medium risk,0.0
SW038685,P001,Online TA,TA/TO,8-30 days,No Deposit,0,0.2482,Low risk,0.0
SW038692,P001,Offline TA/TO,TA/TO,91-180 days,No Deposit,0,0.3708,Medium risk,0.0
SW038697,P001,Online TA,TA/TO,181+ days,No Deposit,0,0.2921,Medium risk,0.0
SW038716,P001,Online TA,TA/TO,181+ days,No Deposit,0,0.3564,Medium risk,0.0
SW038723,P001,Offline TA/TO,TA/TO,181+ days,No Deposit,0,0.3415,Medium risk,0.0
SW038738,P001,Offline TA/TO,TA/TO,181+ days,No Deposit,0,0.4644,High risk,0.0
SW038751,P001,Online TA,TA/TO,31-90 days,No Deposit,0,0.285,Medium risk,0.0
SW038753,P001,Online TA,TA/TO,91-180 days,No Deposit,0,0.3058,Medium risk,0.0
SW038771,P001,Online TA,TA/TO,181+ days,No Deposit,0,0.3515,Medium risk,0.0
SW038781,P001,Online TA,TA/TO,91-180 days,No Deposit,0,0.4241,Medium risk,0.0
SW038830,P001,Online TA,TA/TO,8-30 days,No Deposit,0,0.2442,Low risk,0.0
SW038891,P001,Online TA,TA/TO,8-30 days,No Deposit,0,0.2442,Low risk,0.0
SW038975,P001,Offline TA/TO,TA/TO,181+ days,No Deposit,0,0.4644,High risk,0.0
SW038986,P001,Online TA,TA/TO,31-90 days,No Deposit,0,0.2806,Medium risk,0.0
SW038987,P001,Direct,Direct,0-7 days,No Deposit,0,0.1052,Low risk,0.0
SW039009,P001,Direct,Direct,91-180 days,No Deposit,0,0.1411,Low risk,0.0
SW039022,P001,Online TA,TA/TO,0-7 days,No Deposit,0,0.1615,Low risk,0.0
SW039108,P001,Online TA,TA/TO,8-30 days,No Deposit,0,0.1974,Low risk,0.0
SW039111,P001,Online TA,TA/TO,8-30 days,No Deposit,0,0.2482,Low risk,0.0
SW039118,P001,Direct,Direct,181+ days,No Deposit,0,0.1712,Low risk,0.0
SW039125,P001,Direct,Direct,181+ days,No Deposit,0,0.2526,Medium risk,0.0
SW039133,P001,Direct,Direct,0-7 days,No Deposit,0,0.067,Low risk,0.0
SW039140,P001,Direct,Direct,91-180 days,No Deposit,0,0.1699,Low risk,0.0
SW039211,P001,Online TA,TA/TO,31-90 days,No Deposit,0,0.2806,Medium risk,0.0
SW039222,P001,Online TA,TA/TO,91-180 days,No Deposit,0,0.3058,Medium risk,0.0
SW039224,P001,Online TA,TA/TO,91-180 days,No Deposit,0,0.3058,Medium risk,0.0
SW039227,P001,Direct,Direct,31-90 days,No Deposit,0,0.127,Low risk,0.0
SW039241,P001,Online TA,TA/TO,0-7 days,No Deposit,0,0.1586,Low risk,0.0
SW039252,P001,Online TA,TA/TO,31-90 days,No Deposit,0,0.2252,Low risk,0.0
SW039290,P001,Offline TA/TO,TA/TO,181+ days,No Deposit,0,0.4203,Medium risk,0.0
SW039295,P001,Offline TA/TO,TA/TO,8-30 days,No Deposit,0,0.3018,Medium risk,0.0
SW039307,P001,Direct,Direct,0-7 days,No Deposit,0,0.1052,Low risk,0.0
SW039316,P001,Direct,Direct,31-90 days,No Deposit,0,0.127,Low risk,0.0
SW039319,P001,Direct,Direct,0-7 days,No Deposit,0,0.1052,Low risk,0.0
SW039322,P001,Offline TA/TO,TA/TO,91-180 days,No Deposit,0,0.3708,Medium risk,0.0
SW039357,P001,Offline TA/TO,TA/TO,181+ days,No Deposit,0,0.4644,High risk,0.0
SW039364,P001,Online TA,TA/TO,31-90 days,No Deposit,0,0.2806,Medium risk,0.0
SW039379,P001,Offline TA/TO,TA/TO,31-90 days,No Deposit,0,0.2418,Low risk,0.0
SW039388,P001,Offline TA/TO,TA/TO,181+ days,No Deposit,0,0.3925,Medium risk,0.0
SW039419,P001,Online TA,TA/TO,8-30 days,No Deposit,0,0.2442,Low risk,0.0
SW039447,P001,Online TA,TA/TO,31-90 days,No Deposit,0,0.285,Medium risk,0.0
SW039470,P001,Online TA,TA/TO,31-90 days,No Deposit,0,0.2252,Low risk,0.0
SW039473,P001,Online TA,TA/TO,181+ days,No Deposit,0,0.3564,Medium risk,0.0
SW039508,P001,Offline TA/TO,TA/TO,181+ days,No Deposit,0,0.3464,Medium risk,0.0
SW039530,P001,Online TA,TA/TO,181+ days,No Deposit,0,0.4754,High risk,0.0
SW039536,P001,Offline TA/TO,TA/TO,31-90 days,No Deposit,0,0.3429,Medium risk,0.0
SW039538,P001,Direct,Direct,0-7 days,No Deposit,0,0.1052,Low risk,0.0
SW039553,P001,Online TA,TA/TO,181+ days,No Deposit,0,0.2921,Medium risk,0.0
SW039567,P001,Online TA,TA/TO,181+ days,No Deposit,0,0.2921,Medium risk,0.0
SW039577,P001,Online TA,TA/TO,8-30 days,No Deposit,0,0.2442,Low risk,0.0
SW039597,P001,Online TA,TA/TO,31-90 days,No Deposit,0,0.285,Medium risk,0.0
SW039600,P001,Direct,Direct,181+ days,No Deposit,0,0.2012,Low risk,0.0
SW039609,P001,Online TA,TA/TO,8-30 days,No Deposit,0,0.2482,Low risk,0.0
SW039619,P001,Direct,Direct,181+ days,No Deposit,0,0.1712,Low risk,0.0
SW039652,P001,Offline TA/TO,TA/TO,181+ days,No Deposit,0,0.4644,High risk,0.0
SW039692,P001,Online TA,TA/TO,31-90 days,No Deposit,0,0.2806,Medium risk,0.0
SW039693,P001,Direct,Direct,181+ days,No Deposit,0,0.1682,Low risk,0.0
SW039740,P001,Online TA,TA/TO,31-90 days,No Deposit,0,0.3947,Medium risk,0.0
SW039825,P001,Online TA,TA/TO,8-30 days,No Deposit,0,0.2442,Low risk,0.0
SW039830,P001,Online TA,TA/TO,31-90 days,No Deposit,0,0.2806,Medium risk,0.0
SW039835,P001,Direct,Direct,91-180 days,No Deposit,0,0.1411,Low risk,0.0
SW039858,P001,Offline TA/TO,TA/TO,181+ days,No Deposit,0,0.3026,Medium risk,0.0
SW039863,P001,Offline TA/TO,TA/TO,8-30 days,No Deposit,0,0.2046,Low risk,0.0
SW039875,P001,Offline TA/TO,TA/TO,181+ days,No Deposit,0,0.3415,Medium risk,0.0
SW039894,P001,Online TA,TA/TO,31-90 days,No Deposit,0,0.2252,Low risk,0.0
SW039933,P001,Offline TA/TO,TA/TO,91-180 days,No Deposit,0,0.301,Medium risk,0.0
SW040002,P001,Offline TA/TO,TA/TO,181+ days,No Deposit,0,0.4644,High risk,0.0
SW040027,P001,Direct,Direct,181+ days,No Deposit,0,0.1712,Low risk,0.0
SW040044,P001,Online TA,TA/TO,181+ days,No Deposit,0,0.3564,Medium risk,0.0
SW040136,P002,Online TA,TA/TO,31-90 days,No Deposit,0,0.3947,Medium risk,0.0
SW040174,P002,Offline TA/TO,TA/TO,91-180 days,No Deposit,0,0.3442,Medium risk,0.0
SW040190,P002,Online TA,TA/TO,31-90 days,No Deposit,1,0.285,Medium risk,229.5
SW040214,P002,Groups,TA/TO,8-30 days,No Deposit,0,0.3791,Medium risk,0.0
SW040307,P002,Groups,TA/TO,8-30 days,No Deposit,0,0.3791,Medium risk,0.0
SW040320,P002,Groups,TA/TO,8-30 days,No Deposit,0,0.3791,Medium risk,0.0
SW040328,P002,Groups,TA/TO,8-30 days,No Deposit,0,0.3791,Medium risk,0.0
SW040393,P002,Groups,TA/TO,91-180 days,No Deposit,0,0.4543,High risk,0.0
SW040405,P002,Online TA,TA/TO,91-180 days,No Deposit,1,0.3104,Medium risk,248.5
SW040406,P002,Online TA,TA/TO,91-180 days,No Deposit,1,0.3058,Medium risk,153.0
SW040411,P002,Offline TA/TO,TA/TO,91-180 days,No Deposit,1,0.3442,Medium risk,283.5
SW040426,P002,Offline TA/TO,TA/TO,91-180 days,No Deposit,0,0.3442,Medium risk,0.0
SW040442,P002,Groups,TA/TO,8-30 days,No Deposit,0,0.3791,Medium risk,0.0
SW040484,P002,Groups,TA/TO,8-30 days,Non Refund,1,0.8742,High risk,18.6
SW040493,P002,Groups,TA/TO,8-30 days,No Deposit,0,0.3791,Medium risk,0.0
SW040500,P002,Groups,TA/TO,8-30 days,No Deposit,0,0.3791,Medium risk,0.0
SW040539,P002,Online TA,TA/TO,31-90 days,No Deposit,0,0.3947,Medium risk,0.0
SW040540,P002,Offline TA/TO,TA/TO,31-90 days,No Deposit,0,0.2761,Medium risk,0.0
SW040563,P002,Offline TA/TO,TA/TO,91-180 days,No Deposit,0,0.3442,Medium risk,0.0
SW040578,P002,Offline TA/TO,TA/TO,91-180 days,No Deposit,1,0.3442,Medium risk,283.5
SW040621,P002,Groups,TA/TO,8-30 days,No Deposit,0,0.3791,Medium risk,0.0
SW040643,P002,Online TA,TA/TO,0-7 days,No Deposit,0,0.1387,Low risk,0.0
SW040655,P002,Direct,Direct,0-7 days,No Deposit,0,0.1052,Low risk,0.0
SW040663,P002,Groups,TA/TO,31-90 days,No Deposit,1,0.4243,Medium risk,124.0
SW040669,P002,Direct,Direct,0-7 days,No Deposit,0,0.1052,Low risk,0.0
SW040686,P002,Groups,TA/TO,31-90 days,No Deposit,1,0.4243,Medium risk,124.0
SW040688,P002,Groups,TA/TO,31-90 days,No Deposit,0,0.4243,Medium risk,0.0
SW040724,P002,Corporate,Corporate,8-30 days,No Deposit,0,0.1583,Low risk,0.0
SW040731,P002,Online TA,TA/TO,0-7 days,No Deposit,0,0.1387,Low risk,0.0
SW040761,P002,Online TA,TA/TO,8-30 days,No Deposit,0,0.1974,Low risk,0.0
SW040769,P002,Online TA,TA/TO,8-30 days,No Deposit,0,0.2442,Low risk,0.0
SW040847,P002,Groups,TA/TO,8-30 days,No Deposit,1,0.3791,Medium risk,258.0
SW040858,P002,Offline TA/TO,TA/TO,91-180 days,No Deposit,1,0.3442,Medium risk,283.5
SW040881,P002,Online TA,TA/TO,0-7 days,No Deposit,0,0.2085,Low risk,0.0
SW040889,P002,Groups,TA/TO,8-30 days,No Deposit,0,0.3791,Medium risk,0.0
SW040954,P002,Online TA,Direct,0-7 days,No Deposit,0,0.0874,Low risk,0.0
SW040964,P002,Groups,TA/TO,31-90 days,No Deposit,0,0.3106,Medium risk,0.0
SW040967,P002,Online TA,TA/TO,0-7 days,No Deposit,0,0.1387,Low risk,0.0
SW040971,P002,Groups,TA/TO,31-90 days,No Deposit,0,0.3106,Medium risk,0.0
SW040989,P002,Groups,TA/TO,31-90 days,No Deposit,0,0.4243,Medium risk,0.0
SW041016,P002,Groups,TA/TO,31-90 days,No Deposit,0,0.4243,Medium risk,0.0
SW041034,P002,Online TA,TA/TO,91-180 days,No Deposit,1,0.4241,Medium risk,153.0
SW041050,P002,Online TA,TA/TO,0-7 days,No Deposit,0,0.1362,Low risk,0.0
SW041072,P002,Direct,Direct,0-7 days,No Deposit,0,0.1052,Low risk,0.0
SW041079,P002,Direct,Direct,0-7 days,No Deposit,0,0.067,Low risk,0.0
SW041105,P002,Groups,TA/TO,31-90 days,No Deposit,0,0.3106,Medium risk,0.0
SW041115,P002,Groups,TA/TO,31-90 days,No Deposit,0,0.4243,Medium risk,0.0
SW041117,P002,Groups,TA/TO,31-90 days,No Deposit,0,0.4243,Medium risk,0.0
SW041125,P002,Online TA,TA/TO,0-7 days,No Deposit,0,0.2085,Low risk,0.0
SW041146,P002,Direct,Direct,0-7 days,No Deposit,0,0.1052,Low risk,0.0
SW041161,P002,Online TA,Undefined,8-30 days,No Deposit,1,0.2034,Low risk,535.5
SW041181,P002,Offline TA/TO,TA/TO,31-90 days,No Deposit,1,0.3173,Medium risk,203.0
SW041208,P002,Offline TA/TO,TA/TO,0-7 days,No Deposit,1,0.1834,Low risk,218.0
SW041221,P002,Offline TA/TO,TA/TO,31-90 days,No Deposit,0,0.3173,Medium risk,0.0
SW041223,P002,Offline TA/TO,TA/TO,31-90 days,No Deposit,0,0.3173,Medium risk,0.0
SW041225,P002,Offline TA/TO,TA/TO,31-90 days,No Deposit,0,0.3173,Medium risk,0.0
SW041233,P002,Offline TA/TO,TA/TO,0-7 days,No Deposit,1,0.1834,Low risk,218.0
SW041246,P002,Offline TA/TO,TA/TO,31-90 days,No Deposit,1,0.3173,Medium risk,203.0
SW041289,P002,Offline TA/TO,TA/TO,0-7 days,No Deposit,1,0.1834,Low risk,218.0
SW041348,P002,Online TA,TA/TO,0-7 days,No Deposit,0,0.1255,Low risk,0.0
SW041360,P002,Online TA,TA/TO,0-7 days,No Deposit,1,0.1387,Low risk,324.0
SW041366,P002,Groups,TA/TO,31-90 days,No Deposit,0,0.4243,Medium risk,0.0
SW041437,P002,Offline TA/TO,TA/TO,91-180 days,No Deposit,1,0.3442,Medium risk,283.5
SW041442,P002,Online TA,TA/TO,8-30 days,No Deposit,1,0.2482,Low risk,99.0
SW041468,P002,Online TA,TA/TO,0-7 days,No Deposit,0,0.2085,Low risk,0.0
SW041481,P002,Groups,TA/TO,31-90 days,No Deposit,0,0.4243,Medium risk,0.0
SW041506,P002,Corporate,Corporate,0-7 days,No Deposit,1,0.1284,Low risk,360.0
SW041508,P002,Direct,Direct,0-7 days,No Deposit,0,0.1052,Low risk,0.0
SW041554,P002,Direct,Direct,0-7 days,No Deposit,1,0.1052,Low risk,114.0
SW041556,P002,Online TA,TA/TO,8-30 days,No Deposit,0,0.2164,Low risk,0.0
SW041589,P002,Online TA,TA/TO,8-30 days,No Deposit,0,0.2442,Low risk,0.0
SW041689,P002,Groups,TA/TO,31-90 days,No Deposit,0,0.4243,Medium risk,0.0
SW041705,P002,Offline TA/TO,TA/TO,91-180 days,No Deposit,0,0.3442,Medium risk,0.0
SW041751,P002,Online TA,TA/TO,0-7 days,No Deposit,1,0.2396,Low risk,48.0
SW041771,P002,Online TA,TA/TO,8-30 days,No Deposit,0,0.2128,Low risk,0.0
SW041778,P002,Direct,Direct,0-7 days,No Deposit,0,0.067,Low risk,0.0
SW041800,P002,Groups,TA/TO,31-90 days,No Deposit,0,0.4243,Medium risk,0.0
SW041801,P002,Groups,TA/TO,31-90 days,No Deposit,0,0.4243,Medium risk,0.0
SW041828,P002,Groups,TA/TO,0-7 days,No Deposit,0,0.2626,Medium risk,0.0
SW041831,P002,Groups,TA/TO,31-90 days,No Deposit,1,0.4243,Medium risk,248.0
SW041854,P002,Groups,TA/TO,31-90 days,No Deposit,1,0.4243,Medium risk,248.0
SW041890,P002,Groups,TA/TO,31-90 days,No Deposit,0,0.4243,Medium risk,0.0
SW041905,P002,Groups,TA/TO,31-90 days,No Deposit,0,0.4243,Medium risk,0.0
SW041935,P002,Online TA,TA/TO,91-180 days,No Deposit,1,0.3104,Medium risk,235.6
SW041974,P002,Online TA,TA/TO,8-30 days,No Deposit,1,0.2128,Low risk,90.0
SW042031,P002,Direct,Direct,8-30 days,No Deposit,1,0.1677,Low risk,79.0
SW042082,P002,Corporate,Corporate,0-7 days,No Deposit,0,0.1284,Low risk,0.0
SW042097,P002,Groups,TA/TO,0-7 days,No Deposit,0,0.3234,Medium risk,0.0
SW042102,P002,Groups,TA/TO,91-180 days,No Deposit,0,0.3372,Medium risk,0.0
SW042144,P002,Online TA,TA/TO,0-7 days,No Deposit,0,0.2085,Low risk,0.0
SW042155,P002,Online TA,TA/TO,8-30 days,No Deposit,0,0.3507,Medium risk,0.0
SW042177,P002,Online TA,TA/TO,8-30 days,No Deposit,0,0.2442,Low risk,0.0
SW042180,P002,Online TA,TA/TO,31-90 days,No Deposit,0,0.285,Medium risk,0.0
SW042218,P002,Direct,Direct,0-7 days,No Deposit,0,0.1052,Low risk,0.0
SW042220,P002,Direct,Direct,0-7 days,No Deposit,0,0.1052,Low risk,0.0
SW042238,P002,Online TA,TA/TO,0-7 days,No Deposit,0,0.1586,Low risk,0.0
SW042246,P002,Online TA,TA/TO,8-30 days,No Deposit,0,0.3112,Medium risk,0.0
SW042248,P002,Online TA,TA/TO,8-30 days,No Deposit,0,0.2128,Low risk,0.0
SW042292,P002,Offline TA/TO,TA/TO,0-7 days,No Deposit,0,0.1834,Low risk,0.0
SW042319,P002,Online TA,TA/TO,31-90 days,No Deposit,0,0.3947,Medium risk,0.0
SW042364,P002,Direct,Direct,8-30 days,No Deposit,0,0.1076,Low risk,0.0
SW042373,P002,Groups,TA/TO,31-90 days,Non Refund,1,0.9184,High risk,18.6
SW042416,P002,Groups,TA/TO,31-90 days,No Deposit,0,0.3106,Medium risk,0.0
SW042422,P002,Groups,TA/TO,0-7 days,No Deposit,0,0.2626,Medium risk,0.0
SW042438,P002,Groups,TA/TO,0-7 days,No Deposit,0,0.2626,Medium risk,0.0
SW042488,P002,Groups,TA/TO,31-90 days,No Deposit,1,0.4243,Medium risk,150.0
SW042505,P002,Groups,TA/TO,0-7 days,No Deposit,1,0.2626,Medium risk,12.0
SW042517,P002,Groups,TA/TO,31-90 days,No Deposit,0,0.4243,Medium risk,0.0
SW042518,P002,Groups,TA/TO,31-90 days,No Deposit,0,0.4243,Medium risk,0.0
SW042524,P002,Groups,TA/TO,31-90 days,No Deposit,0,0.4243,Medium risk,0.0
SW042569,P002,Corporate,Corporate,0-7 days,No Deposit,0,0.1284,Low risk,0.0
SW042601,P002,Offline TA/TO,TA/TO,0-7 days,No Deposit,0,0.2316,Low risk,0.0
SW042605,P002,Direct,Direct,0-7 days,No Deposit,0,0.1052,Low risk,0.0
SW042623,P002,Direct,Direct,0-7 days,No Deposit,0,0.1052,Low risk,0.0
SW042715,P002,Corporate,Corporate,31-90 days,No Deposit,0,0.185,Low risk,0.0
SW042728,P002,Corporate,Corporate,31-90 days,No Deposit,0,0.185,Low risk,0.0
SW042754,P002,Online TA,TA/TO,8-30 days,No Deposit,0,0.2128,Low risk,0.0
SW042763,P002,Corporate,Corporate,0-7 days,No Deposit,0,0.0989,Low risk,0.0
SW042779,P002,Groups,TA/TO,31-90 days,Non Refund,1,0.9184,High risk,37.8
SW042824,P002,Online TA,TA/TO,0-7 days,No Deposit,0,0.1362,Low risk,0.0
SW042828,P002,Groups,TA/TO,31-90 days,No Deposit,1,0.4243,Medium risk,270.0
SW042841,P002,Direct,Direct,8-30 days,No Deposit,0,0.1677,Low risk,0.0
SW042899,P002,Direct,Direct,8-30 days,No Deposit,0,0.1677,Low risk,0.0
SW042900,P002,Groups,TA/TO,31-90 days,No Deposit,0,0.4243,Medium risk,0.0
SW042907,P002,Online TA,TA/TO,8-30 days,No Deposit,1,0.1974,Low risk,796.53
SW042918,P002,Groups,TA/TO,8-30 days,No Deposit,1,0.3791,Medium risk,252.0
SW042982,P002,Groups,TA/TO,31-90 days,Non Refund,1,0.9184,High risk,38.7
SW042983,P002,Groups,TA/TO,31-90 days,Non Refund,1,0.9184,High risk,38.7
SW042988,P002,Groups,TA/TO,31-90 days,Non Refund,1,0.9184,High risk,38.7
SW042993,P002,Online TA,TA/TO,8-30 days,No Deposit,0,0.2128,Low risk,0.0
SW043008,P002,Groups,TA/TO,31-90 days,No Deposit,0,0.4243,Medium risk,0.0
SW043026,P002,Groups,TA/TO,31-90 days,No Deposit,0,0.4243,Medium risk,0.0
SW043055,P002,Online TA,TA/TO,31-90 days,No Deposit,0,0.25,Low risk,0.0
SW043065,P002,Offline TA/TO,TA/TO,91-180 days,No Deposit,1,0.3442,Medium risk,270.0
SW043066,P002,Offline TA/TO,TA/TO,91-180 days,No Deposit,0,0.3442,Medium risk,0.0
SW043194,P002,Groups,TA/TO,31-90 days,No Deposit,1,0.4243,Medium risk,124.0
SW043205,P002,Online TA,TA/TO,8-30 days,No Deposit,0,0.2128,Low risk,0.0
SW043208,P002,Groups,TA/TO,31-90 days,No Deposit,0,0.4243,Medium risk,0.0
SW043214,P002,Online TA,TA/TO,91-180 days,No Deposit,0,0.4241,Medium risk,0.0
SW043229,P002,Online TA,TA/TO,8-30 days,No Deposit,0,0.2128,Low risk,0.0
SW043237,P002,Online TA,TA/TO,8-30 days,No Deposit,0,0.2128,Low risk,0.0
SW043280,P002,Offline TA/TO,TA/TO,91-180 days,No Deposit,0,0.3442,Medium risk,0.0
SW043289,P002,Offline TA/TO,TA/TO,91-180 days,No Deposit,0,0.3442,Medium risk,0.0
SW043293,P002,Offline TA/TO,TA/TO,31-90 days,No Deposit,0,0.3173,Medium risk,0.0
SW043310,P002,Offline TA/TO,TA/TO,31-90 days,No Deposit,0,0.3173,Medium risk,0.0
SW043344,P002,Offline TA/TO,TA/TO,31-90 days,Non Refund,1,0.841,High risk,30.45
SW043358,P002,Offline TA/TO,TA/TO,31-90 days,Non Refund,1,0.841,High risk,30.45
SW043370,P002,Offline TA/TO,TA/TO,31-90 days,No Deposit,0,0.3173,Medium risk,0.0
SW043384,P002,Offline TA/TO,TA/TO,31-90 days,No Deposit,0,0.3173,Medium risk,0.0
SW043405,P002,Offline TA/TO,TA/TO,31-90 days,Non Refund,1,0.841,High risk,30.45
SW043417,P002,Offline TA/TO,TA/TO,31-90 days,No Deposit,0,0.3173,Medium risk,0.0
SW043421,P002,Offline TA/TO,TA/TO,31-90 days,Non Refund,1,0.841,High risk,30.45
SW043464,P002,Offline TA/TO,TA/TO,31-90 days,Non Refund,1,0.841,High risk,24.0
SW043481,P002,Online TA,TA/TO,8-30 days,No Deposit,0,0.1974,Low risk,0.0
SW043507,P002,Online TA,TA/TO,8-30 days,No Deposit,1,0.2128,Low risk,124.0
SW043516,P002,Online TA,TA/TO,31-90 days,No Deposit,0,0.3947,Medium risk,0.0
SW043541,P002,Groups,TA/TO,31-90 days,No Deposit,0,0.4243,Medium risk,0.0
SW043545,P002,Groups,TA/TO,31-90 days,No Deposit,0,0.4243,Medium risk,0.0
SW043574,P002,Corporate,Corporate,8-30 days,No Deposit,0,0.2016,Low risk,0.0
SW043584,P002,Online TA,TA/TO,31-90 days,No Deposit,0,0.3947,Medium risk,0.0
SW043643,P002,Online TA,TA/TO,31-90 days,No Deposit,1,0.2806,Medium risk,583.2
SW043653,P002,Offline TA/TO,TA/TO,31-90 days,No Deposit,0,0.3173,Medium risk,0.0
SW043656,P002,Offline TA/TO,TA/TO,31-90 days,No Deposit,0,0.3173,Medium risk,0.0
SW043688,P002,Groups,TA/TO,31-90 days,No Deposit,0,0.4243,Medium risk,0.0
SW043695,P002,Groups,TA/TO,31-90 days,No Deposit,0,0.4243,Medium risk,0.0
SW043714,P002,Offline TA/TO,TA/TO,31-90 days,No Deposit,0,0.3173,Medium risk,0.0
SW043720,P002,Offline TA/TO,TA/TO,31-90 days,No Deposit,0,0.3173,Medium risk,0.0
SW043864,P002,Groups,TA/TO,31-90 days,Non Refund,1,0.9184,High risk,127.5
SW043875,P002,Groups,TA/TO,31-90 days,Non Refund,1,0.9184,High risk,127.5
SW043911,P002,Groups,TA/TO,31-90 days,Non Refund,1,0.9184,High risk,127.5
SW043912,P002,Groups,TA/TO,31-90 days,Non Refund,1,0.9184,High risk,127.5
SW043915,P002,Groups,TA/TO,31-90 days,Non Refund,1,0.9184,High risk,127.5
SW043934,P002,Groups,TA/TO,31-90 days,Non Refund,1,0.9184,High risk,102.0
SW043948,P002,Groups,TA/TO,31-90 days,Non Refund,1,0.9184,High risk,102.0
SW044021,P002,Offline TA/TO,TA/TO,31-90 days,No Deposit,0,0.3173,Medium risk,0.0
SW044058,P002,Groups,TA/TO,91-180 days,Non Refund,1,0.9271,High risk,25.5
SW044090,P002,Offline TA/TO,TA/TO,8-30 days,Non Refund,1,0.8547,High risk,36.3
SW044093,P002,Offline TA/TO,TA/TO,8-30 days,Non Refund,1,0.8547,High risk,36.3
SW044119,P002,Offline TA/TO,TA/TO,8-30 days,Non Refund,1,0.8547,High risk,32.4
SW044141,P002,Offline TA/TO,TA/TO,31-90 days,No Deposit,0,0.3173,Medium risk,0.0
SW044186,P002,Offline TA/TO,TA/TO,91-180 days,No Deposit,0,0.3442,Medium risk,0.0
SW044237,P002,Offline TA/TO,TA/TO,91-180 days,No Deposit,0,0.3442,Medium risk,0.0
SW044246,P002,Offline TA/TO,TA/TO,91-180 days,No Deposit,0,0.3442,Medium risk,0.0
SW044253,P002,Offline TA/TO,TA/TO,31-90 days,No Deposit,0,0.3173,Medium risk,0.0
SW044271,P002,Online TA,TA/TO,31-90 days,No Deposit,0,0.3947,Medium risk,0.0
SW044314,P002,Groups,TA/TO,31-90 days,Non Refund,1,0.9184,High risk,37.2
SW044351,P002,Offline TA/TO,TA/TO,31-90 days,No Deposit,0,0.3173,Medium risk,0.0
SW044375,P002,Corporate,Corporate,31-90 days,No Deposit,0,0.2336,Low risk,0.0
SW044376,P002,Online TA,TA/TO,0-7 days,No Deposit,0,0.2396,Low risk,0.0
SW044397,P002,Groups,TA/TO,31-90 days,No Deposit,1,0.4973,High risk,295.2
SW044425,P002,Groups,TA/TO,91-180 days,Non Refund,1,0.9271,High risk,84.0
SW044439,P002,Groups,TA/TO,91-180 days,Non Refund,1,0.9271,High risk,84.0
SW044445,P002,Groups,TA/TO,91-180 days,Non Refund,1,0.9271,High risk,84.0
SW044474,P002,Online TA,TA/TO,31-90 days,No Deposit,0,0.25,Low risk,0.0
SW044501,P002,Online TA,TA/TO,31-90 days,No Deposit,1,0.246,Low risk,639.0
SW044542,P002,Offline TA/TO,TA/TO,91-180 days,No Deposit,0,0.3442,Medium risk,0.0
SW044549,P002,Offline TA/TO,TA/TO,91-180 days,No Deposit,0,0.3442,Medium risk,0.0
SW044588,P002,Offline TA/TO,TA/TO,181+ days,No Deposit,0,0.3925,Medium risk,0.0
SW044590,P002,Offline TA/TO,TA/TO,181+ days,No Deposit,0,0.3925,Medium risk,0.0
SW044598,P002,Offline TA/TO,TA/TO,181+ days,No Deposit,1,0.3925,Medium risk,344.0
SW044609,P002,Offline TA/TO,TA/TO,181+ days,No Deposit,1,0.3925,Medium risk,344.0
SW044643,P002,Offline TA/TO,TA/TO,31-90 days,No Deposit,1,0.3842,Medium risk,174.6
SW044658,P002,Offline TA/TO,TA/TO,31-90 days,No Deposit,0,0.3173,Medium risk,0.0
SW044682,P002,Offline TA/TO,TA/TO,31-90 days,No Deposit,1,0.3173,Medium risk,225.0
SW044726,P002,Offline TA/TO,TA/TO,91-180 days,Non Refund,1,0.8891,High risk,21.0
SW044792,P002,Offline TA/TO,TA/TO,31-90 days,No Deposit,0,0.2213,Low risk,0.0
SW044870,P002,Offline TA/TO,TA/TO,31-90 days,No Deposit,0,0.3173,Medium risk,0.0
SW044943,P002,Offline TA/TO,TA/TO,91-180 days,Non Refund,1,0.8891,High risk,10.5
SW044967,P002,Offline TA/TO,TA/TO,91-180 days,Non Refund,1,0.8891,High risk,16.2
SW044968,P002,Offline TA/TO,TA/TO,91-180 days,No Deposit,0,0.3442,Medium risk,0.0
SW045016,P002,Offline TA/TO,TA/TO,91-180 days,No Deposit,0,0.3442,Medium risk,0.0
SW045033,P002,Offline TA/TO,TA/TO,91-180 days,No Deposit,0,0.3442,Medium risk,0.0
SW045055,P002,Offline TA/TO,TA/TO,91-180 days,Non Refund,1,0.8566,High risk,30.45
SW045057,P002,Offline TA/TO,TA/TO,91-180 days,Non Refund,1,0.8566,High risk,30.45
SW045083,P002,Offline TA/TO,TA/TO,91-180 days,Non Refund,1,0.8566,High risk,30.45
SW045144,P002,Online TA,TA/TO,91-180 days,No Deposit,0,0.3058,Medium risk,0.0
SW045157,P002,Online TA,TA/TO,31-90 days,No Deposit,0,0.25,Low risk,0.0
SW045159,P002,Offline TA/TO,TA/TO,31-90 days,No Deposit,1,0.2213,Low risk,24.0
SW045194,P002,Online TA,TA/TO,31-90 days,No Deposit,0,0.285,Medium risk,0.0
SW045216,P002,Groups,TA/TO,31-90 days,Non Refund,1,0.9184,High risk,21.9
SW045237,P002,Groups,Direct,31-90 days,Non Refund,1,0.8724,High risk,22.5
SW045238,P002,Groups,Direct,31-90 days,Non Refund,1,0.8724,High risk,22.5
SW045243,P002,Groups,Direct,31-90 days,Non Refund,1,0.8724,High risk,22.5
SW045269,P002,Groups,TA/TO,31-90 days,No Deposit,0,0.4243,Medium risk,0.0
SW045294,P002,Groups,TA/TO,31-90 days,No Deposit,0,0.4243,Medium risk,0.0
SW045310,P002,Groups,TA/TO,31-90 days,No Deposit,0,0.4243,Medium risk,0.0
SW045333,P002,Online TA,TA/TO,31-90 days,No Deposit,1,0.25,Low risk,357.0
SW045354,P002,Offline TA/TO,TA/TO,31-90 days,No Deposit,0,0.2761,Medium risk,0.0
SW045372,P002,Groups,TA/TO,31-90 days,No Deposit,0,0.4243,Medium risk,0.0
SW045399,P002,Groups,TA/TO,31-90 days,No Deposit,0,0.4243,Medium risk,0.0
SW045407,P002,Groups,TA/TO,31-90 days,No Deposit,0,0.4243,Medium risk,0.0
SW045444,P002,Groups,TA/TO,31-90 days,No Deposit,0,0.4243,Medium risk,0.0
SW045509,P002,Groups,TA/TO,91-180 days,No Deposit,0,0.4543,High risk,0.0
SW045538,P002,Groups,TA/TO,31-90 days,Non Refund,1,0.9184,High risk,33.3
SW045583,P002,Groups,TA/TO,31-90 days,Non Refund,1,0.9184,High risk,33.3
SW045604,P002,Offline TA/TO,TA/TO,31-90 days,Non Refund,1,0.8765,High risk,22.5
SW045608,P002,Offline TA/TO,TA/TO,31-90 days,Non Refund,1,0.8765,High risk,22.5
SW045653,P002,Groups,TA/TO,91-180 days,No Deposit,0,0.4543,High risk,0.0
SW045657,P002,Groups,TA/TO,91-180 days,No Deposit,0,0.4543,High risk,0.0
SW045689,P002,Groups,TA/TO,91-180 days,No Deposit,0,0.4543,High risk,0.0
SW045719,P002,Direct,Direct,31-90 days,No Deposit,0,0.108,Low risk,0.0
SW045746,P002,Groups,TA/TO,91-180 days,No Deposit,0,0.4543,High risk,0.0
SW045794,P002,Groups,TA/TO,91-180 days,No Deposit,1,0.4543,High risk,210.0
SW045821,P002,Groups,TA/TO,91-180 days,No Deposit,0,0.4543,High risk,0.0
SW045831,P002,Groups,TA/TO,91-180 days,No Deposit,1,0.4543,High risk,252.0
SW045852,P002,Groups,TA/TO,91-180 days,No Deposit,0,0.4543,High risk,0.0
SW045871,P002,Groups,TA/TO,91-180 days,No Deposit,0,0.4543,High risk,0.0
SW045891,P002,Offline TA/TO,TA/TO,91-180 days,No Deposit,0,0.301,Medium risk,0.0
SW045958,P002,Offline TA/TO,TA/TO,91-180 days,Non Refund,1,0.8891,High risk,33.75
SW045983,P002,Offline TA/TO,TA/TO,91-180 days,Non Refund,1,0.8891,High risk,39.0
SW046010,P002,Online TA,TA/TO,91-180 days,No Deposit,1,0.2692,Medium risk,289.0
SW046020,P002,Groups,TA/TO,181+ days,Non Refund,1,0.9399,High risk,40.5
SW046026,P002,Groups,TA/TO,91-180 days,No Deposit,0,0.4543,High risk,0.0
SW046031,P002,Groups,TA/TO,91-180 days,No Deposit,0,0.4543,High risk,0.0
SW046077,P002,Online TA,TA/TO,0-7 days,No Deposit,0,0.2396,Low risk,0.0
SW046078,P002,Offline TA/TO,TA/TO,91-180 days,No Deposit,0,0.3442,Medium risk,0.0
SW046091,P002,Groups,TA/TO,91-180 days,Non Refund,1,0.9271,High risk,22.5
SW046106,P002,Offline TA/TO,TA/TO,91-180 days,No Deposit,0,0.2429,Low risk,0.0
SW046113,P002,Offline TA/TO,TA/TO,91-180 days,No Deposit,0,0.3442,Medium risk,0.0
SW046130,P002,Online TA,TA/TO,91-180 days,No Deposit,0,0.2692,Medium risk,0.0
SW046136,P002,Online TA,TA/TO,0-7 days,No Deposit,0,0.2396,Low risk,0.0
SW046161,P002,Online TA,TA/TO,0-7 days,No Deposit,0,0.2396,Low risk,0.0
SW046177,P002,Online TA,TA/TO,0-7 days,No Deposit,0,0.2396,Low risk,0.0
SW046180,P002,Online TA,TA/TO,91-180 days,No Deposit,0,0.2692,Medium risk,0.0
SW046211,P002,Online TA,TA/TO,0-7 days,No Deposit,0,0.2396,Low risk,0.0
SW046245,P002,Direct,Direct,8-30 days,No Deposit,0,0.0824,Low risk,0.0
SW046255,P002,Online TA,TA/TO,0-7 days,No Deposit,0,0.1615,Low risk,0.0
SW046347,P002,Online TA,TA/TO,8-30 days,No Deposit,0,0.2442,Low risk,0.0
SW046358,P002,Offline TA/TO,TA/TO,91-180 days,No Deposit,0,0.3442,Medium risk,0.0
SW046389,P002,Online TA,TA/TO,8-30 days,No Deposit,1,0.3507,Medium risk,712.02
SW046422,P002,Direct,Direct,91-180 days,No Deposit,1,0.2155,Low risk,74.25
SW046438,P002,Online TA,TA/TO,0-7 days,No Deposit,0,0.1231,Low risk,0.0
SW046439,P002,Online TA,TA/TO,0-7 days,No Deposit,0,0.1615,Low risk,0.0
SW046458,P002,Online TA,TA/TO,0-7 days,No Deposit,0,0.2396,Low risk,0.0
SW046508,P002,Online TA,TA/TO,0-7 days,No Deposit,0,0.2396,Low risk,0.0
SW046532,P002,Offline TA/TO,TA/TO,8-30 days,No Deposit,0,0.1905,Low risk,0.0
SW046567,P002,Online TA,TA/TO,8-30 days,No Deposit,1,0.2442,Low risk,348.0
SW046637,P002,Online TA,TA/TO,8-30 days,No Deposit,0,0.3507,Medium risk,0.0
SW046790,P002,Offline TA/TO,TA/TO,91-180 days,No Deposit,1,0.3442,Medium risk,240.0
SW046806,P002,Offline TA/TO,TA/TO,91-180 days,No Deposit,0,0.3442,Medium risk,0.0
SW046899,P002,Corporate,Corporate,31-90 days,No Deposit,1,0.185,Low risk,124.0
SW046953,P002,Online TA,TA/TO,8-30 days,No Deposit,1,0.3507,Medium risk,156.6
SW046956,P002,Online TA,TA/TO,8-30 days,No Deposit,1,0.2482,Low risk,231.75
SW046962,P002,Online TA,TA/TO,31-90 days,No Deposit,0,0.285,Medium risk,0.0
SW046985,P002,Online TA,TA/TO,31-90 days,No Deposit,0,0.3947,Medium risk,0.0
SW047013,P002,Online TA,TA/TO,0-7 days,No Deposit,1,0.2396,Low risk,3111.12
SW047050,P002,Online TA,TA/TO,8-30 days,No Deposit,1,0.3507,Medium risk,255.0
SW047053,P002,Online TA,TA/TO,31-90 days,No Deposit,1,0.3947,Medium risk,218.7
SW047060,P002,Online TA,TA/TO,8-30 days,No Deposit,1,0.3507,Medium risk,474.0
SW047089,P002,Online TA,TA/TO,31-90 days,No Deposit,0,0.3947,Medium risk,0.0
SW047125,P002,Online TA,TA/TO,31-90 days,No Deposit,0,0.2806,Medium risk,0.0
SW047128,P002,Online TA,TA/TO,8-30 days,No Deposit,1,0.2482,Low risk,688.0
SW047140,P002,Online TA,TA/TO,31-90 days,No Deposit,0,0.285,Medium risk,0.0
SW047176,P002,Direct,Direct,31-90 days,No Deposit,0,0.1534,Low risk,0.0
SW047203,P002,Online TA,TA/TO,31-90 days,No Deposit,0,0.3947,Medium risk,0.0
SW047243,P002,Online TA,TA/TO,8-30 days,No Deposit,1,0.3507,Medium risk,81.9
SW047266,P002,Offline TA/TO,TA/TO,0-7 days,No Deposit,1,0.2316,Low risk,60.4
SW047278,P002,Direct,Direct,0-7 days,No Deposit,1,0.0805,Low risk,237.0
SW047302,P002,Online TA,TA/TO,0-7 days,No Deposit,1,0.1615,Low risk,91.0
SW047304,P002,Online TA,TA/TO,31-90 days,No Deposit,1,0.3947,Medium risk,72.9
SW047330,P002,Offline TA/TO,TA/TO,31-90 days,Non Refund,1,0.8765,High risk,33.75
SW047334,P002,Offline TA/TO,TA/TO,31-90 days,Non Refund,1,0.8765,High risk,33.75
SW047382,P002,Online TA,TA/TO,31-90 days,No Deposit,0,0.285,Medium risk,0.0
SW047401,P002,Offline TA/TO,TA/TO,8-30 days,No Deposit,1,0.3407,Medium risk,207.0
SW047420,P002,Online TA,TA/TO,31-90 days,No Deposit,1,0.3947,Medium risk,202.5
SW047426,P002,Online TA,TA/TO,8-30 days,No Deposit,1,0.3507,Medium risk,440.52
SW047429,P002,Online TA,TA/TO,8-30 days,No Deposit,1,0.2482,Low risk,91.0
SW047448,P002,Online TA,TA/TO,0-7 days,No Deposit,1,0.2396,Low risk,85.0
SW047454,P002,Online TA,TA/TO,0-7 days,No Deposit,1,0.2396,Low risk,276.0
SW047468,P002,Online TA,TA/TO,31-90 days,No Deposit,0,0.285,Medium risk,0.0
SW047473,P002,Offline TA/TO,TA/TO,91-180 days,No Deposit,1,0.4133,Medium risk,540.0
SW047517,P002,Online TA,TA/TO,31-90 days,No Deposit,1,0.285,Medium risk,206.1
SW047527,P002,Online TA,TA/TO,31-90 days,No Deposit,1,0.3947,Medium risk,135.0
SW047538,P002,Online TA,TA/TO,31-90 days,No Deposit,1,0.285,Medium risk,156.6
SW047577,P002,Direct,Direct,8-30 days,No Deposit,1,0.1677,Low risk,707.0
SW047620,P002,Offline TA/TO,TA/TO,0-7 days,No Deposit,1,0.1834,Low risk,180.0
SW047697,P002,Offline TA/TO,TA/TO,91-180 days,No Deposit,1,0.3442,Medium risk,240.0
SW047708,P002,Online TA,TA/TO,31-90 days,No Deposit,1,0.285,Medium risk,236.7
SW047740,P002,Corporate,Corporate,8-30 days,No Deposit,1,0.1583,Low risk,110.0
SW047750,P002,Online TA,TA/TO,31-90 days,No Deposit,1,0.285,Medium risk,219.3
SW047796,P002,Online TA,TA/TO,31-90 days,No Deposit,0,0.2289,Low risk,0.0
SW047820,P002,Online TA,TA/TO,8-30 days,No Deposit,1,0.3507,Medium risk,794.97
SW047824,P002,Online TA,TA/TO,8-30 days,No Deposit,1,0.287,Medium risk,129.0
SW047844,P002,Online TA,TA/TO,31-90 days,No Deposit,0,0.285,Medium risk,0.0
SW047896,P002,Online TA,TA/TO,31-90 days,No Deposit,1,0.2806,Medium risk,342.9
SW047921,P002,Online TA,TA/TO,31-90 days,No Deposit,1,0.285,Medium risk,252.24
SW047943,P002,Online TA,TA/TO,31-90 days,No Deposit,0,0.285,Medium risk,0.0
SW047944,P002,Online TA,TA/TO,31-90 days,No Deposit,0,0.2289,Low risk,0.0
SW047946,P002,Online TA,TA/TO,8-30 days,No Deposit,1,0.3507,Medium risk,294.3
SW047954,P002,Online TA,TA/TO,8-30 days,No Deposit,1,0.3507,Medium risk,384.0
SW047965,P002,Online TA,TA/TO,31-90 days,No Deposit,1,0.3947,Medium risk,142.2
SW048016,P002,Online TA,TA/TO,8-30 days,No Deposit,1,0.3507,Medium risk,309.0
SW048086,P002,Online TA,TA/TO,31-90 days,No Deposit,0,0.3947,Medium risk,0.0
SW048097,P002,Online TA,TA/TO,31-90 days,No Deposit,1,0.285,Medium risk,71.1
SW048148,P002,Offline TA/TO,TA/TO,31-90 days,Non Refund,1,0.8765,High risk,48.0
SW048149,P002,Online TA,TA/TO,31-90 days,No Deposit,0,0.2252,Low risk,0.0
SW048175,P002,Groups,TA/TO,91-180 days,Non Refund,1,0.9271,High risk,22.5
SW048177,P002,Groups,TA/TO,91-180 days,Non Refund,1,0.9271,High risk,22.5
SW048178,P002,Groups,TA/TO,91-180 days,Non Refund,1,0.9271,High risk,22.5
SW048194,P002,Groups,TA/TO,91-180 days,Non Refund,1,0.9271,High risk,22.5
SW048214,P002,Online TA,TA/TO,91-180 days,No Deposit,0,0.3104,Medium risk,0.0
SW048238,P002,Groups,TA/TO,181+ days,Non Refund,1,0.9399,High risk,28.26
SW048271,P002,Groups,TA/TO,181+ days,Non Refund,1,0.9399,High risk,31.74
SW048282,P002,Online TA,TA/TO,31-90 days,No Deposit,0,0.3947,Medium risk,0.0
SW048312,P002,Online TA,TA/TO,31-90 days,No Deposit,0,0.3947,Medium risk,0.0
SW048332,P002,Online TA,TA/TO,8-30 days,No Deposit,1,0.3507,Medium risk,258.0
SW048352,P002,Online TA,TA/TO,31-90 days,No Deposit,0,0.285,Medium risk,0.0
SW048354,P002,Online TA,TA/TO,31-90 days,No Deposit,0,0.285,Medium risk,0.0
SW048355,P002,Online TA,TA/TO,31-90 days,No Deposit,0,0.285,Medium risk,0.0
SW048369,P002,Groups,TA/TO,181+ days,Non Refund,1,0.9399,High risk,56.25
SW048375,P002,Groups,TA/TO,181+ days,Non Refund,1,0.9399,High risk,56.25
SW048394,P002,Groups,TA/TO,181+ days,Non Refund,1,0.9399,High risk,40.5
SW048435,P002,Online TA,TA/TO,31-90 days,No Deposit,1,0.285,Medium risk,198.0
SW048504,P002,Online TA,TA/TO,31-90 days,No Deposit,1,0.285,Medium risk,397.8
SW048521,P002,Online TA,TA/TO,31-90 days,No Deposit,1,0.3947,Medium risk,280.8
SW048567,P002,Offline TA/TO,TA/TO,31-90 days,Non Refund,1,0.8765,High risk,45.0
SW048568,P002,Offline TA/TO,TA/TO,91-180 days,Non Refund,1,0.8891,High risk,58.5
SW048572,P002,Offline TA/TO,TA/TO,31-90 days,Non Refund,1,0.8765,High risk,45.0
SW048590,P002,Online TA,TA/TO,91-180 days,No Deposit,1,0.3058,Medium risk,315.9
SW048624,P002,Offline TA/TO,TA/TO,31-90 days,No Deposit,1,0.3173,Medium risk,260.0
SW048630,P002,Offline TA/TO,TA/TO,31-90 days,No Deposit,1,0.3173,Medium risk,260.0
SW048638,P002,Direct,Direct,31-90 days,No Deposit,1,0.1294,Low risk,1985.1
SW048656,P002,Groups,TA/TO,31-90 days,Non Refund,1,0.9184,High risk,28.8
SW048690,P002,Online TA,TA/TO,31-90 days,No Deposit,1,0.3947,Medium risk,207.0
SW048739,P002,Online TA,TA/TO,31-90 days,No Deposit,0,0.285,Medium risk,0.0
SW048742,P002,Online TA,TA/TO,31-90 days,No Deposit,1,0.3947,Medium risk,465.8
SW048761,P002,Groups,TA/TO,91-180 days,Non Refund,1,0.9271,High risk,19.2
SW048824,P002,Groups,TA/TO,181+ days,Non Refund,1,0.9399,High risk,18.6
SW048844,P002,Online TA,TA/TO,8-30 days,No Deposit,1,0.3507,Medium risk,450.9
SW048865,P002,Online TA,TA/TO,8-30 days,No Deposit,1,0.3507,Medium risk,685.0
SW048871,P002,Online TA,TA/TO,31-90 days,No Deposit,1,0.3947,Medium risk,208.8
SW048897,P002,Online TA,TA/TO,31-90 days,No Deposit,1,0.2806,Medium risk,465.8
SW048916,P002,Online TA,TA/TO,31-90 days,No Deposit,1,0.3947,Medium risk,153.0
SW048917,P002,Online TA,TA/TO,31-90 days,No Deposit,1,0.3947,Medium risk,214.2
SW048930,P002,Online TA,TA/TO,8-30 days,No Deposit,1,0.3507,Medium risk,450.32
SW048945,P002,Online TA,TA/TO,31-90 days,No Deposit,1,0.3947,Medium risk,300.6
SW048972,P002,Online TA,TA/TO,31-90 days,No Deposit,1,0.3947,Medium risk,369.5
SW049010,P002,Online TA,TA/TO,91-180 days,No Deposit,1,0.2511,Medium risk,386.0
SW049016,P002,Online TA,TA/TO,91-180 days,No Deposit,0,0.3543,Medium risk,0.0
SW049037,P002,Groups,TA/TO,91-180 days,Non Refund,1,0.9271,High risk,28.8
SW049061,P002,Offline TA/TO,TA/TO,91-180 days,Non Refund,1,0.8891,High risk,11.25
SW049082,P002,Offline TA/TO,TA/TO,91-180 days,Non Refund,1,0.8891,High risk,11.25
SW049132,P002,Offline TA/TO,TA/TO,91-180 days,Non Refund,1,0.8891,High risk,11.25
SW049141,P002,Online TA,TA/TO,91-180 days,No Deposit,0,0.3104,Medium risk,0.0
SW049175,P002,Groups,TA/TO,181+ days,Non Refund,1,0.9399,High risk,18.6
SW049193,P002,Groups,TA/TO,181+ days,Non Refund,1,0.9399,High risk,18.6
SW049208,P002,Online TA,TA/TO,31-90 days,No Deposit,1,0.3947,Medium risk,535.5
SW049237,P002,Direct,Direct,8-30 days,No Deposit,1,0.1076,Low risk,346.0
SW049291,P002,Online TA,TA/TO,91-180 days,No Deposit,1,0.3104,Medium risk,306.0
SW049309,P002,Online TA,TA/TO,91-180 days,No Deposit,0,0.3104,Medium risk,0.0
SW049320,P002,Online TA,TA/TO,91-180 days,No Deposit,1,0.3058,Medium risk,372.32
SW049344,P002,Online TA,TA/TO,31-90 days,No Deposit,1,0.3947,Medium risk,210.6
SW049373,P002,Aviation,Corporate,0-7 days,No Deposit,1,0.1425,Low risk,95.0
SW049378,P002,Online TA,TA/TO,31-90 days,No Deposit,1,0.3947,Medium risk,99.9
SW049392,P002,Online TA,TA/TO,8-30 days,No Deposit,1,0.3507,Medium risk,353.01
SW049413,P002,Online TA,TA/TO,31-90 days,No Deposit,1,0.3947,Medium risk,534.08
SW049437,P002,Online TA,TA/TO,31-90 days,No Deposit,1,0.3947,Medium risk,74.15
SW049442,P002,Groups,TA/TO,181+ days,Non Refund,1,0.9399,High risk,18.6
SW049480,P002,Groups,TA/TO,91-180 days,Non Refund,1,0.9271,High risk,29.25
SW049616,P002,Online TA,TA/TO,31-90 days,No Deposit,1,0.3947,Medium risk,105.3
SW049673,P002,Online TA,TA/TO,8-30 days,No Deposit,1,0.3507,Medium risk,178.0
SW049675,P002,Offline TA/TO,TA/TO,181+ days,Non Refund,1,0.908,High risk,33.0
SW049690,P002,Online TA,TA/TO,8-30 days,No Deposit,1,0.3507,Medium risk,267.0
SW049693,P002,Online TA,TA/TO,91-180 days,No Deposit,0,0.3543,Medium risk,0.0
SW049696,P002,Online TA,TA/TO,8-30 days,No Deposit,1,0.2482,Low risk,292.89
SW049711,P002,Online TA,TA/TO,91-180 days,No Deposit,0,0.4241,Medium risk,0.0
SW049713,P002,Online TA,TA/TO,31-90 days,No Deposit,1,0.285,Medium risk,1028.51
SW049736,P002,Online TA,TA/TO,91-180 days,No Deposit,1,0.3104,Medium risk,289.0
SW049768,P002,Offline TA/TO,TA/TO,91-180 days,Non Refund,1,0.8891,High risk,34.5
SW049787,P002,Offline TA/TO,TA/TO,91-180 days,Non Refund,1,0.8891,High risk,34.5
SW049793,P002,Offline TA/TO,TA/TO,91-180 days,Non Refund,1,0.8891,High risk,34.5
SW049798,P002,Offline TA/TO,TA/TO,91-180 days,Non Refund,1,0.8891,High risk,34.5
SW049808,P002,Offline TA/TO,TA/TO,91-180 days,No Deposit,0,0.4133,Medium risk,0.0
SW049809,P002,Online TA,TA/TO,91-180 days,No Deposit,0,0.4241,Medium risk,0.0
SW049817,P002,Online TA,TA/TO,0-7 days,No Deposit,1,0.1615,Low risk,603.0
SW049824,P002,Groups,TA/TO,181+ days,No Deposit,0,0.506,High risk,0.0
SW049833,P002,Offline TA/TO,TA/TO,181+ days,No Deposit,1,0.3925,Medium risk,251.2
SW049835,P002,Groups,TA/TO,181+ days,No Deposit,0,0.506,High risk,0.0
SW049857,P002,Groups,TA/TO,181+ days,Non Refund,1,0.9399,High risk,60.6
SW049858,P002,Groups,TA/TO,181+ days,Non Refund,1,0.9399,High risk,60.6
SW049895,P002,Offline TA/TO,TA/TO,181+ days,No Deposit,0,0.3925,Medium risk,0.0
SW049904,P002,Groups,TA/TO,181+ days,Non Refund,1,0.9399,High risk,60.6
SW049926,P002,Online TA,TA/TO,8-30 days,No Deposit,1,0.2482,Low risk,314.16
SW049942,P002,Groups,TA/TO,181+ days,Non Refund,1,0.9399,High risk,18.6
SW049959,P002,Groups,TA/TO,181+ days,Non Refund,1,0.9399,High risk,18.6
SW049969,P002,Groups,TA/TO,181+ days,Non Refund,1,0.9399,High risk,18.6
SW049987,P002,Online TA,TA/TO,31-90 days,No Deposit,1,0.3947,Medium risk,237.6
SW050020,P002,Online TA,TA/TO,31-90 days,No Deposit,1,0.3947,Medium risk,356.4
SW050053,P002,Groups,TA/TO,91-180 days,Non Refund,1,0.9271,High risk,77.25
SW050133,P002,Offline TA/TO,TA/TO,91-180 days,Non Refund,1,0.8891,High risk,28.5
SW050141,P002,Offline TA/TO,TA/TO,91-180 days,Non Refund,1,0.8891,High risk,28.5
SW050165,P002,Direct,Direct,181+ days,No Deposit,1,0.144,Low risk,381.6
SW050182,P002,Online TA,TA/TO,31-90 days,No Deposit,1,0.3947,Medium risk,316.8
SW050197,P002,Online TA,TA/TO,31-90 days,No Deposit,1,0.3947,Medium risk,595.85
SW050198,P002,Online TA,TA/TO,8-30 days,No Deposit,1,0.3507,Medium risk,988.9
SW050206,P002,Online TA,TA/TO,91-180 days,No Deposit,0,0.3104,Medium risk,0.0
SW050210,P002,Online TA,TA/TO,31-90 days,No Deposit,1,0.3947,Medium risk,329.4
SW050276,P002,Groups,TA/TO,181+ days,Non Refund,1,0.9399,High risk,18.6
SW050278,P002,Groups,TA/TO,181+ days,Non Refund,1,0.9399,High risk,18.6
SW050294,P002,Online TA,TA/TO,31-90 days,No Deposit,1,0.285,Medium risk,255.6
SW050312,P002,Online TA,TA/TO,8-30 days,No Deposit,1,0.2482,Low risk,413.01
SW050325,P002,Online TA,TA/TO,31-90 days,No Deposit,1,0.3269,Medium risk,580.5
SW050329,P002,Online TA,TA/TO,91-180 days,No Deposit,1,0.4241,Medium risk,622.2
SW050336,P002,Offline TA/TO,TA/TO,181+ days,Non Refund,1,0.908,High risk,9.75
SW050352,P002,Offline TA/TO,TA/TO,181+ days,Non Refund,1,0.908,High risk,9.75
SW050395,P002,Online TA,TA/TO,91-180 days,No Deposit,1,0.3104,Medium risk,522.75
SW050423,P002,Online TA,TA/TO,31-90 days,No Deposit,1,0.3947,Medium risk,243.0
SW050433,P002,Online TA,TA/TO,31-90 days,No Deposit,1,0.3947,Medium risk,561.6
SW050489,P002,Online TA,TA/TO,31-90 days,No Deposit,1,0.3947,Medium risk,421.2
SW050494,P002,Groups,TA/TO,181+ days,Non Refund,1,0.9399,High risk,27.0
SW050579,P002,Groups,TA/TO,181+ days,Non Refund,1,0.9399,High risk,8.85
SW050605,P002,Offline TA/TO,TA/TO,181+ days,Non Refund,1,0.908,High risk,45.0
SW050616,P002,Groups,TA/TO,181+ days,No Deposit,0,0.506,High risk,0.0
SW050640,P002,Groups,TA/TO,181+ days,Non Refund,1,0.9399,High risk,18.6
SW050668,P002,Groups,TA/TO,181+ days,No Deposit,1,0.506,High risk,195.0
SW050679,P002,Offline TA/TO,TA/TO,181+ days,Non Refund,1,0.908,High risk,40.5
SW050704,P002,Direct,Direct,91-180 days,No Deposit,1,0.1411,Low risk,733.53
SW050710,P002,Online TA,TA/TO,91-180 days,No Deposit,0,0.3104,Medium risk,0.0
SW050724,P002,Online TA,TA/TO,91-180 days,No Deposit,0,0.3104,Medium risk,0.0
SW050780,P002,Online TA,TA/TO,91-180 days,No Deposit,0,0.3104,Medium risk,0.0
SW050830,P002,Online TA,TA/TO,31-90 days,No Deposit,1,0.3947,Medium risk,464.4
SW050911,P002,Online TA,TA/TO,31-90 days,No Deposit,1,0.3947,Medium risk,369.12
SW050917,P002,Groups,TA/TO,181+ days,No Deposit,1,0.506,High risk,404.0
SW050940,P002,Groups,TA/TO,181+ days,Non Refund,1,0.9399,High risk,18.6
SW050941,P002,Groups,TA/TO,181+ days,Non Refund,1,0.9399,High risk,18.6
SW050966,P002,Groups,TA/TO,181+ days,Non Refund,1,0.9399,High risk,18.6
SW050969,P002,Groups,TA/TO,181+ days,Non Refund,1,0.9399,High risk,18.6
SW051008,P002,Offline TA/TO,TA/TO,181+ days,Non Refund,1,0.908,High risk,42.75
SW051050,P002,Offline TA/TO,TA/TO,181+ days,Non Refund,1,0.908,High risk,42.75
SW051069,P002,Offline TA/TO,TA/TO,181+ days,Non Refund,1,0.908,High risk,42.75
SW051117,P002,Offline TA/TO,TA/TO,181+ days,Non Refund,1,0.908,High risk,45.75
SW051174,P002,Online TA,TA/TO,8-30 days,No Deposit,1,0.3507,Medium risk,210.6
SW051178,P002,Direct,Direct,91-180 days,No Deposit,0,0.1699,Low risk,0.0
SW051214,P002,Groups,TA/TO,181+ days,Non Refund,1,0.9399,High risk,27.0
SW051267,P002,Groups,TA/TO,181+ days,Non Refund,1,0.9399,High risk,9.75
SW051348,P002,Online TA,TA/TO,31-90 days,No Deposit,1,0.3947,Medium risk,121.5
SW051375,P002,Groups,TA/TO,181+ days,Non Refund,1,0.9399,High risk,18.6
SW051452,P002,Offline TA/TO,TA/TO,181+ days,Non Refund,1,0.908,High risk,30.0
SW051473,P002,Offline TA/TO,TA/TO,181+ days,Non Refund,1,0.908,High risk,30.0
SW051503,P002,Offline TA/TO,TA/TO,181+ days,Non Refund,1,0.908,High risk,30.0
SW051506,P002,Offline TA/TO,TA/TO,181+ days,Non Refund,1,0.908,High risk,30.0
SW051519,P002,Online TA,TA/TO,8-30 days,No Deposit,1,0.3507,Medium risk,418.8
SW051544,P002,Online TA,TA/TO,31-90 days,No Deposit,1,0.3947,Medium risk,116.1
SW051630,P002,Online TA,TA/TO,0-7 days,No Deposit,1,0.1615,Low risk,210.68
SW051646,P002,Online TA,TA/TO,91-180 days,No Deposit,0,0.3104,Medium risk,0.0
SW051689,P002,Groups,TA/TO,91-180 days,Non Refund,1,0.9271,High risk,39.0
SW051713,P002,Groups,TA/TO,91-180 days,Non Refund,1,0.9271,High risk,39.0
SW051718,P002,Groups,TA/TO,91-180 days,Non Refund,1,0.9271,High risk,39.0
SW051808,P002,Groups,TA/TO,181+ days,Non Refund,1,0.9399,High risk,18.6
SW051850,P002,Groups,TA/TO,181+ days,No Deposit,0,0.506,High risk,0.0
SW051857,P002,Online TA,TA/TO,91-180 days,No Deposit,1,0.3543,Medium risk,596.7
SW051865,P002,Groups,TA/TO,181+ days,No Deposit,0,0.506,High risk,0.0
SW051874,P002,Groups,TA/TO,181+ days,No Deposit,0,0.506,High risk,0.0
SW051877,P002,Groups,TA/TO,181+ days,No Deposit,0,0.506,High risk,0.0
SW051880,P002,Groups,TA/TO,181+ days,No Deposit,0,0.506,High risk,0.0
SW051898,P002,Groups,TA/TO,181+ days,No Deposit,0,0.506,High risk,0.0
SW051950,P002,Groups,TA/TO,181+ days,No Deposit,0,0.506,High risk,0.0
SW051965,P002,Online TA,TA/TO,91-180 days,No Deposit,0,0.3104,Medium risk,0.0
SW051988,P002,Online TA,TA/TO,91-180 days,No Deposit,1,0.3104,Medium risk,710.6
SW051991,P002,Online TA,TA/TO,91-180 days,No Deposit,1,0.3104,Medium risk,710.6
SW051997,P002,Online TA,TA/TO,31-90 days,No Deposit,1,0.3947,Medium risk,252.72
SW052023,P002,Offline TA/TO,TA/TO,181+ days,Non Refund,1,0.908,High risk,40.5
SW052035,P002,Offline TA/TO,TA/TO,181+ days,Non Refund,1,0.908,High risk,40.5
SW052045,P002,Online TA,TA/TO,31-90 days,No Deposit,1,0.3947,Medium risk,438.6
SW052090,P002,Online TA,TA/TO,8-30 days,No Deposit,1,0.3507,Medium risk,369.0
SW052099,P002,Direct,Direct,8-30 days,No Deposit,1,0.1677,Low risk,810.88
SW052130,P002,Corporate,TA/TO,91-180 days,Non Refund,1,0.8508,High risk,45.0
SW052164,P002,Online TA,TA/TO,8-30 days,No Deposit,1,0.3507,Medium risk,584.44
SW052172,P002,Online TA,TA/TO,31-90 days,No Deposit,1,0.3947,Medium risk,168.48
SW052185,P002,Online TA,TA/TO,91-180 days,No Deposit,1,0.4241,Medium risk,751.4
SW052188,P002,Offline TA/TO,TA/TO,31-90 days,No Deposit,1,0.3842,Medium risk,578.0
SW052197,P002,Online TA,TA/TO,31-90 days,No Deposit,1,0.3947,Medium risk,140.4
SW052199,P002,Online TA,TA/TO,31-90 days,No Deposit,1,0.3947,Medium risk,140.4
SW052206,P002,Groups,TA/TO,181+ days,Non Refund,1,0.9399,High risk,18.6
SW052228,P002,Offline TA/TO,TA/TO,8-30 days,Non Refund,1,0.8547,High risk,42.0
SW052261,P002,Offline TA/TO,TA/TO,8-30 days,Non Refund,1,0.8547,High risk,42.0
SW052263,P002,Offline TA/TO,TA/TO,31-90 days,Non Refund,1,0.8765,High risk,42.0
SW052297,P002,Online TA,TA/TO,91-180 days,No Deposit,1,0.4241,Medium risk,501.5
SW052351,P002,Offline TA/TO,TA/TO,181+ days,Non Refund,1,0.908,High risk,18.84
SW052379,P002,Online TA,TA/TO,91-180 days,No Deposit,0,0.3104,Medium risk,0.0
SW052384,P002,Online TA,TA/TO,91-180 days,No Deposit,0,0.3543,Medium risk,0.0
SW052387,P002,Direct,Direct,91-180 days,No Deposit,0,0.2155,Low risk,0.0
SW052432,P002,Groups,TA/TO,91-180 days,No Deposit,1,0.4543,High risk,240.0
SW052488,P002,Offline TA/TO,TA/TO,181+ days,Non Refund,1,0.908,High risk,58.5
SW052489,P002,Offline TA/TO,TA/TO,181+ days,Non Refund,1,0.908,High risk,58.5
SW052506,P002,Online TA,TA/TO,91-180 days,No Deposit,0,0.3543,Medium risk,0.0
SW052522,P002,Offline TA/TO,Corporate,8-30 days,No Deposit,1,0.2092,Low risk,120.0
SW052532,P002,Offline TA/TO,Corporate,31-90 days,No Deposit,1,0.242,Low risk,120.0
SW052535,P002,Offline TA/TO,Corporate,31-90 days,No Deposit,1,0.242,Low risk,120.0
SW052539,P002,Offline TA/TO,Corporate,31-90 days,No Deposit,1,0.242,Low risk,120.0
SW052551,P002,Offline TA/TO,TA/TO,8-30 days,Non Refund,1,0.7824,High risk,13.5
SW052566,P002,Offline TA/TO,Corporate,31-90 days,No Deposit,1,0.242,Low risk,120.0
SW052582,P002,Offline TA/TO,Corporate,31-90 days,No Deposit,1,0.242,Low risk,120.0
SW052611,P002,Online TA,TA/TO,31-90 days,No Deposit,1,0.3947,Medium risk,766.8
SW052641,P002,Offline TA/TO,Corporate,8-30 days,No Deposit,1,0.2092,Low risk,120.0
SW052726,P002,Offline TA/TO,TA/TO,31-90 days,No Deposit,1,0.3173,Medium risk,86.0
SW052728,P002,Offline TA/TO,TA/TO,91-180 days,No Deposit,1,0.3442,Medium risk,260.0
SW052744,P002,Online TA,TA/TO,31-90 days,No Deposit,1,0.3947,Medium risk,1201.5
SW052758,P002,Online TA,TA/TO,91-180 days,No Deposit,1,0.4241,Medium risk,253.8
SW052773,P002,Offline TA/TO,TA/TO,31-90 days,Non Refund,1,0.8765,High risk,108.0
SW052803,P002,Offline TA/TO,TA/TO,31-90 days,Non Refund,1,0.8765,High risk,108.0
SW052856,P002,Online TA,TA/TO,8-30 days,No Deposit,1,0.3507,Medium risk,392.4
SW052924,P002,Offline TA/TO,TA/TO,31-90 days,Non Refund,1,0.8765,High risk,54.0
SW052977,P002,Online TA,TA/TO,31-90 days,No Deposit,1,0.285,Medium risk,678.32
SW052995,P002,Offline TA/TO,TA/TO,181+ days,Non Refund,1,0.908,High risk,39.0
SW053006,P002,Offline TA/TO,TA/TO,181+ days,Non Refund,1,0.908,High risk,39.0
SW053009,P002,Offline TA/TO,TA/TO,181+ days,Non Refund,1,0.908,High risk,39.0
SW053089,P002,Offline TA/TO,TA/TO,181+ days,Non Refund,1,0.908,High risk,39.0
SW053091,P002,Offline TA/TO,TA/TO,181+ days,Non Refund,1,0.908,High risk,39.0
SW053121,P002,Groups,TA/TO,181+ days,Non Refund,1,0.9399,High risk,8.85
SW053139,P002,Groups,TA/TO,181+ days,Non Refund,1,0.9399,High risk,18.6
SW053149,P002,Groups,TA/TO,181+ days,Non Refund,1,0.9399,High risk,18.6
SW053219,P002,Groups,TA/TO,181+ days,Non Refund,1,0.9399,High risk,42.0
SW053226,P002,Online TA,TA/TO,31-90 days,No Deposit,1,0.3947,Medium risk,232.2
SW053228,P002,Groups,TA/TO,181+ days,Non Refund,1,0.9399,High risk,42.0
SW053243,P002,Offline TA/TO,TA/TO,181+ days,Non Refund,1,0.908,High risk,22.5
SW053265,P002,Groups,TA/TO,181+ days,Non Refund,1,0.9399,High risk,42.0
SW053270,P002,Offline TA/TO,TA/TO,181+ days,Non Refund,1,0.908,High risk,22.5
SW053272,P002,Offline TA/TO,TA/TO,181+ days,Non Refund,1,0.908,High risk,22.5
SW053283,P002,Offline TA/TO,TA/TO,181+ days,Non Refund,1,0.908,High risk,22.5
SW053335,P002,Direct,Direct,31-90 days,No Deposit,1,0.0997,Low risk,24.0
SW053355,P002,Groups,TA/TO,91-180 days,Non Refund,1,0.9271,High risk,28.8
SW053425,P002,Offline TA/TO,TA/TO,181+ days,Non Refund,1,0.908,High risk,54.0
SW053477,P002,Online TA,TA/TO,31-90 days,No Deposit,1,0.3947,Medium risk,267.3
SW053484,P002,Online TA,TA/TO,8-30 days,No Deposit,1,0.3507,Medium risk,126.9
SW053493,P002,Online TA,TA/TO,31-90 days,No Deposit,1,0.3947,Medium risk,178.2
SW053512,P002,Groups,TA/TO,181+ days,Non Refund,1,0.9399,High risk,18.6
SW053517,P002,Groups,TA/TO,181+ days,Non Refund,1,0.9399,High risk,18.6
SW053524,P002,Groups,TA/TO,181+ days,Non Refund,1,0.9399,High risk,18.6
SW053529,P002,Groups,TA/TO,181+ days,Non Refund,1,0.9399,High risk,18.6
SW053546,P002,Online TA,TA/TO,31-90 days,No Deposit,1,0.3947,Medium risk,132.3
SW053579,P002,Offline TA/TO,TA/TO,91-180 days,Non Refund,1,0.8891,High risk,40.5
SW053592,P002,Offline TA/TO,TA/TO,91-180 days,Non Refund,1,0.8891,High risk,40.5
SW053627,P002,Online TA,TA/TO,91-180 days,No Deposit,1,0.3104,Medium risk,237.3
SW053628,P002,Online TA,TA/TO,8-30 days,No Deposit,1,0.2482,Low risk,413.01
SW053666,P002,Online TA,TA/TO,91-180 days,No Deposit,1,0.4241,Medium risk,96.3
SW053737,P002,Online TA,TA/TO,8-30 days,No Deposit,1,0.2482,Low risk,312.0
SW053745,P002,Online TA,TA/TO,91-180 days,No Deposit,1,0.3104,Medium risk,414.8
SW053789,P002,Online TA,TA/TO,91-180 days,No Deposit,1,0.4241,Medium risk,85.5
SW053842,P002,Offline TA/TO,TA/TO,91-180 days,Non Refund,1,0.8891,High risk,51.0
SW053844,P002,Offline TA/TO,TA/TO,91-180 days,Non Refund,1,0.8891,High risk,51.0
SW053846,P002,Direct,Direct,31-90 days,No Deposit,1,0.1956,Low risk,2071.86
SW053853,P002,Groups,TA/TO,91-180 days,Non Refund,1,0.9271,High risk,19.5
SW053884,P002,Online TA,TA/TO,31-90 days,No Deposit,1,0.3947,Medium risk,300.6
SW053915,P002,Online TA,TA/TO,181+ days,No Deposit,0,0.3564,Medium risk,0.0
SW053949,P002,Online TA,TA/TO,181+ days,No Deposit,0,0.3564,Medium risk,0.0
SW053956,P002,Online TA,TA/TO,31-90 days,No Deposit,1,0.3947,Medium risk,353.7
SW053964,P002,Online TA,TA/TO,91-180 days,No Deposit,1,0.3104,Medium risk,389.32
SW053965,P002,Offline TA/TO,TA/TO,91-180 days,No Deposit,1,0.4133,Medium risk,472.24
SW054009,P002,Online TA,TA/TO,181+ days,No Deposit,0,0.3564,Medium risk,0.0
SW054041,P002,Offline TA/TO,TA/TO,181+ days,Non Refund,1,0.908,High risk,99.0
SW054054,P002,Offline TA/TO,TA/TO,181+ days,Non Refund,1,0.908,High risk,99.0
SW054091,P002,Offline TA/TO,TA/TO,181+ days,Non Refund,1,0.908,High risk,99.0
SW054128,P002,Groups,TA/TO,181+ days,Non Refund,1,0.9399,High risk,18.6
SW054141,P002,Online TA,TA/TO,181+ days,No Deposit,0,0.2921,Medium risk,0.0
SW054166,P002,Online TA,TA/TO,91-180 days,No Deposit,1,0.4241,Medium risk,363.8
SW054173,P002,Online TA,TA/TO,91-180 days,No Deposit,1,0.3104,Medium risk,391.0
SW054207,P002,Online TA,TA/TO,8-30 days,No Deposit,1,0.2442,Low risk,561.0
SW054239,P002,Offline TA/TO,TA/TO,91-180 days,No Deposit,1,0.301,Medium risk,0.0
SW054240,P002,Offline TA/TO,TA/TO,91-180 days,No Deposit,1,0.4133,Medium risk,272.0
SW054255,P002,Online TA,TA/TO,31-90 days,No Deposit,1,0.3947,Medium risk,768.3
SW054288,P002,Online TA,TA/TO,91-180 days,No Deposit,1,0.4241,Medium risk,365.52
SW054294,P002,Offline TA/TO,TA/TO,91-180 days,No Deposit,1,0.4133,Medium risk,361.25
SW054322,P002,Online TA,TA/TO,91-180 days,No Deposit,1,0.4241,Medium risk,650.25
SW054378,P002,Groups,TA/TO,181+ days,Non Refund,1,0.9399,High risk,18.6
SW054380,P002,Groups,TA/TO,181+ days,Non Refund,1,0.9399,High risk,18.6
SW054382,P002,Online TA,TA/TO,91-180 days,No Deposit,1,0.4241,Medium risk,354.6
SW054388,P002,Online TA,TA/TO,8-30 days,No Deposit,1,0.3507,Medium risk,448.2
SW054451,P002,Online TA,TA/TO,91-180 days,No Deposit,1,0.3104,Medium risk,283.5
SW054452,P002,Online TA,TA/TO,91-180 days,No Deposit,1,0.3104,Medium risk,356.4
SW054460,P002,Online TA,TA/TO,181+ days,No Deposit,0,0.3564,Medium risk,0.0
SW054461,P002,Online TA,TA/TO,91-180 days,No Deposit,1,0.4241,Medium risk,348.52
SW054477,P002,Offline TA/TO,TA/TO,8-30 days,No Deposit,1,0.3407,Medium risk,85.0
SW054478,P002,Online TA,TA/TO,31-90 days,No Deposit,1,0.3947,Medium risk,189.0
SW054497,P002,Online TA,TA/TO,31-90 days,No Deposit,1,0.2806,Medium risk,336.6
SW054506,P002,Offline TA/TO,TA/TO,91-180 days,No Deposit,1,0.4133,Medium risk,289.0
SW054523,P002,Online TA,TA/TO,181+ days,No Deposit,0,0.2921,Medium risk,0.0
SW054525,P002,Online TA,TA/TO,181+ days,No Deposit,0,0.2921,Medium risk,0.0
SW054549,P002,Online TA,TA/TO,8-30 days,No Deposit,1,0.3507,Medium risk,89.0
SW054560,P002,Groups,TA/TO,181+ days,Non Refund,1,0.9399,High risk,19.5
SW054569,P002,Groups,TA/TO,181+ days,Non Refund,1,0.9399,High risk,19.5
SW054593,P002,Online TA,TA/TO,91-180 days,No Deposit,1,0.4241,Medium risk,130.5
SW054597,P002,Offline TA/TO,TA/TO,91-180 days,No Deposit,1,0.4133,Medium risk,63.75
SW054601,P002,Offline TA/TO,TA/TO,91-180 days,No Deposit,1,0.4133,Medium risk,63.75
SW054603,P002,Offline TA/TO,TA/TO,181+ days,No Deposit,1,0.3925,Medium risk,218.0
SW054733,P002,Online TA,TA/TO,91-180 days,No Deposit,1,0.4241,Medium risk,328.5
SW054748,P002,Online TA,TA/TO,91-180 days,No Deposit,1,0.3543,Medium risk,292.62
SW054774,P002,Online TA,TA/TO,181+ days,No Deposit,1,0.2921,Medium risk,287.25
SW054806,P002,Groups,TA/TO,181+ days,Non Refund,1,0.9399,High risk,19.5
SW054820,P002,Groups,TA/TO,181+ days,Non Refund,1,0.9399,High risk,19.5
SW054828,P002,Online TA,TA/TO,91-180 days,No Deposit,1,0.4241,Medium risk,364.5
SW054875,P002,Groups,TA/TO,181+ days,Non Refund,1,0.9399,High risk,18.6
SW054891,P002,Online TA,TA/TO,181+ days,No Deposit,1,0.4754,High risk,636.65
SW054922,P002,Online TA,TA/TO,181+ days,No Deposit,1,0.4754,High risk,323.0
SW054936,P002,Offline TA/TO,TA/TO,91-180 days,No Deposit,1,0.4133,Medium risk,216.75
SW054949,P002,Online TA,TA/TO,181+ days,No Deposit,1,0.4754,High risk,636.65
SW054951,P002,Online TA,TA/TO,8-30 days,No Deposit,1,0.2442,Low risk,201.0
SW054968,P002,Online TA,TA/TO,91-180 days,No Deposit,1,0.4241,Medium risk,421.2
SW054988,P002,Online TA,TA/TO,91-180 days,No Deposit,1,0.4241,Medium risk,1189.16
SW055027,P002,Online TA,TA/TO,181+ days,No Deposit,0,0.4754,High risk,0.0
SW055028,P002,Online TA,TA/TO,181+ days,No Deposit,0,0.4754,High risk,0.0
SW055029,P002,Online TA,TA/TO,91-180 days,No Deposit,1,0.4241,Medium risk,364.5
SW055058,P002,Groups,TA/TO,181+ days,Non Refund,1,0.9399,High risk,18.6
SW055070,P002,Groups,TA/TO,181+ days,Non Refund,1,0.9399,High risk,18.6
SW055098,P002,Online TA,TA/TO,181+ days,No Deposit,1,0.4754,High risk,323.0
SW055109,P002,Online TA,TA/TO,31-90 days,No Deposit,1,0.285,Medium risk,815.4
SW055164,P002,Direct,Direct,91-180 days,No Deposit,1,0.1438,Low risk,517.5
SW055177,P002,Online TA,TA/TO,91-180 days,No Deposit,1,0.4241,Medium risk,879.75
SW055195,P002,Online TA,TA/TO,31-90 days,No Deposit,1,0.285,Medium risk,402.3
SW055256,P002,Offline TA/TO,TA/TO,8-30 days,No Deposit,1,0.3407,Medium risk,812.0
SW055297,P002,Groups,TA/TO,181+ days,Non Refund,1,0.9399,High risk,19.5
SW055303,P002,Groups,TA/TO,181+ days,Non Refund,1,0.9399,High risk,19.5
SW055334,P002,Online TA,TA/TO,181+ days,No Deposit,0,0.4754,High risk,0.0
SW055354,P002,Groups,TA/TO,181+ days,Non Refund,1,0.9399,High risk,18.6
SW055393,P002,Online TA,TA/TO,181+ days,No Deposit,0,0.4754,High risk,0.0
SW055436,P002,Online TA,TA/TO,181+ days,No Deposit,1,0.4754,High risk,210.6
SW055445,P002,Groups,TA/TO,181+ days,Non Refund,1,0.9399,High risk,28.8
SW055449,P002,Online TA,TA/TO,91-180 days,No Deposit,1,0.4241,Medium risk,207.0
SW055461,P002,Online TA,TA/TO,31-90 days,No Deposit,1,0.3947,Medium risk,448.2
SW055462,P002,Direct,Direct,91-180 days,No Deposit,1,0.1411,Low risk,489.6
SW055477,P002,Online TA,TA/TO,91-180 days,No Deposit,1,0.3058,Medium risk,1203.72
SW055497,P002,Online TA,TA/TO,181+ days,No Deposit,1,0.4754,High risk,433.8
SW055519,P002,Offline TA/TO,TA/TO,91-180 days,No Deposit,1,0.4133,Medium risk,259.08
SW055520,P002,Offline TA/TO,TA/TO,91-180 days,No Deposit,1,0.4133,Medium risk,321.3
SW055535,P002,Online TA,TA/TO,31-90 days,No Deposit,1,0.3947,Medium risk,779.4
SW055577,P002,Online TA,TA/TO,181+ days,No Deposit,1,0.2921,Medium risk,139.5
SW055592,P002,Direct,Direct,91-180 days,No Deposit,1,0.1112,Low risk,352.0
SW055616,P002,Groups,TA/TO,181+ days,Non Refund,1,0.9399,High risk,8.85
SW055641,P002,Groups,TA/TO,181+ days,Non Refund,1,0.9399,High risk,18.6
SW055724,P002,Offline TA/TO,TA/TO,181+ days,No Deposit,1,0.3925,Medium risk,390.0
SW055725,P002,Offline TA/TO,TA/TO,181+ days,No Deposit,1,0.3925,Medium risk,390.0
SW055726,P002,Offline TA/TO,TA/TO,181+ days,No Deposit,1,0.3925,Medium risk,390.0
SW055772,P002,Online TA,TA/TO,91-180 days,No Deposit,1,0.4241,Medium risk,643.51
SW055852,P002,Online TA,TA/TO,181+ days,No Deposit,1,0.4754,High risk,596.7
SW055873,P002,Online TA,TA/TO,91-180 days,No Deposit,1,0.4241,Medium risk,532.8
SW055886,P002,Online TA,TA/TO,181+ days,No Deposit,1,0.4754,High risk,679.14
SW055934,P002,Groups,TA/TO,181+ days,Non Refund,1,0.9399,High risk,18.6
SW055937,P002,Groups,TA/TO,181+ days,Non Refund,1,0.9399,High risk,18.6
SW055995,P002,Online TA,TA/TO,91-180 days,No Deposit,1,0.4241,Medium risk,272.7
SW056058,P002,Online TA,TA/TO,8-30 days,No Deposit,1,0.2482,Low risk,997.01
SW056060,P002,Online TA,TA/TO,181+ days,No Deposit,1,0.3564,Medium risk,128.7
SW056073,P002,Online TA,TA/TO,31-90 days,No Deposit,1,0.3947,Medium risk,426.6
SW056121,P002,Online TA,TA/TO,31-90 days,No Deposit,1,0.3947,Medium risk,576.92
SW056149,P002,Online TA,TA/TO,31-90 days,No Deposit,1,0.2806,Medium risk,439.2
SW056156,P002,Online TA,TA/TO,31-90 days,No Deposit,1,0.3947,Medium risk,558.0
SW056180,P002,Online TA,TA/TO,91-180 days,No Deposit,1,0.4241,Medium risk,450.52
SW056208,P002,Groups,TA/TO,181+ days,Non Refund,1,0.9399,High risk,18.6
SW056245,P002,Online TA,TA/TO,91-180 days,No Deposit,1,0.4241,Medium risk,601.8
SW056261,P002,Online TA,TA/TO,31-90 days,No Deposit,1,0.285,Medium risk,246.6
SW056262,P002,Online TA,TA/TO,31-90 days,No Deposit,1,0.3947,Medium risk,271.8
SW056268,P002,Groups,TA/TO,91-180 days,Non Refund,1,0.9271,High risk,51.75
SW056273,P002,Online TA,TA/TO,31-90 days,No Deposit,1,0.3947,Medium risk,369.9
SW056281,P002,Groups,TA/TO,91-180 days,Non Refund,1,0.9271,High risk,51.75
SW056303,P002,Online TA,TA/TO,181+ days,No Deposit,0,0.2921,Medium risk,0.0
SW056315,P002,Online TA,TA/TO,91-180 days,No Deposit,1,0.4241,Medium risk,531.9
SW056334,P002,Online TA,TA/TO,8-30 days,No Deposit,1,0.3507,Medium risk,626.0
SW056347,P002,Groups,TA/TO,181+ days,Non Refund,1,0.9399,High risk,45.0
SW056350,P002,Groups,TA/TO,181+ days,Non Refund,1,0.9399,High risk,45.0
SW056371,P002,Direct,Direct,0-7 days,No Deposit,1,0.1052,Low risk,375.0
SW056388,P002,Online TA,TA/TO,181+ days,No Deposit,1,0.4754,High risk,760.75
SW056421,P002,Direct,Direct,181+ days,No Deposit,1,0.1682,Low risk,500.4
SW056437,P002,Offline TA/TO,TA/TO,181+ days,No Deposit,1,0.3925,Medium risk,560.0
SW056441,P002,Offline TA/TO,TA/TO,181+ days,No Deposit,1,0.3925,Medium risk,560.0
SW056442,P002,Online TA,TA/TO,0-7 days,No Deposit,1,0.2396,Low risk,134.1
SW056447,P002,Direct,Direct,181+ days,No Deposit,0,0.1712,Low risk,0.0
SW056451,P002,Offline TA/TO,TA/TO,181+ days,No Deposit,1,0.3925,Medium risk,685.0
SW056483,P002,Groups,TA/TO,181+ days,Non Refund,1,0.9399,High risk,9.75
SW056490,P002,Groups,TA/TO,181+ days,Non Refund,1,0.9399,High risk,9.75
SW056499,P002,Groups,TA/TO,181+ days,Non Refund,1,0.9399,High risk,18.6
SW056532,P002,Groups,TA/TO,181+ days,Non Refund,1,0.9399,High risk,18.6
SW056604,P002,Groups,TA/TO,91-180 days,Non Refund,1,0.9271,High risk,40.5
SW056607,P002,Groups,TA/TO,181+ days,Non Refund,1,0.9399,High risk,31.5
SW056627,P002,Groups,TA/TO,181+ days,Non Refund,1,0.9399,High risk,31.5
SW056641,P002,Groups,TA/TO,181+ days,Non Refund,1,0.9399,High risk,54.0
SW056705,P002,Online TA,TA/TO,8-30 days,No Deposit,1,0.3507,Medium risk,68.53
SW056823,P002,Offline TA/TO,TA/TO,181+ days,Non Refund,1,0.908,High risk,36.0
SW056874,P002,Groups,TA/TO,181+ days,Non Refund,1,0.9399,High risk,8.85
SW056882,P002,Offline TA/TO,TA/TO,181+ days,Non Refund,1,0.908,High risk,36.0
SW056949,P002,Online TA,TA/TO,31-90 days,No Deposit,1,0.3947,Medium risk,149.4
SW056960,P002,Groups,TA/TO,181+ days,No Deposit,0,0.385,Medium risk,0.0
SW056974,P002,Groups,TA/TO,181+ days,No Deposit,0,0.385,Medium risk,0.0
SW056986,P002,Online TA,TA/TO,31-90 days,No Deposit,1,0.2806,Medium risk,298.8
SW057009,P002,Online TA,TA/TO,91-180 days,No Deposit,1,0.3104,Medium risk,437.4
SW057015,P002,Groups,TA/TO,181+ days,Non Refund,1,0.9399,High risk,54.0
SW057081,P002,Online TA,TA/TO,8-30 days,No Deposit,1,0.2482,Low risk,387.0
SW057092,P002,Online TA,TA/TO,181+ days,No Deposit,1,0.3564,Medium risk,438.6
SW057105,P002,Offline TA/TO,TA/TO,8-30 days,Non Refund,1,0.8547,High risk,17.72
SW057126,P002,Offline TA/TO,TA/TO,181+ days,Non Refund,1,0.908,High risk,49.5
SW057133,P002,Corporate,Corporate,181+ days,Non Refund,1,0.7822,High risk,47.7
SW057155,P002,Online TA,TA/TO,8-30 days,No Deposit,1,0.3507,Medium risk,936.0
SW057177,P002,Online TA,TA/TO,91-180 days,No Deposit,1,0.4241,Medium risk,858.6
SW057200,P002,Online TA,TA/TO,8-30 days,No Deposit,1,0.2482,Low risk,636.3
SW057241,P002,Groups,TA/TO,181+ days,Non Refund,1,0.9399,High risk,18.6
SW057273,P002,Online TA,TA/TO,181+ days,No Deposit,1,0.403,Medium risk,340.2
SW057291,P002,Online TA,TA/TO,8-30 days,No Deposit,1,0.2482,Low risk,159.0
SW057341,P002,Groups,TA/TO,181+ days,Non Refund,1,0.9399,High risk,28.8
SW057343,P002,Groups,TA/TO,181+ days,Non Refund,1,0.9399,High risk,28.8
SW057367,P002,Online TA,TA/TO,8-30 days,No Deposit,1,0.3507,Medium risk,387.0
SW057378,P002,Direct,Direct,31-90 days,No Deposit,1,0.127,Low risk,874.8
SW057423,P002,Online TA,TA/TO,8-30 days,No Deposit,1,0.3507,Medium risk,214.2
SW057425,P002,Online TA,TA/TO,91-180 days,No Deposit,1,0.4241,Medium risk,304.2
SW057432,P002,Offline TA/TO,TA/TO,181+ days,No Deposit,0,0.3925,Medium risk,0.0
SW057433,P002,Offline TA/TO,TA/TO,181+ days,No Deposit,0,0.3925,Medium risk,0.0
SW057434,P002,Offline TA/TO,TA/TO,181+ days,No Deposit,0,0.3925,Medium risk,0.0
SW057470,P002,Offline TA/TO,TA/TO,181+ days,No Deposit,0,0.3925,Medium risk,0.0
SW057536,P002,Offline TA/TO,TA/TO,181+ days,Non Refund,1,0.908,High risk,57.0
SW057550,P002,Offline TA/TO,TA/TO,0-7 days,No Deposit,1,0.1528,Low risk,75.0
SW057561,P002,Online TA,TA/TO,8-30 days,No Deposit,1,0.2482,Low risk,310.38
SW057596,P002,Online TA,TA/TO,8-30 days,No Deposit,1,0.2482,Low risk,1396.0
SW057620,P002,Groups,TA/TO,181+ days,Non Refund,1,0.9399,High risk,18.6
SW057638,P002,Groups,TA/TO,181+ days,Non Refund,1,0.9399,High risk,18.6
SW057641,P002,Groups,TA/TO,181+ days,Non Refund,1,0.9399,High risk,18.6
SW057655,P002,Corporate,Corporate,0-7 days,No Deposit,1,0.1284,Low risk,524.0
SW057685,P002,Online TA,TA/TO,91-180 days,No Deposit,1,0.4241,Medium risk,432.9
SW057701,P002,Groups,TA/TO,181+ days,Non Refund,1,0.9399,High risk,54.0
SW057712,P002,Online TA,TA/TO,181+ days,No Deposit,1,0.403,Medium risk,318.6
SW057734,P002,Online TA,TA/TO,181+ days,No Deposit,1,0.403,Medium risk,318.6
SW057750,P002,Groups,TA/TO,181+ days,Non Refund,1,0.9399,High risk,54.0
SW057780,P002,Online TA,TA/TO,91-180 days,No Deposit,1,0.4241,Medium risk,453.6
SW057808,P002,Online TA,TA/TO,181+ days,No Deposit,1,0.4754,High risk,196.2
SW057841,P002,Online TA,TA/TO,181+ days,No Deposit,1,0.4754,High risk,318.6
SW057851,P002,Groups,TA/TO,181+ days,No Deposit,1,0.506,High risk,288.0
SW057899,P002,Online TA,TA/TO,8-30 days,No Deposit,1,0.3507,Medium risk,270.0
SW057906,P002,Online TA,TA/TO,31-90 days,No Deposit,1,0.3947,Medium risk,378.0
SW057913,P002,Online TA,TA/TO,31-90 days,No Deposit,1,0.285,Medium risk,459.0
SW057940,P002,Offline TA/TO,TA/TO,181+ days,Non Refund,1,0.908,High risk,60.0
SW057955,P002,Online TA,TA/TO,181+ days,No Deposit,1,0.4754,High risk,98.1
SW057962,P002,Online TA,TA/TO,181+ days,No Deposit,1,0.4754,High risk,303.15
SW057964,P002,Online TA,TA/TO,8-30 days,No Deposit,1,0.3507,Medium risk,348.3
SW057984,P002,Online TA,TA/TO,8-30 days,No Deposit,1,0.2442,Low risk,801.5
SW057985,P002,Corporate,Corporate,0-7 days,No Deposit,1,0.1284,Low risk,655.0
SW058009,P002,Groups,TA/TO,31-90 days,Non Refund,1,0.9184,High risk,36.0
SW058029,P002,Offline TA/TO,TA/TO,91-180 days,No Deposit,1,0.4133,Medium risk,156.4
SW058080,P002,Online TA,TA/TO,8-30 days,No Deposit,1,0.3507,Medium risk,97.02
SW058083,P002,Groups,TA/TO,181+ days,Non Refund,1,0.9399,High risk,18.6
SW058116,P002,Online TA,TA/TO,91-180 days,No Deposit,1,0.3104,Medium risk,453.6
SW058139,P002,Online TA,TA/TO,181+ days,No Deposit,1,0.4754,High risk,435.6
SW058154,P002,Groups,TA/TO,181+ days,Non Refund,1,0.9399,High risk,19.5
SW058177,P002,Groups,TA/TO,181+ days,Non Refund,1,0.9399,High risk,19.5
SW058184,P002,Offline TA/TO,TA/TO,181+ days,No Deposit,1,0.3925,Medium risk,240.0
SW058189,P002,Online TA,TA/TO,91-180 days,No Deposit,1,0.3104,Medium risk,356.4
SW058223,P002,Offline TA/TO,TA/TO,31-90 days,No Deposit,1,0.3842,Medium risk,323.0
SW058288,P002,Offline TA/TO,TA/TO,91-180 days,No Deposit,1,0.3442,Medium risk,120.0
SW058293,P002,Offline TA/TO,TA/TO,91-180 days,No Deposit,1,0.3442,Medium risk,120.0
SW058336,P002,Online TA,TA/TO,181+ days,No Deposit,1,0.4754,High risk,98.1
SW058342,P002,Online TA,TA/TO,181+ days,No Deposit,1,0.4754,High risk,78.48
SW058391,P002,Offline TA/TO,TA/TO,181+ days,Non Refund,1,0.908,High risk,33.75
SW058430,P002,Offline TA/TO,TA/TO,181+ days,Non Refund,1,0.908,High risk,33.75
SW058447,P002,Offline TA/TO,TA/TO,181+ days,Non Refund,1,0.908,High risk,49.5
SW058448,P002,Offline TA/TO,TA/TO,181+ days,Non Refund,1,0.908,High risk,49.5
SW058494,P002,Groups,TA/TO,8-30 days,No Deposit,1,0.3791,Medium risk,120.0
SW058516,P002,Groups,TA/TO,181+ days,Non Refund,1,0.9399,High risk,18.6
SW058530,P002,Offline TA/TO,TA/TO,31-90 days,No Deposit,1,0.3173,Medium risk,315.0
SW058555,P002,Offline TA/TO,TA/TO,31-90 days,No Deposit,1,0.3173,Medium risk,285.0
SW058557,P002,Offline TA/TO,TA/TO,31-90 days,No Deposit,1,0.3173,Medium risk,285.0
SW058607,P002,Offline TA/TO,TA/TO,31-90 days,No Deposit,1,0.3173,Medium risk,315.0
SW058744,P002,Online TA,TA/TO,181+ days,No Deposit,1,0.403,Medium risk,318.9
SW058757,P002,Offline TA/TO,TA/TO,91-180 days,Non Refund,1,0.8891,High risk,51.75
SW058791,P002,Offline TA/TO,TA/TO,181+ days,Non Refund,1,0.908,High risk,13.5
SW058800,P002,Offline TA/TO,TA/TO,181+ days,Non Refund,1,0.908,High risk,16.5
SW058801,P002,Offline TA/TO,TA/TO,181+ days,Non Refund,1,0.908,High risk,16.5
SW058831,P002,Groups,TA/TO,181+ days,Non Refund,1,0.9399,High risk,28.8
SW058839,P002,Groups,TA/TO,181+ days,Non Refund,1,0.9399,High risk,28.8
SW058842,P002,Online TA,TA/TO,8-30 days,No Deposit,1,0.2442,Low risk,323.4
SW058861,P002,Online TA,TA/TO,181+ days,No Deposit,1,0.403,Medium risk,409.05
SW058879,P002,Online TA,TA/TO,91-180 days,No Deposit,1,0.4241,Medium risk,264.6
SW058894,P002,Online TA,TA/TO,31-90 days,No Deposit,1,0.3947,Medium risk,396.9
SW058926,P002,Online TA,TA/TO,0-7 days,No Deposit,1,0.1615,Low risk,800.0
SW058927,P002,Online TA,TA/TO,181+ days,No Deposit,1,0.4754,High risk,531.25
SW058930,P002,Online TA,TA/TO,91-180 days,No Deposit,1,0.3058,Medium risk,594.0
SW058948,P002,Online TA,TA/TO,181+ days,No Deposit,1,0.3515,Medium risk,363.6
SW058955,P002,Online TA,TA/TO,181+ days,No Deposit,1,0.3515,Medium risk,342.0
SW058973,P002,Online TA,TA/TO,31-90 days,No Deposit,1,0.3947,Medium risk,470.4
SW058980,P002,Online TA,TA/TO,181+ days,No Deposit,0,0.3564,Medium risk,0.0
SW058992,P002,Groups,TA/TO,181+ days,Non Refund,1,0.9399,High risk,18.6
SW059029,P002,Online TA,TA/TO,91-180 days,No Deposit,1,0.3058,Medium risk,396.9
SW059049,P002,Online TA,TA/TO,31-90 days,No Deposit,1,0.2806,Medium risk,438.99
SW059050,P002,Direct,Direct,91-180 days,Non Refund,1,0.7577,High risk,45.0
SW059051,P002,Offline TA/TO,TA/TO,91-180 days,No Deposit,1,0.4133,Medium risk,428.49
SW059055,P002,Online TA,TA/TO,31-90 days,No Deposit,1,0.3947,Medium risk,911.6
SW059088,P002,Groups,TA/TO,181+ days,Non Refund,1,0.9399,High risk,19.5
SW059114,P002,Groups,TA/TO,181+ days,Non Refund,1,0.9399,High risk,19.5
SW059131,P002,Groups,TA/TO,181+ days,Non Refund,1,0.9399,High risk,19.5
SW059178,P002,Groups,TA/TO,181+ days,No Deposit,1,0.506,High risk,190.0
SW059187,P002,Online TA,TA/TO,91-180 days,No Deposit,1,0.3104,Medium risk,432.0
SW059234,P002,Offline TA/TO,TA/TO,181+ days,No Deposit,1,0.2831,Medium risk,230.0
SW059244,P002,Direct,Direct,181+ days,No Deposit,1,0.2526,Medium risk,427.5
SW059246,P002,Online TA,TA/TO,181+ days,No Deposit,0,0.3564,Medium risk,0.0
SW059251,P002,Online TA,TA/TO,181+ days,No Deposit,1,0.3564,Medium risk,386.1
SW059304,P002,Online TA,TA/TO,181+ days,No Deposit,1,0.3564,Medium risk,386.1
SW059344,P002,Online TA,TA/TO,91-180 days,No Deposit,1,0.4241,Medium risk,208.8
SW059425,P002,Groups,TA/TO,181+ days,No Deposit,1,0.506,High risk,190.0
SW059430,P002,Online TA,TA/TO,181+ days,No Deposit,1,0.403,Medium risk,257.4
SW059433,P002,Groups,TA/TO,181+ days,Non Refund,1,0.9399,High risk,19.5
SW059442,P002,Groups,TA/TO,181+ days,No Deposit,1,0.506,High risk,190.0
SW059447,P002,Groups,TA/TO,181+ days,No Deposit,1,0.506,High risk,190.0
SW059460,P002,Groups,TA/TO,181+ days,Non Refund,1,0.9399,High risk,49.5
SW059461,P002,Online TA,TA/TO,8-30 days,No Deposit,1,0.2482,Low risk,465.0
SW059470,P002,Groups,TA/TO,181+ days,Non Refund,1,0.9399,High risk,49.5
SW059471,P002,Groups,TA/TO,181+ days,Non Refund,1,0.9399,High risk,49.5
SW059474,P002,Groups,TA/TO,181+ days,Non Refund,1,0.9399,High risk,49.5
SW059511,P002,Online TA,TA/TO,181+ days,No Deposit,1,0.4754,High risk,288.9
SW059553,P002,Online TA,TA/TO,31-90 days,No Deposit,1,0.285,Medium risk,218.0
SW059598,P002,Online TA,TA/TO,181+ days,No Deposit,1,0.3564,Medium risk,355.32
SW059599,P002,Online TA,TA/TO,91-180 days,No Deposit,1,0.4241,Medium risk,856.8
SW059601,P002,Online TA,TA/TO,181+ days,No Deposit,1,0.4754,High risk,386.75
SW059610,P002,Offline TA/TO,TA/TO,31-90 days,Non Refund,1,0.8765,High risk,31.5
SW059615,P002,Offline TA/TO,TA/TO,31-90 days,Non Refund,1,0.8765,High risk,31.5
SW059635,P002,Offline TA/TO,TA/TO,31-90 days,Non Refund,1,0.8765,High risk,31.5
SW059639,P002,Offline TA/TO,TA/TO,31-90 days,Non Refund,1,0.8765,High risk,31.5
SW059664,P002,Online TA,TA/TO,181+ days,No Deposit,1,0.4754,High risk,429.25
SW059682,P002,Online TA,TA/TO,91-180 days,No Deposit,1,0.3058,Medium risk,360.92
SW059683,P002,Online TA,TA/TO,8-30 days,No Deposit,1,0.2442,Low risk,517.0
SW059693,P002,Online TA,TA/TO,31-90 days,No Deposit,1,0.3947,Medium risk,886.48
SW059771,P002,Offline TA/TO,TA/TO,91-180 days,Non Refund,1,0.8891,High risk,49.5
SW059830,P002,Online TA,TA/TO,31-90 days,No Deposit,1,0.3947,Medium risk,180.0
SW059837,P002,Groups,TA/TO,181+ days,Non Refund,1,0.9399,High risk,18.84
SW059867,P002,Offline TA/TO,TA/TO,181+ days,Non Refund,1,0.908,High risk,40.05
SW059872,P002,Offline TA/TO,TA/TO,181+ days,Non Refund,1,0.908,High risk,40.05
SW059874,P002,Offline TA/TO,TA/TO,181+ days,Non Refund,1,0.908,High risk,40.05
SW059879,P002,Offline TA/TO,TA/TO,181+ days,Non Refund,1,0.908,High risk,40.05
SW059891,P002,Offline TA/TO,TA/TO,181+ days,Non Refund,1,0.908,High risk,40.05
SW059899,P002,Offline TA/TO,TA/TO,181+ days,Non Refund,1,0.908,High risk,40.05
SW059915,P002,Offline TA/TO,TA/TO,181+ days,Non Refund,1,0.908,High risk,40.05
SW059930,P002,Offline TA/TO,TA/TO,181+ days,Non Refund,1,0.908,High risk,40.05
SW059931,P002,Offline TA/TO,TA/TO,181+ days,Non Refund,1,0.908,High risk,40.05
SW059943,P002,Online TA,TA/TO,8-30 days,No Deposit,1,0.2482,Low risk,80.47
SW059973,P002,Offline TA/TO,TA/TO,181+ days,Non Refund,1,0.908,High risk,40.05
SW059989,P002,Offline TA/TO,TA/TO,181+ days,Non Refund,1,0.908,High risk,40.05
SW060013,P002,Offline TA/TO,TA/TO,181+ days,Non Refund,1,0.908,High risk,40.05
SW060037,P002,Offline TA/TO,TA/TO,181+ days,Non Refund,1,0.908,High risk,40.05
SW060069,P002,Online TA,TA/TO,8-30 days,No Deposit,1,0.2482,Low risk,140.0
SW060090,P002,Groups,TA/TO,91-180 days,No Deposit,1,0.4543,High risk,75.0
SW060092,P002,Groups,TA/TO,91-180 days,No Deposit,1,0.4543,High risk,75.0
SW060143,P002,Online TA,TA/TO,31-90 days,No Deposit,1,0.285,Medium risk,663.0
SW060151,P002,Online TA,TA/TO,8-30 days,No Deposit,1,0.2482,Low risk,1010.28
SW060162,P002,Groups,TA/TO,181+ days,Non Refund,1,0.9399,High risk,45.0
SW060218,P002,Groups,TA/TO,181+ days,Non Refund,1,0.9399,High risk,45.0
SW060237,P002,Groups,TA/TO,181+ days,Non Refund,1,0.9399,High risk,45.0
SW060239,P002,Groups,TA/TO,181+ days,Non Refund,1,0.9399,High risk,45.0
SW060250,P002,Groups,TA/TO,181+ days,Non Refund,1,0.9399,High risk,28.26
SW060259,P002,Groups,TA/TO,181+ days,Non Refund,1,0.9399,High risk,45.0
SW060261,P002,Groups,TA/TO,181+ days,Non Refund,1,0.9399,High risk,45.0
SW060306,P002,Groups,TA/TO,181+ days,Non Refund,1,0.9399,High risk,45.0
SW060333,P002,Groups,TA/TO,181+ days,Non Refund,1,0.9399,High risk,45.0
SW060376,P002,Online TA,GDS,31-90 days,No Deposit,1,0.3063,Medium risk,608.8
SW060402,P002,Offline TA/TO,TA/TO,8-30 days,No Deposit,1,0.278,Medium risk,99.0
SW060444,P002,Online TA,TA/TO,31-90 days,No Deposit,1,0.2806,Medium risk,212.4
SW060483,P002,Online TA,TA/TO,31-90 days,No Deposit,1,0.2806,Medium risk,130.0
SW060506,P002,Online TA,TA/TO,91-180 days,No Deposit,1,0.3058,Medium risk,332.04
SW060514,P002,Online TA,TA/TO,31-90 days,No Deposit,1,0.285,Medium risk,1133.92
SW060516,P002,Online TA,TA/TO,31-90 days,No Deposit,1,0.3947,Medium risk,748.02
SW060522,P002,Online TA,TA/TO,8-30 days,No Deposit,1,0.2482,Low risk,264.0
SW060553,P002,Online TA,TA/TO,91-180 days,No Deposit,1,0.3058,Medium risk,303.6
SW060563,P002,Online TA,TA/TO,181+ days,No Deposit,1,0.4754,High risk,286.2
SW060590,P002,Online TA,TA/TO,31-90 days,No Deposit,1,0.3947,Medium risk,299.2
SW060605,P002,Direct,Direct,8-30 days,No Deposit,1,0.1677,Low risk,1271.06
SW060638,P002,Online TA,TA/TO,0-7 days,No Deposit,1,0.1615,Low risk,504.0
SW060649,P002,Online TA,TA/TO,0-7 days,No Deposit,1,0.2396,Low risk,475.98
SW060687,P002,Online TA,TA/TO,91-180 days,No Deposit,1,0.3104,Medium risk,180.0
SW060690,P002,Online TA,TA/TO,8-30 days,No Deposit,1,0.2482,Low risk,222.0
SW060695,P002,Online TA,TA/TO,31-90 days,No Deposit,1,0.285,Medium risk,487.2
SW060732,P002,Online TA,TA/TO,31-90 days,No Deposit,1,0.2806,Medium risk,158.4
SW060808,P002,Online TA,TA/TO,8-30 days,No Deposit,1,0.3507,Medium risk,144.76
SW060812,P002,Online TA,TA/TO,31-90 days,No Deposit,1,0.2806,Medium risk,280.8
SW060853,P002,Groups,TA/TO,181+ days,Non Refund,1,0.9399,High risk,18.84
SW060876,P002,Online TA,TA/TO,181+ days,No Deposit,1,0.4754,High risk,67.5
SW060890,P002,Online TA,TA/TO,31-90 days,No Deposit,1,0.285,Medium risk,176.0
SW060900,P002,Offline TA/TO,TA/TO,181+ days,Non Refund,1,0.908,High risk,15.6
SW060902,P002,Offline TA/TO,TA/TO,181+ days,Non Refund,1,0.908,High risk,15.6
SW060911,P002,Online TA,TA/TO,31-90 days,No Deposit,1,0.285,Medium risk,237.6
SW060932,P002,Online TA,TA/TO,91-180 days,No Deposit,1,0.4241,Medium risk,158.4
SW060947,P002,Groups,TA/TO,31-90 days,No Deposit,1,0.4243,Medium risk,225.0
SW060953,P002,Online TA,TA/TO,91-180 days,No Deposit,1,0.4241,Medium risk,340.0
SW060961,P002,Online TA,TA/TO,8-30 days,No Deposit,1,0.3507,Medium risk,327.7
SW060982,P002,Groups,TA/TO,31-90 days,No Deposit,1,0.4243,Medium risk,150.0
SW061001,P002,Groups,TA/TO,31-90 days,Non Refund,1,0.9184,High risk,40.5
SW061058,P002,Groups,TA/TO,181+ days,Non Refund,1,0.9399,High risk,18.84
SW061070,P002,Online TA,TA/TO,31-90 days,No Deposit,1,0.3947,Medium risk,299.2
SW061081,P002,Online TA,TA/TO,181+ days,No Deposit,1,0.4754,High risk,295.8
SW061087,P002,Offline TA/TO,TA/TO,181+ days,No Deposit,1,0.4644,High risk,255.0
SW061113,P002,Offline TA/TO,TA/TO,181+ days,Non Refund,1,0.908,High risk,22.5
SW061142,P002,Online TA,TA/TO,8-30 days,No Deposit,1,0.2482,Low risk,305.16
SW061187,P002,Online TA,TA/TO,8-30 days,No Deposit,1,0.3507,Medium risk,359.56
SW061214,P002,Online TA,TA/TO,31-90 days,No Deposit,1,0.3947,Medium risk,299.2
SW061262,P002,Online TA,TA/TO,8-30 days,No Deposit,1,0.3507,Medium risk,462.0
SW061264,P002,Online TA,TA/TO,181+ days,No Deposit,1,0.3515,Medium risk,234.9
SW061345,P002,Online TA,TA/TO,31-90 days,No Deposit,1,0.285,Medium risk,522.0
SW061349,P002,Online TA,TA/TO,8-30 days,No Deposit,1,0.3507,Medium risk,326.01
SW061386,P002,Online TA,TA/TO,91-180 days,No Deposit,1,0.4241,Medium risk,176.0
SW061434,P002,Direct,Direct,31-90 days,No Deposit,1,0.0978,Low risk,101.0
SW061463,P002,Groups,TA/TO,8-30 days,Non Refund,1,0.9032,High risk,78.75
SW061475,P002,Online TA,TA/TO,91-180 days,No Deposit,1,0.3058,Medium risk,299.2
SW061488,P002,Online TA,TA/TO,181+ days,No Deposit,1,0.4754,High risk,382.5
SW061525,P002,Online TA,TA/TO,8-30 days,No Deposit,1,0.2482,Low risk,748.0
SW061538,P002,Online TA,TA/TO,8-30 days,No Deposit,1,0.3507,Medium risk,156.0
SW061593,P002,Online TA,TA/TO,31-90 days,No Deposit,1,0.285,Medium risk,833.0
SW061606,P002,Direct,Direct,0-7 days,No Deposit,1,0.1052,Low risk,88.0
SW061622,P002,Online TA,TA/TO,31-90 days,No Deposit,1,0.2806,Medium risk,632.4
SW061645,P002,Online TA,TA/TO,0-7 days,No Deposit,1,0.2396,Low risk,414.4
SW061670,P002,Groups,TA/TO,181+ days,Non Refund,1,0.9399,High risk,18.84
SW061681,P002,Online TA,TA/TO,31-90 days,No Deposit,1,0.285,Medium risk,595.0
SW061695,P002,Online TA,TA/TO,31-90 days,No Deposit,1,0.3947,Medium risk,156.6
SW061713,P002,Online TA,TA/TO,181+ days,No Deposit,1,0.3515,Medium risk,382.5
SW061737,P002,Online TA,TA/TO,31-90 days,No Deposit,1,0.2806,Medium risk,595.0
SW061798,P002,Online TA,TA/TO,181+ days,No Deposit,1,0.4754,High risk,418.2
SW061815,P002,Online TA,TA/TO,181+ days,No Deposit,1,0.3515,Medium risk,477.72
SW061836,P002,Online TA,TA/TO,91-180 days,No Deposit,1,0.3104,Medium risk,304.65
SW061876,P002,Groups,TA/TO,31-90 days,No Deposit,1,0.4243,Medium risk,485.03
SW061895,P002,Online TA,TA/TO,8-30 days,No Deposit,1,0.2482,Low risk,380.8
SW061919,P002,Online TA,TA/TO,181+ days,No Deposit,1,0.4754,High risk,407.15
SW061926,P002,Groups,TA/TO,8-30 days,Non Refund,1,0.9032,High risk,69.0
SW061954,P002,Groups,TA/TO,181+ days,Non Refund,1,0.9399,High risk,18.84
SW061994,P002,Online TA,TA/TO,8-30 days,No Deposit,1,0.2482,Low risk,629.0
SW062022,P002,Online TA,TA/TO,181+ days,No Deposit,1,0.3564,Medium risk,242.1
SW062032,P002,Online TA,TA/TO,181+ days,No Deposit,1,0.3515,Medium risk,336.6
SW062050,P002,Online TA,TA/TO,181+ days,No Deposit,1,0.4754,High risk,266.4
SW062066,P002,Online TA,TA/TO,31-90 days,No Deposit,1,0.285,Medium risk,131.4
SW062071,P002,Online TA,TA/TO,31-90 days,No Deposit,1,0.2806,Medium risk,311.4
SW062095,P002,Online TA,TA/TO,0-7 days,No Deposit,1,0.2396,Low risk,353.6
SW062164,P002,Online TA,TA/TO,31-90 days,No Deposit,1,0.2806,Medium risk,155.52
SW062206,P002,Online TA,TA/TO,31-90 days,No Deposit,1,0.3947,Medium risk,421.6
SW062217,P002,Groups,TA/TO,181+ days,Non Refund,1,0.9399,High risk,18.6
SW062246,P002,Groups,TA/TO,8-30 days,No Deposit,1,0.2675,Medium risk,67.0
SW062278,P002,Online TA,TA/TO,91-180 days,No Deposit,1,0.4241,Medium risk,353.6
SW062297,P002,Groups,TA/TO,91-180 days,Non Refund,1,0.9271,High risk,30.15
SW062325,P002,Online TA,TA/TO,91-180 days,No Deposit,1,0.3058,Medium risk,353.6
SW062342,P002,Online TA,TA/TO,8-30 days,No Deposit,1,0.2482,Low risk,405.48
SW062351,P002,Online TA,TA/TO,8-30 days,No Deposit,1,0.3507,Medium risk,238.5
SW062391,P002,Online TA,TA/TO,8-30 days,No Deposit,1,0.2442,Low risk,248.64
SW062403,P002,Online TA,TA/TO,91-180 days,No Deposit,1,0.3058,Medium risk,476.0
SW062412,P002,Online TA,TA/TO,8-30 days,No Deposit,1,0.2482,Low risk,159.0
SW062423,P002,Online TA,TA/TO,181+ days,No Deposit,1,0.4754,High risk,119.82
SW062494,P002,Corporate,Corporate,31-90 days,Non Refund,1,0.7762,High risk,11.25
SW062497,P002,Corporate,Corporate,31-90 days,Non Refund,1,0.7762,High risk,11.25
SW062519,P002,Corporate,Corporate,31-90 days,Non Refund,1,0.7762,High risk,11.25
SW062581,P002,Online TA,TA/TO,31-90 days,No Deposit,1,0.3947,Medium risk,1162.92
SW062614,P002,Offline TA/TO,TA/TO,31-90 days,No Deposit,1,0.3173,Medium risk,75.0
SW062617,P002,Offline TA/TO,TA/TO,31-90 days,No Deposit,1,0.3173,Medium risk,75.0
SW062677,P002,Offline TA/TO,TA/TO,31-90 days,Non Refund,1,0.8765,High risk,29.25
SW062702,P002,Groups,TA/TO,181+ days,Non Refund,1,0.9399,High risk,18.6
SW062723,P002,Online TA,TA/TO,91-180 days,No Deposit,1,0.4241,Medium risk,104.0
SW062740,P002,Online TA,TA/TO,181+ days,No Deposit,1,0.3564,Medium risk,309.4
SW062747,P002,Online TA,TA/TO,31-90 days,No Deposit,1,0.285,Medium risk,88.0
SW062774,P002,Online TA,TA/TO,31-90 days,No Deposit,1,0.285,Medium risk,486.54
SW062782,P002,Direct,Direct,31-90 days,No Deposit,1,0.1956,Low risk,158.4
SW062785,P002,Online TA,TA/TO,31-90 days,No Deposit,1,0.2806,Medium risk,187.2
SW062794,P002,Online TA,TA/TO,8-30 days,No Deposit,1,0.3507,Medium risk,1737.36
SW062815,P002,Groups,TA/TO,31-90 days,Non Refund,1,0.9184,High risk,24.0
SW062836,P002,Groups,TA/TO,31-90 days,Non Refund,1,0.9184,High risk,24.0
SW062889,P002,Direct,Direct,31-90 days,No Deposit,1,0.1956,Low risk,756.0
SW062974,P002,Online TA,TA/TO,31-90 days,No Deposit,1,0.3947,Medium risk,176.0
SW062992,P002,Groups,TA/TO,31-90 days,Non Refund,1,0.9184,High risk,24.0
SW063093,P002,Online TA,TA/TO,8-30 days,No Deposit,1,0.3507,Medium risk,299.2
SW063157,P002,Groups,TA/TO,31-90 days,Non Refund,1,0.9184,High risk,27.0
SW063202,P002,Groups,TA/TO,181+ days,Non Refund,1,0.9399,High risk,18.6
SW063243,P002,Online TA,TA/TO,91-180 days,No Deposit,1,0.3058,Medium risk,187.2
SW063278,P002,Online TA,TA/TO,8-30 days,No Deposit,1,0.2482,Low risk,816.0
SW063299,P002,Online TA,TA/TO,8-30 days,No Deposit,1,0.2482,Low risk,240.0
SW063301,P002,Direct,Direct,0-7 days,No Deposit,1,0.1052,Low risk,137.7
SW063335,P002,Groups,TA/TO,181+ days,Non Refund,1,0.9399,High risk,18.6
SW063336,P002,Groups,TA/TO,181+ days,Non Refund,1,0.9399,High risk,18.6
SW063373,P002,Online TA,TA/TO,31-90 days,No Deposit,1,0.2806,Medium risk,244.8
SW063463,P002,Groups,TA/TO,31-90 days,Non Refund,1,0.9184,High risk,24.0
SW063465,P002,Groups,TA/TO,31-90 days,Non Refund,1,0.9184,High risk,24.0
SW063470,P002,Groups,TA/TO,31-90 days,Non Refund,1,0.9184,High risk,24.0
SW063472,P002,Groups,TA/TO,31-90 days,Non Refund,1,0.9184,High risk,24.0
SW063484,P002,Groups,TA/TO,31-90 days,Non Refund,1,0.9184,High risk,24.0
SW063518,P002,Online TA,TA/TO,91-180 days,No Deposit,1,0.4241,Medium risk,1017.9
SW063519,P002,Direct,Direct,8-30 days,No Deposit,1,0.1076,Low risk,143.0
SW063533,P002,Online TA,TA/TO,31-90 days,No Deposit,1,0.3947,Medium risk,299.2
SW063615,P002,Groups,TA/TO,181+ days,Non Refund,1,0.9399,High risk,8.85
SW063625,P002,Groups,TA/TO,181+ days,Non Refund,1,0.9399,High risk,18.6
SW063654,P002,Offline TA/TO,TA/TO,8-30 days,Non Refund,1,0.8547,High risk,28.5
SW063655,P002,Offline TA/TO,TA/TO,8-30 days,Non Refund,1,0.8547,High risk,28.5
SW063657,P002,Offline TA/TO,TA/TO,8-30 days,Non Refund,1,0.8547,High risk,28.5
SW063700,P002,Online TA,TA/TO,181+ days,No Deposit,1,0.3564,Medium risk,237.6
SW063737,P002,Online TA,TA/TO,8-30 days,No Deposit,1,0.3507,Medium risk,346.8
SW063784,P002,Online TA,TA/TO,0-7 days,No Deposit,1,0.2396,Low risk,401.2
SW063789,P002,Offline TA/TO,TA/TO,0-7 days,No Deposit,1,0.2014,Low risk,340.0
SW063905,P002,Groups,TA/TO,91-180 days,No Deposit,1,0.4543,High risk,75.0
SW063945,P002,Groups,TA/TO,91-180 days,No Deposit,1,0.4543,High risk,75.0
SW063957,P002,Groups,TA/TO,91-180 days,No Deposit,1,0.4543,High risk,75.0
SW063969,P002,Online TA,TA/TO,31-90 days,No Deposit,1,0.3947,Medium risk,288.0
SW063994,P002,Online TA,TA/TO,31-90 days,No Deposit,1,0.285,Medium risk,537.2
SW064005,P002,Groups,TA/TO,8-30 days,No Deposit,1,0.3791,Medium risk,225.0
SW064033,P002,Online TA,TA/TO,8-30 days,No Deposit,1,0.2482,Low risk,374.0
SW064039,P002,Online TA,TA/TO,31-90 days,No Deposit,1,0.3947,Medium risk,1795.2
SW064043,P002,Online TA,TA/TO,91-180 days,No Deposit,1,0.4241,Medium risk,187.2
SW064045,P002,Online TA,TA/TO,8-30 days,No Deposit,1,0.3507,Medium risk,294.0
SW064055,P002,Online TA,TA/TO,8-30 days,No Deposit,1,0.3507,Medium risk,367.2
SW064072,P002,Online TA,TA/TO,31-90 days,No Deposit,1,0.3947,Medium risk,601.8
SW064095,P002,Online TA,TA/TO,8-30 days,No Deposit,1,0.3507,Medium risk,108.0
SW064140,P002,Groups,TA/TO,8-30 days,Non Refund,1,0.9032,High risk,42.75
SW064155,P002,Groups,TA/TO,8-30 days,Non Refund,1,0.9032,High risk,42.75
SW064158,P002,Groups,TA/TO,8-30 days,Non Refund,1,0.9032,High risk,42.75
SW064179,P002,Groups,TA/TO,8-30 days,Non Refund,1,0.9032,High risk,42.75
SW064206,P002,Groups,TA/TO,8-30 days,Non Refund,1,0.9032,High risk,42.75
SW064252,P002,Online TA,TA/TO,8-30 days,No Deposit,1,0.3507,Medium risk,396.0
SW064261,P002,Online TA,TA/TO,181+ days,No Deposit,1,0.4754,High risk,237.6
SW064304,P002,Offline TA/TO,TA/TO,31-90 days,No Deposit,1,0.3842,Medium risk,135.0
SW064305,P002,Online TA,TA/TO,8-30 days,No Deposit,1,0.3507,Medium risk,176.0
SW064333,P002,Groups,TA/TO,8-30 days,No Deposit,1,0.3791,Medium risk,190.0
SW064341,P002,Offline TA/TO,TA/TO,31-90 days,No Deposit,1,0.3842,Medium risk,336.0
SW064358,P002,Online TA,TA/TO,8-30 days,No Deposit,1,0.2482,Low risk,324.0
SW064383,P002,Online TA,TA/TO,0-7 days,No Deposit,1,0.1615,Low risk,447.99
SW064452,P002,Online TA,TA/TO,31-90 days,No Deposit,1,0.3947,Medium risk,212.4
SW064455,P002,Online TA,TA/TO,181+ days,No Deposit,1,0.4754,High risk,180.0
SW064492,P002,Groups,TA/TO,91-180 days,Non Refund,1,0.9271,High risk,24.0
SW064570,P002,Offline TA/TO,TA/TO,31-90 days,Non Refund,1,0.8765,High risk,24.0
SW064635,P002,Offline TA/TO,TA/TO,91-180 days,Non Refund,1,0.8891,High risk,25.5
SW064666,P002,Groups,TA/TO,31-90 days,Non Refund,1,0.9184,High risk,33.0
SW064687,P002,Groups,TA/TO,31-90 days,Non Refund,1,0.9184,High risk,33.0
SW064723,P002,Groups,Direct,91-180 days,Non Refund,1,0.8853,High risk,38.25
SW064739,P002,Groups,Direct,91-180 days,Non Refund,1,0.8853,High risk,38.25
SW064753,P002,Groups,Direct,91-180 days,Non Refund,1,0.8853,High risk,38.25
SW064765,P002,Groups,TA/TO,181+ days,Non Refund,1,0.9399,High risk,8.85
SW064790,P002,Online TA,TA/TO,181+ days,No Deposit,1,0.4754,High risk,367.2
SW064800,P002,Online TA,TA/TO,31-90 days,No Deposit,1,0.3947,Medium risk,318.6
SW064844,P002,Online TA,TA/TO,31-90 days,No Deposit,1,0.3947,Medium risk,237.6
SW064866,P002,Online TA,TA/TO,91-180 days,No Deposit,1,0.3058,Medium risk,212.4
SW064867,P002,Online TA,TA/TO,91-180 days,No Deposit,1,0.3058,Medium risk,149.68
SW064877,P002,Online TA,TA/TO,0-7 days,No Deposit,1,0.1586,Low risk,330.76
SW064922,P002,Online TA,TA/TO,91-180 days,No Deposit,1,0.3104,Medium risk,340.35
SW064924,P002,Online TA,TA/TO,91-180 days,No Deposit,1,0.4241,Medium risk,1095.64
SW064931,P002,Online TA,TA/TO,91-180 days,No Deposit,1,0.3104,Medium risk,280.8
SW064943,P002,Offline TA/TO,TA/TO,31-90 days,Non Refund,1,0.8765,High risk,38.25
SW064963,P002,Offline TA/TO,TA/TO,31-90 days,Non Refund,1,0.8765,High risk,38.25
SW064986,P002,Offline TA/TO,TA/TO,31-90 days,Non Refund,1,0.8765,High risk,38.25
SW065032,P002,Online TA,TA/TO,8-30 days,No Deposit,1,0.2482,Low risk,108.0
SW065039,P002,Groups,TA/TO,181+ days,Non Refund,1,0.9399,High risk,18.6
SW065066,P002,Online TA,TA/TO,31-90 days,No Deposit,1,0.3947,Medium risk,401.2
SW065108,P002,Online TA,TA/TO,91-180 days,No Deposit,1,0.3058,Medium risk,280.8
SW065180,P002,Online TA,TA/TO,91-180 days,No Deposit,1,0.4241,Medium risk,581.4
SW065192,P002,Online TA,TA/TO,31-90 days,No Deposit,1,0.3947,Medium risk,318.6
SW065194,P002,Online TA,TA/TO,31-90 days,No Deposit,1,0.3947,Medium risk,318.6
SW065212,P002,Online TA,TA/TO,181+ days,No Deposit,1,0.4754,High risk,353.6
SW065231,P002,Direct,Direct,8-30 days,No Deposit,1,0.1097,Low risk,700.0
SW065279,P002,Offline TA/TO,TA/TO,31-90 days,Non Refund,1,0.8765,High risk,27.0
SW065309,P002,Online TA,TA/TO,91-180 days,No Deposit,1,0.3104,Medium risk,214.2
SW065324,P002,Online TA,TA/TO,91-180 days,No Deposit,1,0.4241,Medium risk,381.6
SW065339,P002,Online TA,TA/TO,181+ days,No Deposit,1,0.4754,High risk,414.4
SW065374,P002,Groups,TA/TO,91-180 days,No Deposit,1,0.4543,High risk,294.0
SW065411,P002,Groups,TA/TO,181+ days,Non Refund,1,0.9399,High risk,30.0
SW065436,P002,Groups,TA/TO,31-90 days,Non Refund,1,0.9184,High risk,63.0
SW065445,P002,Online TA,TA/TO,31-90 days,No Deposit,1,0.285,Medium risk,511.2
SW065482,P002,Offline TA/TO,TA/TO,91-180 days,Non Refund,1,0.8891,High risk,28.5
SW065485,P002,Offline TA/TO,TA/TO,91-180 days,Non Refund,1,0.8891,High risk,28.5
SW065514,P002,Online TA,TA/TO,91-180 days,No Deposit,1,0.4241,Medium risk,585.0
SW065518,P002,Online TA,TA/TO,31-90 days,No Deposit,1,0.3947,Medium risk,840.0
SW065547,P002,Offline TA/TO,TA/TO,181+ days,Non Refund,1,0.908,High risk,40.5
SW065571,P002,Offline TA/TO,TA/TO,181+ days,Non Refund,1,0.908,High risk,40.5
SW065598,P002,Online TA,TA/TO,31-90 days,No Deposit,1,0.2806,Medium risk,630.0
SW065613,P002,Groups,TA/TO,31-90 days,Non Refund,1,0.9184,High risk,60.75
SW065640,P002,Offline TA/TO,TA/TO,91-180 days,Non Refund,1,0.8891,High risk,42.75
SW065674,P002,Corporate,Corporate,31-90 days,Non Refund,1,0.7762,High risk,38.25
SW065716,P002,Corporate,Corporate,31-90 days,Non Refund,1,0.7762,High risk,38.25
SW065772,P002,Online TA,TA/TO,31-90 days,No Deposit,1,0.2806,Medium risk,378.0
SW065775,P002,Complementary,Direct,31-90 days,No Deposit,1,0.1883,Low risk,0.0
SW065800,P002,Online TA,TA/TO,91-180 days,No Deposit,1,0.4241,Medium risk,786.25
SW065804,P002,Online TA,TA/TO,181+ days,No Deposit,1,0.3515,Medium risk,515.25
SW065827,P002,Groups,TA/TO,31-90 days,Non Refund,1,0.9184,High risk,30.0
SW065837,P002,Online TA,TA/TO,8-30 days,No Deposit,1,0.3507,Medium risk,280.0
SW065867,P002,Groups,TA/TO,31-90 days,Non Refund,1,0.9184,High risk,30.0
SW065874,P002,Online TA,TA/TO,31-90 days,No Deposit,1,0.3947,Medium risk,660.0
SW065910,P002,Complementary,Corporate,0-7 days,No Deposit,1,0.1125,Low risk,0.0
SW065912,P002,Online TA,TA/TO,31-90 days,No Deposit,1,0.2806,Medium risk,177.75
SW065917,P002,Online TA,TA/TO,8-30 days,No Deposit,1,0.2482,Low risk,230.0
SW066040,P002,Online TA,TA/TO,8-30 days,No Deposit,1,0.3507,Medium risk,414.99
SW066047,P002,Offline TA/TO,TA/TO,91-180 days,No Deposit,1,0.4133,Medium risk,240.3
SW066089,P002,Online TA,TA/TO,31-90 days,No Deposit,1,0.3947,Medium risk,288.0
SW066094,P002,Online TA,TA/TO,91-180 days,No Deposit,1,0.3104,Medium risk,261.0
SW066133,P002,Offline TA/TO,TA/TO,181+ days,No Deposit,1,0.3925,Medium risk,270.0
SW066163,P002,Online TA,TA/TO,91-180 days,No Deposit,1,0.3104,Medium risk,207.0
SW066238,P002,Online TA,TA/TO,31-90 days,No Deposit,1,0.3947,Medium risk,760.0
SW066245,P002,Online TA,TA/TO,31-90 days,No Deposit,1,0.3947,Medium risk,755.0
SW066248,P002,Offline TA/TO,TA/TO,91-180 days,No Deposit,1,0.3442,Medium risk,630.0
SW066249,P002,Offline TA/TO,TA/TO,91-180 days,No Deposit,1,0.3442,Medium risk,570.0
SW066250,P002,Offline TA/TO,TA/TO,91-180 days,No Deposit,1,0.3442,Medium risk,630.0
SW066256,P002,Offline TA/TO,TA/TO,91-180 days,No Deposit,1,0.3442,Medium risk,630.0
SW066264,P002,Online TA,TA/TO,31-90 days,No Deposit,1,0.3947,Medium risk,126.0
SW066288,P002,Online TA,TA/TO,31-90 days,No Deposit,1,0.3947,Medium risk,291.6
SW066308,P002,Online TA,TA/TO,31-90 days,No Deposit,1,0.3947,Medium risk,648.0
SW066318,P002,Online TA,TA/TO,8-30 days,No Deposit,1,0.3507,Medium risk,174.0
SW066403,P002,Offline TA/TO,TA/TO,91-180 days,No Deposit,1,0.3442,Medium risk,360.0
SW066463,P002,Offline TA/TO,TA/TO,31-90 days,No Deposit,1,0.3173,Medium risk,340.0
SW066470,P002,Online TA,TA/TO,181+ days,No Deposit,1,0.4754,High risk,109.8
SW066495,P002,Groups,TA/TO,91-180 days,Non Refund,1,0.9271,High risk,28.5
SW066497,P002,Online TA,TA/TO,91-180 days,No Deposit,1,0.3104,Medium risk,234.0
SW066498,P002,Groups,TA/TO,91-180 days,Non Refund,1,0.9271,High risk,28.5
SW066508,P002,Direct,Direct,31-90 days,No Deposit,1,0.1956,Low risk,450.0
SW066536,P002,Groups,TA/TO,91-180 days,Non Refund,1,0.9271,High risk,40.5
SW066541,P002,Online TA,TA/TO,181+ days,No Deposit,1,0.3564,Medium risk,367.2
SW066543,P002,Online TA,TA/TO,91-180 days,No Deposit,1,0.3104,Medium risk,297.0
SW066544,P002,Online TA,TA/TO,181+ days,No Deposit,1,0.3515,Medium risk,329.4
SW066551,P002,Online TA,TA/TO,31-90 days,No Deposit,1,0.3947,Medium risk,378.0
SW066563,P002,Online TA,TA/TO,91-180 days,No Deposit,1,0.4241,Medium risk,518.4
SW066617,P002,Offline TA/TO,TA/TO,181+ days,Non Refund,1,0.908,High risk,40.5
SW066649,P002,Offline TA/TO,TA/TO,91-180 days,Non Refund,1,0.8891,High risk,63.0
SW066684,P002,Groups,TA/TO,91-180 days,Non Refund,1,0.9271,High risk,27.0
SW066693,P002,Groups,TA/TO,181+ days,Non Refund,1,0.9399,High risk,27.0
SW066699,P002,Groups,TA/TO,91-180 days,Non Refund,1,0.9271,High risk,27.0
SW066732,P002,Online TA,TA/TO,31-90 days,No Deposit,1,0.3947,Medium risk,252.0
SW066769,P002,Offline TA/TO,TA/TO,181+ days,Non Refund,1,0.908,High risk,13.5
SW066785,P002,Groups,TA/TO,91-180 days,Non Refund,1,0.9271,High risk,39.0
SW066810,P002,Groups,TA/TO,91-180 days,Non Refund,1,0.9271,High risk,45.0
SW066841,P002,Groups,TA/TO,91-180 days,Non Refund,1,0.9271,High risk,45.0
SW066896,P002,Groups,TA/TO,91-180 days,Non Refund,1,0.9271,High risk,45.0
SW066911,P002,Groups,TA/TO,91-180 days,Non Refund,1,0.9271,High risk,45.0
SW066936,P002,Groups,TA/TO,91-180 days,Non Refund,1,0.9271,High risk,45.0
SW066950,P002,Online TA,TA/TO,91-180 days,No Deposit,1,0.4241,Medium risk,794.75
SW066953,P002,Online TA,TA/TO,91-180 days,No Deposit,1,0.4241,Medium risk,684.0
SW066955,P002,Online TA,TA/TO,91-180 days,No Deposit,1,0.4241,Medium risk,504.0
SW067001,P002,Online TA,TA/TO,181+ days,No Deposit,1,0.4754,High risk,313.2
SW067018,P002,Offline TA/TO,TA/TO,91-180 days,Non Refund,1,0.8891,High risk,72.0
SW067034,P002,Offline TA/TO,TA/TO,91-180 days,Non Refund,1,0.8891,High risk,72.0
SW067155,P002,Online TA,TA/TO,8-30 days,No Deposit,1,0.2482,Low risk,230.0
SW067167,P002,Online TA,TA/TO,8-30 days,No Deposit,1,0.2482,Low risk,300.0
SW067216,P002,Groups,TA/TO,31-90 days,Non Refund,1,0.9184,High risk,40.5
SW067252,P002,Online TA,TA/TO,8-30 days,No Deposit,1,0.2482,Low risk,432.99
SW067272,P002,Online TA,TA/TO,31-90 days,No Deposit,1,0.3947,Medium risk,144.0
SW067273,P002,Online TA,TA/TO,181+ days,No Deposit,1,0.4754,High risk,99.0
SW067287,P002,Online TA,TA/TO,181+ days,No Deposit,1,0.3564,Medium risk,330.0
SW067392,P002,Groups,TA/TO,31-90 days,Non Refund,1,0.9184,High risk,39.0
SW067426,P002,Groups,TA/TO,181+ days,Non Refund,1,0.9399,High risk,45.0
SW067450,P002,Groups,TA/TO,181+ days,Non Refund,1,0.9399,High risk,45.0
SW067467,P002,Groups,TA/TO,91-180 days,Non Refund,1,0.9271,High risk,28.5
SW067500,P002,Groups,TA/TO,91-180 days,Non Refund,1,0.9271,High risk,28.5
SW067539,P002,Groups,TA/TO,91-180 days,Non Refund,1,0.9271,High risk,45.0
SW067552,P002,Groups,TA/TO,91-180 days,Non Refund,1,0.9271,High risk,45.0
SW067553,P002,Online TA,TA/TO,91-180 days,No Deposit,1,0.3104,Medium risk,324.0
SW067562,P002,Online TA,TA/TO,181+ days,No Deposit,1,0.3564,Medium risk,488.0
SW067569,P002,Online TA,TA/TO,8-30 days,No Deposit,1,0.3507,Medium risk,610.0
SW067583,P002,Groups,TA/TO,91-180 days,Non Refund,1,0.9271,High risk,36.0
SW067604,P002,Groups,TA/TO,91-180 days,Non Refund,1,0.9271,High risk,36.0
SW067622,P002,Online TA,TA/TO,31-90 days,No Deposit,1,0.3947,Medium risk,486.0
SW067633,P002,Online TA,TA/TO,91-180 days,No Deposit,1,0.4241,Medium risk,378.0
SW067716,P002,Online TA,TA/TO,91-180 days,No Deposit,1,0.4241,Medium risk,405.0
SW067794,P002,Offline TA/TO,TA/TO,31-90 days,No Deposit,1,0.3842,Medium risk,356.4
SW067812,P002,Corporate,Corporate,0-7 days,No Deposit,1,0.1284,Low risk,0.0
SW067840,P002,Groups,TA/TO,31-90 days,Non Refund,1,0.9184,High risk,36.0
SW067862,P002,Online TA,TA/TO,181+ days,No Deposit,1,0.3515,Medium risk,494.12
SW067863,P002,Online TA,TA/TO,91-180 days,No Deposit,1,0.4241,Medium risk,504.0
SW067890,P002,Online TA,TA/TO,8-30 days,No Deposit,1,0.2482,Low risk,150.0
SW067909,P002,Offline TA/TO,TA/TO,181+ days,Non Refund,1,0.908,High risk,13.5
SW067953,P002,Groups,TA/TO,31-90 days,No Deposit,1,0.4243,Medium risk,130.0
SW067985,P002,Online TA,TA/TO,8-30 days,No Deposit,1,0.2482,Low risk,1270.01
SW068000,P002,Online TA,TA/TO,31-90 days,No Deposit,1,0.3947,Medium risk,480.0
SW068013,P002,Online TA,TA/TO,91-180 days,No Deposit,1,0.3104,Medium risk,446.4
SW068022,P002,Online TA,TA/TO,91-180 days,No Deposit,1,0.4241,Medium risk,392.4
SW068063,P002,Online TA,TA/TO,91-180 days,No Deposit,1,0.3104,Medium risk,252.0
SW068070,P002,Online TA,TA/TO,181+ days,No Deposit,1,0.4754,High risk,279.0
SW068085,P002,Online TA,TA/TO,31-90 days,No Deposit,1,0.3947,Medium risk,519.99
SW068126,P002,Online TA,TA/TO,91-180 days,No Deposit,1,0.3104,Medium risk,714.0
SW068147,P002,Groups,Direct,91-180 days,Non Refund,1,0.8853,High risk,57.0
SW068203,P002,Online TA,TA/TO,8-30 days,No Deposit,1,0.3507,Medium risk,489.99
SW068303,P002,Groups,TA/TO,91-180 days,Non Refund,1,0.9271,High risk,76.5
SW068304,P002,Offline TA/TO,TA/TO,91-180 days,Non Refund,1,0.8891,High risk,43.38
SW068322,P002,Groups,TA/TO,91-180 days,Non Refund,1,0.9271,High risk,72.0
SW068328,P002,Groups,TA/TO,31-90 days,No Deposit,1,0.4243,Medium risk,375.0
SW068348,P002,Groups,TA/TO,91-180 days,Non Refund,1,0.9271,High risk,72.0
SW068387,P002,Groups,TA/TO,8-30 days,No Deposit,1,0.3791,Medium risk,390.0
SW068495,P002,Groups,TA/TO,91-180 days,Non Refund,1,0.9271,High risk,13.5
SW068518,P002,Groups,TA/TO,91-180 days,Non Refund,1,0.9271,High risk,13.5
SW068523,P002,Groups,TA/TO,91-180 days,Non Refund,1,0.9271,High risk,13.5
SW068552,P002,Groups,TA/TO,91-180 days,Non Refund,1,0.9271,High risk,13.5
SW068615,P002,Offline TA/TO,TA/TO,91-180 days,Non Refund,1,0.8891,High risk,48.0
SW068663,P002,Groups,TA/TO,91-180 days,Non Refund,1,0.9271,High risk,49.5
SW068675,P002,Groups,TA/TO,91-180 days,Non Refund,1,0.9271,High risk,135.0
SW068677,P002,Groups,TA/TO,91-180 days,Non Refund,1,0.9271,High risk,135.0
SW068691,P002,Groups,TA/TO,91-180 days,Non Refund,1,0.9271,High risk,135.0
SW068713,P002,Groups,TA/TO,31-90 days,No Deposit,1,0.4243,Medium risk,270.0
SW068724,P002,Groups,TA/TO,181+ days,Non Refund,1,0.9399,High risk,40.5
SW068733,P002,Groups,TA/TO,181+ days,Non Refund,1,0.9399,High risk,40.5
SW068743,P002,Offline TA/TO,TA/TO,91-180 days,Non Refund,1,0.8891,High risk,85.5
SW068766,P002,Offline TA/TO,TA/TO,91-180 days,Non Refund,1,0.8891,High risk,85.5
SW068876,P002,Online TA,TA/TO,91-180 days,No Deposit,1,0.4241,Medium risk,279.0
SW068880,P002,Offline TA/TO,TA/TO,8-30 days,Non Refund,1,0.8547,High risk,38.4
SW068904,P002,Online TA,TA/TO,31-90 days,No Deposit,1,0.285,Medium risk,432.0
SW068938,P002,Online TA,TA/TO,91-180 days,No Deposit,1,0.3058,Medium risk,590.0
SW068952,P002,Online TA,TA/TO,181+ days,No Deposit,1,0.3515,Medium risk,672.75
SW068956,P002,Groups,TA/TO,8-30 days,No Deposit,1,0.3791,Medium risk,120.0
SW068996,P002,Online TA,TA/TO,181+ days,No Deposit,1,0.4754,High risk,297.0
SW069004,P002,Online TA,TA/TO,91-180 days,No Deposit,1,0.3104,Medium risk,432.0
SW069014,P002,Online TA,TA/TO,181+ days,No Deposit,1,0.3564,Medium risk,500.4
SW069067,P002,Groups,Direct,181+ days,Non Refund,1,0.9048,High risk,39.0
SW069136,P002,Online TA,TA/TO,8-30 days,No Deposit,1,0.3507,Medium risk,230.0
SW069164,P002,Groups,TA/TO,91-180 days,Non Refund,1,0.9271,High risk,63.0
SW069169,P002,Groups,TA/TO,91-180 days,Non Refund,1,0.9271,High risk,63.0
SW069177,P002,Online TA,TA/TO,181+ days,No Deposit,1,0.3515,Medium risk,321.3
SW069227,P002,Online TA,TA/TO,91-180 days,No Deposit,1,0.3104,Medium risk,866.67
SW069229,P002,Online TA,TA/TO,8-30 days,No Deposit,1,0.2442,Low risk,320.0
SW069244,P002,Online TA,TA/TO,8-30 days,No Deposit,1,0.2482,Low risk,380.01
SW069317,P002,Groups,TA/TO,181+ days,Non Refund,1,0.9399,High risk,13.5
SW069330,P002,Groups,TA/TO,181+ days,Non Refund,1,0.9399,High risk,39.0
SW069353,P002,Groups,TA/TO,181+ days,Non Refund,1,0.9399,High risk,39.0
SW069392,P002,Groups,TA/TO,181+ days,Non Refund,1,0.9399,High risk,39.0
SW069398,P002,Groups,TA/TO,181+ days,Non Refund,1,0.9399,High risk,39.0
SW069444,P002,Offline TA/TO,TA/TO,31-90 days,Non Refund,1,0.8765,High risk,40.5
SW069468,P002,Groups,TA/TO,181+ days,No Deposit,1,0.506,High risk,270.0
SW069515,P002,Groups,TA/TO,91-180 days,Non Refund,1,0.9271,High risk,49.5
SW069532,P002,Online TA,TA/TO,8-30 days,No Deposit,1,0.2482,Low risk,399.99
SW069535,P002,Online TA,TA/TO,8-30 days,No Deposit,1,0.2482,Low risk,630.0
SW069542,P002,Online TA,TA/TO,8-30 days,No Deposit,1,0.3507,Medium risk,399.99
SW069548,P002,Online TA,TA/TO,91-180 days,No Deposit,1,0.4241,Medium risk,738.0
SW069580,P002,Online TA,TA/TO,91-180 days,No Deposit,1,0.3104,Medium risk,252.0
SW069589,P002,Groups,TA/TO,91-180 days,Non Refund,1,0.9271,High risk,58.5
SW069605,P002,Groups,TA/TO,181+ days,No Deposit,1,0.506,High risk,315.0
SW069616,P002,Online TA,TA/TO,91-180 days,No Deposit,1,0.3104,Medium risk,486.0
SW069617,P002,Online TA,TA/TO,91-180 days,No Deposit,1,0.4241,Medium risk,580.5
SW069622,P002,Groups,TA/TO,91-180 days,Non Refund,1,0.9271,High risk,58.5
SW069722,P002,Online TA,TA/TO,181+ days,No Deposit,1,0.3564,Medium risk,720.0
SW069759,P002,Online TA,TA/TO,31-90 days,No Deposit,1,0.285,Medium risk,780.0
SW069768,P002,Online TA,TA/TO,8-30 days,No Deposit,1,0.2482,Low risk,130.0
SW069775,P002,Online TA,TA/TO,8-30 days,No Deposit,1,0.2482,Low risk,140.0
SW069807,P002,Offline TA/TO,TA/TO,91-180 days,Non Refund,1,0.8891,High risk,33.0
SW069823,P002,Offline TA/TO,TA/TO,8-30 days,Non Refund,1,0.8547,High risk,49.95
SW069828,P002,Offline TA/TO,TA/TO,8-30 days,Non Refund,1,0.8547,High risk,49.95
SW069879,P002,Offline TA/TO,TA/TO,181+ days,Non Refund,1,0.908,High risk,36.0
SW069925,P002,Offline TA/TO,TA/TO,91-180 days,Non Refund,1,0.8891,High risk,76.5
SW069943,P002,Offline TA/TO,TA/TO,91-180 days,Non Refund,1,0.8891,High risk,76.5
SW069947,P002,Offline TA/TO,TA/TO,91-180 days,Non Refund,1,0.8891,High risk,76.5
SW069994,P002,Online TA,TA/TO,91-180 days,No Deposit,1,0.4241,Medium risk,405.99
SW070009,P002,Online TA,TA/TO,91-180 days,No Deposit,1,0.4241,Medium risk,567.0
SW070011,P002,Offline TA/TO,TA/TO,91-180 days,Non Refund,1,0.8891,High risk,76.5
SW070041,P002,Groups,TA/TO,91-180 days,Non Refund,1,0.9271,High risk,39.0
SW070049,P002,Online TA,TA/TO,91-180 days,No Deposit,1,0.4241,Medium risk,280.0
SW070144,P002,Online TA,TA/TO,8-30 days,Non Refund,1,0.8601,High risk,14.64
SW070207,P002,Offline TA/TO,TA/TO,91-180 days,Non Refund,1,0.8891,High risk,33.0
SW070221,P002,Offline TA/TO,TA/TO,91-180 days,Non Refund,1,0.8891,High risk,33.0
SW070237,P002,Online TA,TA/TO,8-30 days,No Deposit,1,0.2482,Low risk,417.0
SW070245,P002,Offline TA/TO,TA/TO,31-90 days,No Deposit,1,0.3842,Medium risk,375.3
SW070262,P002,Groups,TA/TO,181+ days,Non Refund,1,0.9399,High risk,13.5
SW070283,P002,Online TA,TA/TO,91-180 days,No Deposit,1,0.3104,Medium risk,570.0
SW070285,P002,Online TA,TA/TO,91-180 days,No Deposit,1,0.4241,Medium risk,432.0
SW070293,P002,Groups,TA/TO,181+ days,Non Refund,1,0.9399,High risk,66.0
SW070306,P002,Online TA,TA/TO,181+ days,No Deposit,1,0.3564,Medium risk,522.0
SW070329,P002,Groups,TA/TO,181+ days,Non Refund,1,0.9399,High risk,40.5
SW070330,P002,Groups,TA/TO,181+ days,Non Refund,1,0.9399,High risk,40.5
SW070342,P002,Online TA,TA/TO,181+ days,No Deposit,1,0.4754,High risk,378.0
SW070346,P002,Direct,Direct,8-30 days,No Deposit,1,0.1097,Low risk,945.0
SW070372,P002,Online TA,TA/TO,31-90 days,No Deposit,1,0.285,Medium risk,959.98
SW070374,P002,Offline TA/TO,TA/TO,181+ days,No Deposit,1,0.3925,Medium risk,75.0
SW070382,P002,Online TA,TA/TO,31-90 days,No Deposit,1,0.285,Medium risk,320.0
SW070420,P002,Offline TA/TO,TA/TO,181+ days,Non Refund,1,0.908,High risk,47.25
SW070436,P002,Online TA,TA/TO,31-90 days,No Deposit,1,0.285,Medium risk,144.0
SW070454,P002,Online TA,TA/TO,31-90 days,No Deposit,1,0.285,Medium risk,480.0
SW070458,P002,Offline TA/TO,TA/TO,91-180 days,Non Refund,1,0.8891,High risk,90.0
SW070466,P002,Offline TA/TO,TA/TO,91-180 days,Non Refund,1,0.8891,High risk,90.0
SW070469,P002,Offline TA/TO,TA/TO,91-180 days,Non Refund,1,0.8891,High risk,90.0
SW070472,P002,Offline TA/TO,TA/TO,91-180 days,Non Refund,1,0.8891,High risk,90.0
SW070508,P002,Offline TA/TO,TA/TO,91-180 days,Non Refund,1,0.8891,High risk,90.0
SW070540,P002,Offline TA/TO,TA/TO,91-180 days,No Deposit,1,0.4133,Medium risk,623.7
SW070546,P002,Online TA,TA/TO,181+ days,No Deposit,1,0.4754,High risk,117.0
SW070576,P002,Online TA,TA/TO,31-90 days,No Deposit,1,0.285,Medium risk,160.0
SW070593,P002,Offline TA/TO,TA/TO,181+ days,Non Refund,1,0.908,High risk,78.0
SW070618,P002,Offline TA/TO,TA/TO,181+ days,Non Refund,1,0.908,High risk,78.0
SW070645,P002,Groups,TA/TO,181+ days,Non Refund,1,0.9399,High risk,13.5
SW070679,P002,Online TA,TA/TO,181+ days,No Deposit,1,0.3564,Medium risk,891.0
SW070687,P002,Online TA,TA/TO,31-90 days,No Deposit,1,0.285,Medium risk,280.0
SW070688,P002,Online TA,TA/TO,31-90 days,No Deposit,1,0.3947,Medium risk,320.0
SW070698,P002,Online TA,TA/TO,91-180 days,No Deposit,1,0.3104,Medium risk,378.0
SW070702,P002,Corporate,TA/TO,181+ days,Non Refund,1,0.8753,High risk,72.0
SW070703,P002,Corporate,TA/TO,91-180 days,Non Refund,1,0.8508,High risk,66.0
SW070748,P002,Corporate,TA/TO,91-180 days,Non Refund,1,0.8508,High risk,66.0
SW070749,P002,Corporate,TA/TO,91-180 days,Non Refund,1,0.8508,High risk,66.0
SW070777,P002,Online TA,TA/TO,181+ days,No Deposit,1,0.4754,High risk,396.0
SW070799,P002,Online TA,TA/TO,91-180 days,No Deposit,1,0.4241,Medium risk,234.0
SW070805,P002,Online TA,TA/TO,91-180 days,No Deposit,1,0.4241,Medium risk,216.0
SW070808,P002,Offline TA/TO,TA/TO,181+ days,Non Refund,1,0.908,High risk,37.5
SW070853,P002,Groups,TA/TO,181+ days,Non Refund,1,0.9399,High risk,47.25
SW070856,P002,Online TA,TA/TO,91-180 days,No Deposit,1,0.3058,Medium risk,567.0
SW070913,P002,Online TA,TA/TO,91-180 days,No Deposit,1,0.4241,Medium risk,612.0
SW070932,P002,Online TA,TA/TO,181+ days,No Deposit,1,0.3515,Medium risk,351.0
SW070982,P002,Online TA,TA/TO,91-180 days,No Deposit,1,0.4241,Medium risk,1008.0
SW071047,P002,Groups,TA/TO,91-180 days,Non Refund,1,0.9271,High risk,136.5
SW071059,P002,Groups,TA/TO,91-180 days,Non Refund,1,0.9271,High risk,136.5
SW071064,P002,Groups,TA/TO,91-180 days,Non Refund,1,0.9271,High risk,136.5
SW071067,P002,Groups,TA/TO,91-180 days,Non Refund,1,0.9271,High risk,136.5
SW071119,P002,Online TA,TA/TO,8-30 days,No Deposit,1,0.2482,Low risk,690.0
SW071122,P002,Groups,TA/TO,181+ days,Non Refund,1,0.9399,High risk,40.5
SW071177,P002,Online TA,TA/TO,91-180 days,No Deposit,1,0.4241,Medium risk,230.0
SW071187,P002,Online TA,TA/TO,0-7 days,No Deposit,1,0.1255,Low risk,234.0
SW071198,P002,Online TA,TA/TO,31-90 days,No Deposit,1,0.3947,Medium risk,360.0
SW071201,P002,Online TA,TA/TO,91-180 days,No Deposit,1,0.3104,Medium risk,287.1
SW071212,P002,Online TA,TA/TO,91-180 days,No Deposit,1,0.3104,Medium risk,484.2
SW071229,P002,Groups,TA/TO,91-180 days,Non Refund,1,0.9271,High risk,19.5
SW071257,P002,Online TA,TA/TO,91-180 days,No Deposit,1,0.4241,Medium risk,351.36
SW071314,P002,Online TA,TA/TO,31-90 days,No Deposit,1,0.285,Medium risk,257.6
SW071362,P002,Online TA,TA/TO,31-90 days,No Deposit,1,0.285,Medium risk,938.0
SW071365,P002,Online TA,TA/TO,91-180 days,No Deposit,1,0.4241,Medium risk,825.3
SW071377,P002,Offline TA/TO,TA/TO,181+ days,No Deposit,1,0.3925,Medium risk,160.0
SW071427,P002,Online TA,TA/TO,181+ days,No Deposit,1,0.4754,High risk,591.6
SW071483,P002,Online TA,TA/TO,31-90 days,No Deposit,1,0.2806,Medium risk,489.0
SW071497,P002,Online TA,TA/TO,91-180 days,No Deposit,1,0.4241,Medium risk,428.4
SW071510,P002,Online TA,TA/TO,181+ days,No Deposit,1,0.3515,Medium risk,89.1
SW071512,P002,Online TA,TA/TO,181+ days,No Deposit,1,0.3515,Medium risk,91.85
SW071517,P002,Online TA,TA/TO,8-30 days,No Deposit,1,0.2482,Low risk,160.0
SW071568,P002,Online TA,TA/TO,91-180 days,No Deposit,1,0.4241,Medium risk,267.3
SW071583,P002,Online TA,TA/TO,181+ days,No Deposit,1,0.3564,Medium risk,164.94
SW071602,P002,Online TA,TA/TO,91-180 days,No Deposit,1,0.4241,Medium risk,580.5
SW071612,P002,Online TA,TA/TO,31-90 days,No Deposit,1,0.285,Medium risk,575.0
SW071613,P002,Online TA,TA/TO,31-90 days,No Deposit,1,0.2806,Medium risk,260.0
SW071637,P002,Groups,TA/TO,181+ days,Non Refund,1,0.9399,High risk,49.5
SW071639,P002,Groups,TA/TO,181+ days,Non Refund,1,0.9399,High risk,49.5
SW071644,P002,Online TA,TA/TO,31-90 days,No Deposit,1,0.2806,Medium risk,590.01
SW071738,P002,Online TA,TA/TO,8-30 days,No Deposit,1,0.3507,Medium risk,320.0
SW071782,P002,Groups,TA/TO,181+ days,Non Refund,1,0.9399,High risk,82.5
SW071811,P002,Online TA,TA/TO,8-30 days,No Deposit,1,0.2482,Low risk,210.0
SW071820,P002,Online TA,TA/TO,181+ days,No Deposit,1,0.4754,High risk,214.2
SW071875,P002,Online TA,TA/TO,8-30 days,No Deposit,1,0.3507,Medium risk,960.0
SW071933,P002,Online TA,TA/TO,91-180 days,No Deposit,1,0.4241,Medium risk,392.4
SW071988,P002,Online TA,TA/TO,91-180 days,No Deposit,1,0.3104,Medium risk,430.54
SW071990,P002,Online TA,TA/TO,0-7 days,No Deposit,1,0.2396,Low risk,420.0
SW072054,P002,Online TA,TA/TO,8-30 days,No Deposit,1,0.2482,Low risk,798.0
SW072064,P002,Online TA,TA/TO,181+ days,No Deposit,1,0.3564,Medium risk,187.28
SW072071,P002,Online TA,TA/TO,91-180 days,No Deposit,1,0.4241,Medium risk,2157.32
SW072090,P002,Online TA,TA/TO,8-30 days,No Deposit,1,0.2442,Low risk,558.0
SW072103,P002,Online TA,TA/TO,8-30 days,No Deposit,1,0.2482,Low risk,118.0
SW072133,P002,Offline TA/TO,TA/TO,181+ days,No Deposit,1,0.3925,Medium risk,160.0
SW072136,P002,Offline TA/TO,TA/TO,181+ days,No Deposit,1,0.3925,Medium risk,160.0
SW072141,P002,Offline TA/TO,TA/TO,181+ days,No Deposit,1,0.3925,Medium risk,160.0
SW072174,P002,Online TA,TA/TO,8-30 days,No Deposit,1,0.3507,Medium risk,140.0
SW072200,P002,Groups,TA/TO,181+ days,Non Refund,1,0.9399,High risk,49.5
SW072256,P002,Online TA,TA/TO,181+ days,No Deposit,1,0.3564,Medium risk,534.6
SW072261,P002,Online TA,TA/TO,181+ days,No Deposit,1,0.4754,High risk,2035.8
SW072265,P002,Online TA,TA/TO,8-30 days,No Deposit,1,0.2482,Low risk,160.0
SW072306,P002,Online TA,TA/TO,91-180 days,No Deposit,1,0.4241,Medium risk,391.5
SW072310,P002,Online TA,TA/TO,91-180 days,No Deposit,1,0.3104,Medium risk,397.5
SW072340,P002,Groups,TA/TO,181+ days,Non Refund,1,0.9399,High risk,66.0
SW072341,P002,Groups,TA/TO,181+ days,Non Refund,1,0.9399,High risk,66.0
SW072351,P002,Direct,Direct,181+ days,No Deposit,1,0.1682,Low risk,1303.62
SW072358,P002,Online TA,TA/TO,181+ days,No Deposit,1,0.4754,High risk,180.0
SW072363,P002,Online TA,TA/TO,181+ days,No Deposit,1,0.4754,High risk,360.0
SW072385,P002,Online TA,TA/TO,8-30 days,No Deposit,1,0.2442,Low risk,858.0
SW072421,P002,Online TA,TA/TO,91-180 days,No Deposit,1,0.3104,Medium risk,250.0
SW072444,P002,Online TA,TA/TO,91-180 days,No Deposit,1,0.4241,Medium risk,494.1
SW072466,P002,Online TA,TA/TO,8-30 days,No Deposit,1,0.2482,Low risk,140.0
SW072488,P002,Offline TA/TO,TA/TO,181+ days,Non Refund,1,0.908,High risk,40.5
SW072495,P002,Offline TA/TO,TA/TO,181+ days,No Deposit,1,0.3925,Medium risk,338.01
SW072513,P002,Online TA,TA/TO,91-180 days,No Deposit,1,0.4241,Medium risk,837.0
SW072524,P002,Online TA,TA/TO,8-30 days,No Deposit,1,0.2482,Low risk,109.0
SW072530,P002,Online TA,TA/TO,8-30 days,No Deposit,1,0.3507,Medium risk,378.0
SW072535,P002,Online TA,TA/TO,8-30 days,No Deposit,1,0.2442,Low risk,408.0
SW072545,P002,Online TA,TA/TO,91-180 days,No Deposit,1,0.3104,Medium risk,625.0
SW072604,P002,Groups,TA/TO,181+ days,Non Refund,1,0.9399,High risk,13.5
SW072617,P002,Online TA,TA/TO,91-180 days,No Deposit,1,0.3104,Medium risk,420.51
SW072634,P002,Online TA,TA/TO,91-180 days,No Deposit,1,0.4241,Medium risk,783.0
SW072642,P002,Online TA,TA/TO,181+ days,No Deposit,1,0.3515,Medium risk,1572.08
SW072643,P002,Online TA,TA/TO,31-90 days,No Deposit,1,0.3947,Medium risk,80.1
SW072656,P002,Online TA,TA/TO,8-30 days,No Deposit,1,0.2482,Low risk,848.0
SW072668,P002,Online TA,TA/TO,181+ days,No Deposit,1,0.3515,Medium risk,844.2
SW072685,P002,Online TA,TA/TO,91-180 days,No Deposit,1,0.3104,Medium risk,465.0
SW072693,P002,Direct,Direct,91-180 days,No Deposit,1,0.1411,Low risk,337.5
SW072711,P002,Online TA,TA/TO,181+ days,No Deposit,1,0.3515,Medium risk,623.7
SW072734,P002,Direct,Direct,31-90 days,No Deposit,1,0.1294,Low risk,351.0
SW072769,P002,Online TA,TA/TO,91-180 days,No Deposit,1,0.4241,Medium risk,875.0
SW072846,P002,Offline TA/TO,TA/TO,181+ days,Non Refund,1,0.908,High risk,13.5
SW072849,P002,Offline TA/TO,TA/TO,181+ days,Non Refund,1,0.908,High risk,13.5
SW072857,P002,Online TA,TA/TO,181+ days,No Deposit,1,0.4754,High risk,398.0
SW072911,P002,Online TA,TA/TO,181+ days,No Deposit,1,0.3564,Medium risk,450.0
SW072925,P002,Online TA,TA/TO,91-180 days,No Deposit,1,0.4241,Medium risk,130.5
SW072971,P002,Online TA,TA/TO,91-180 days,No Deposit,1,0.3104,Medium risk,125.0
SW072973,P002,Online TA,TA/TO,8-30 days,No Deposit,1,0.2482,Low risk,160.0
SW073001,P002,Direct,Direct,0-7 days,No Deposit,1,0.1052,Low risk,219.0
SW073006,P002,Direct,Direct,181+ days,No Deposit,1,0.2526,Medium risk,337.5
SW073045,P002,Online TA,TA/TO,8-30 days,No Deposit,1,0.2482,Low risk,160.0
SW073049,P002,Online TA,TA/TO,8-30 days,No Deposit,1,0.2482,Low risk,320.0
SW073061,P002,Online TA,TA/TO,91-180 days,No Deposit,1,0.4241,Medium risk,702.0
SW073117,P002,Online TA,TA/TO,31-90 days,No Deposit,1,0.285,Medium risk,160.0
SW073134,P002,Offline TA/TO,TA/TO,181+ days,No Deposit,1,0.4644,High risk,270.0
SW073138,P002,Online TA,TA/TO,181+ days,No Deposit,1,0.4754,High risk,385.0
SW073148,P002,Online TA,TA/TO,181+ days,No Deposit,1,0.4754,High risk,522.0
SW073150,P002,Offline TA/TO,TA/TO,31-90 days,No Deposit,1,0.3842,Medium risk,812.7
SW073234,P002,Online TA,TA/TO,31-90 days,No Deposit,1,0.3947,Medium risk,420.0
SW073243,P002,Online TA,TA/TO,181+ days,No Deposit,1,0.3564,Medium risk,402.3
SW073250,P002,Direct,Direct,0-7 days,No Deposit,1,0.1052,Low risk,510.0
SW073260,P002,Online TA,TA/TO,91-180 days,No Deposit,1,0.4241,Medium risk,594.0
SW073340,P002,Groups,TA/TO,91-180 days,Non Refund,1,0.9271,High risk,42.0
SW073381,P002,Online TA,TA/TO,181+ days,No Deposit,1,0.4754,High risk,767.69
SW073386,P002,Direct,Direct,0-7 days,No Deposit,1,0.1052,Low risk,203.6
SW073465,P002,Online TA,TA/TO,31-90 days,No Deposit,1,0.285,Medium risk,258.0
SW073517,P002,Offline TA/TO,TA/TO,181+ days,No Deposit,1,0.3925,Medium risk,160.0
SW073520,P002,Online TA,TA/TO,91-180 days,No Deposit,1,0.3058,Medium risk,390.0
SW073527,P002,Online TA,TA/TO,31-90 days,No Deposit,1,0.2806,Medium risk,280.0
SW073564,P002,Online TA,TA/TO,91-180 days,No Deposit,1,0.4241,Medium risk,381.3
SW073580,P002,Online TA,TA/TO,181+ days,No Deposit,1,0.4754,High risk,882.0
SW073585,P002,Offline TA/TO,TA/TO,181+ days,No Deposit,1,0.4644,High risk,793.73
SW073608,P002,Online TA,TA/TO,31-90 days,No Deposit,1,0.285,Medium risk,669.0
SW073609,P002,Online TA,TA/TO,181+ days,No Deposit,1,0.4754,High risk,297.0
SW073617,P002,Online TA,TA/TO,181+ days,No Deposit,1,0.4754,High risk,214.2
SW073620,P002,Online TA,TA/TO,8-30 days,No Deposit,1,0.3507,Medium risk,750.0
SW073621,P002,Online TA,TA/TO,181+ days,No Deposit,1,0.4754,High risk,321.3
SW073639,P002,Online TA,TA/TO,31-90 days,No Deposit,1,0.285,Medium risk,2804.06
SW073665,P002,Online TA,TA/TO,91-180 days,No Deposit,1,0.4241,Medium risk,444.8
SW073714,P002,Online TA,TA/TO,181+ days,No Deposit,1,0.4754,High risk,1323.0
SW073732,P002,Groups,TA/TO,181+ days,No Deposit,1,0.8132,High risk,125.6
SW073773,P002,Groups,TA/TO,181+ days,No Deposit,1,0.8132,High risk,125.6
SW073784,P002,Groups,TA/TO,181+ days,No Deposit,1,0.8132,High risk,125.6
SW073793,P002,Groups,TA/TO,181+ days,No Deposit,1,0.8132,High risk,125.6
SW073823,P002,Groups,TA/TO,181+ days,No Deposit,1,0.8132,High risk,125.6
SW073832,P002,Groups,TA/TO,181+ days,No Deposit,1,0.8132,High risk,125.6
SW073861,P002,Groups,TA/TO,181+ days,No Deposit,1,0.8132,High risk,125.6
SW073875,P002,Groups,TA/TO,181+ days,No Deposit,1,0.6101,High risk,124.0
SW073890,P002,Groups,TA/TO,181+ days,No Deposit,1,0.8132,High risk,125.6
SW073900,P002,Groups,TA/TO,181+ days,No Deposit,1,0.8302,High risk,124.0
SW073906,P002,Groups,TA/TO,181+ days,No Deposit,1,0.8302,High risk,124.0
SW073913,P002,Groups,TA/TO,181+ days,No Deposit,1,0.8302,High risk,124.0
SW073920,P002,Groups,TA/TO,181+ days,No Deposit,1,0.8302,High risk,124.0
SW073921,P002,Groups,TA/TO,181+ days,No Deposit,1,0.8302,High risk,124.0
SW073947,P002,Groups,TA/TO,181+ days,No Deposit,1,0.8302,High risk,124.0
SW073976,P002,Groups,TA/TO,181+ days,Non Refund,1,0.9823,High risk,18.6
SW073990,P002,Groups,TA/TO,181+ days,Non Refund,1,0.9823,High risk,18.6
SW074001,P002,Groups,TA/TO,181+ days,Non Refund,1,0.9823,High risk,18.6
SW074056,P002,Groups,TA/TO,181+ days,Non Refund,1,0.9823,High risk,18.6
SW074086,P002,Groups,TA/TO,181+ days,Non Refund,1,0.9823,High risk,18.6
SW074108,P002,Groups,TA/TO,181+ days,Non Refund,1,0.9823,High risk,18.6
SW074141,P002,Groups,TA/TO,181+ days,Non Refund,1,0.9823,High risk,18.6
SW074168,P002,Groups,TA/TO,181+ days,Non Refund,1,0.9823,High risk,18.6
SW074178,P002,Groups,TA/TO,181+ days,Non Refund,1,0.9823,High risk,18.6
SW074206,P002,Groups,TA/TO,181+ days,Non Refund,1,0.9823,High risk,18.6
SW074229,P002,Groups,TA/TO,181+ days,No Deposit,1,0.8302,High risk,124.0
SW074278,P002,Groups,TA/TO,181+ days,No Deposit,1,0.8132,High risk,188.4
SW074290,P002,Groups,TA/TO,181+ days,No Deposit,1,0.8132,High risk,188.4
SW074303,P002,Groups,TA/TO,181+ days,No Deposit,1,0.8132,High risk,188.4
SW074342,P002,Groups,TA/TO,181+ days,No Deposit,1,0.8302,High risk,124.0
SW074350,P002,Groups,TA/TO,181+ days,No Deposit,1,0.8302,High risk,124.0
SW074365,P002,Groups,TA/TO,181+ days,No Deposit,1,0.8302,High risk,124.0
SW074396,P002,Groups,TA/TO,181+ days,Non Refund,1,0.9823,High risk,18.6
SW074421,P002,Groups,TA/TO,181+ days,Non Refund,1,0.9823,High risk,18.6
SW074426,P002,Groups,TA/TO,181+ days,Non Refund,1,0.9823,High risk,18.6
SW074444,P002,Groups,TA/TO,181+ days,Non Refund,1,0.9823,High risk,18.6
SW074499,P002,Groups,TA/TO,181+ days,Non Refund,1,0.9823,High risk,18.6
SW074532,P002,Groups,TA/TO,181+ days,Non Refund,1,0.9823,High risk,18.6
SW074594,P002,Groups,TA/TO,181+ days,Non Refund,1,0.9823,High risk,18.6
SW074608,P002,Groups,TA/TO,181+ days,Non Refund,1,0.9823,High risk,18.6
SW074669,P002,Groups,TA/TO,181+ days,Non Refund,1,0.9852,High risk,18.0
SW074684,P002,Groups,TA/TO,181+ days,Non Refund,1,0.9852,High risk,18.84
SW074692,P002,Groups,TA/TO,181+ days,Non Refund,1,0.9852,High risk,18.84
SW074721,P002,Complementary,Corporate,0-7 days,No Deposit,0,0.0705,Low risk,0.0
SW074748,P002,Offline TA/TO,TA/TO,181+ days,Non Refund,1,0.9767,High risk,60.0
SW074767,P002,Groups,TA/TO,181+ days,No Deposit,0,0.506,High risk,0.0
SW074799,P002,Online TA,TA/TO,181+ days,No Deposit,1,0.7416,High risk,242.25
SW074848,P002,Offline TA/TO,TA/TO,181+ days,Non Refund,1,0.9767,High risk,8.25
SW074913,P002,Groups,TA/TO,181+ days,Non Refund,1,0.9852,High risk,9.0
SW074929,P002,Groups,TA/TO,91-180 days,No Deposit,1,0.826,High risk,180.0
SW074947,P002,Online TA,TA/TO,181+ days,No Deposit,1,0.7019,High risk,195.87
SW074964,P002,Groups,TA/TO,91-180 days,Non Refund,1,0.9818,High risk,9.0
SW074968,P002,Offline TA/TO,TA/TO,181+ days,No Deposit,1,0.7866,High risk,203.0
SW074992,P002,Groups,TA/TO,181+ days,Non Refund,1,0.9802,High risk,37.2
SW075010,P002,Online TA,TA/TO,91-180 days,No Deposit,1,0.6567,High risk,535.5
SW075048,P002,Groups,TA/TO,181+ days,No Deposit,1,0.8132,High risk,124.0
SW075066,P002,Groups,TA/TO,181+ days,Non Refund,1,0.9802,High risk,18.6
SW075067,P002,Groups,TA/TO,181+ days,Non Refund,1,0.9802,High risk,18.6
SW075070,P002,Groups,TA/TO,181+ days,Non Refund,1,0.9802,High risk,18.6
SW075089,P002,Groups,TA/TO,181+ days,Non Refund,1,0.9802,High risk,18.6
SW075157,P002,Groups,TA/TO,181+ days,Non Refund,1,0.9802,High risk,18.0
SW075167,P002,Groups,TA/TO,181+ days,Non Refund,1,0.9802,High risk,18.0
SW075224,P002,Groups,TA/TO,181+ days,Non Refund,1,0.9802,High risk,18.6
SW075226,P002,Groups,TA/TO,181+ days,Non Refund,1,0.9802,High risk,18.6
SW075244,P002,Groups,TA/TO,181+ days,Non Refund,1,0.9802,High risk,18.6
SW075249,P002,Groups,TA/TO,181+ days,Non Refund,1,0.9802,High risk,18.6
SW075253,P002,Groups,TA/TO,181+ days,Non Refund,1,0.9802,High risk,18.6
SW075341,P002,Groups,TA/TO,181+ days,Non Refund,1,0.9802,High risk,18.6
SW075342,P002,Groups,TA/TO,181+ days,Non Refund,1,0.9802,High risk,18.6
SW075354,P002,Groups,TA/TO,181+ days,Non Refund,1,0.9802,High risk,18.0
SW075373,P002,Groups,TA/TO,181+ days,Non Refund,1,0.9802,High risk,18.6
SW075393,P002,Groups,TA/TO,181+ days,Non Refund,1,0.9802,High risk,18.6
SW075398,P002,Groups,TA/TO,181+ days,Non Refund,1,0.9802,High risk,18.6
SW075455,P002,Groups,TA/TO,181+ days,Non Refund,1,0.9802,High risk,18.6
SW075457,P002,Groups,TA/TO,181+ days,Non Refund,1,0.9802,High risk,18.6
SW075466,P002,Groups,TA/TO,181+ days,Non Refund,1,0.9802,High risk,18.6
SW075471,P002,Groups,TA/TO,181+ days,Non Refund,1,0.9802,High risk,18.6
SW075482,P002,Groups,TA/TO,181+ days,Non Refund,1,0.9802,High risk,18.6
SW075512,P002,Groups,TA/TO,181+ days,Non Refund,1,0.9802,High risk,18.6
SW075526,P002,Groups,TA/TO,181+ days,Non Refund,1,0.9802,High risk,18.6
SW075530,P002,Groups,TA/TO,181+ days,Non Refund,1,0.9802,High risk,18.6
SW075575,P002,Offline TA/TO,TA/TO,181+ days,No Deposit,0,0.4644,High risk,0.0
SW075583,P002,Offline TA/TO,TA/TO,181+ days,No Deposit,0,0.4644,High risk,0.0
SW075599,P002,Offline TA/TO,TA/TO,181+ days,No Deposit,0,0.4644,High risk,0.0
SW075632,P002,Groups,TA/TO,181+ days,No Deposit,1,0.8132,High risk,248.0
SW075675,P002,Groups,TA/TO,181+ days,No Deposit,1,0.8132,High risk,248.0
SW075685,P002,Groups,TA/TO,181+ days,No Deposit,1,0.8132,High risk,248.0
SW075691,P002,Groups,TA/TO,181+ days,No Deposit,1,0.8132,High risk,248.0
SW075712,P002,Groups,TA/TO,181+ days,No Deposit,1,0.8132,High risk,248.0
SW075719,P002,Groups,TA/TO,181+ days,No Deposit,1,0.8132,High risk,248.0
SW075749,P002,Groups,TA/TO,181+ days,No Deposit,1,0.8132,High risk,248.0
SW075751,P002,Groups,TA/TO,181+ days,No Deposit,1,0.8132,High risk,248.0
SW075801,P002,Groups,TA/TO,181+ days,No Deposit,1,0.8132,High risk,248.0
SW075822,P002,Groups,TA/TO,181+ days,No Deposit,1,0.8132,High risk,248.0
SW075850,P002,Groups,TA/TO,181+ days,No Deposit,1,0.8132,High risk,248.0
SW075881,P002,Groups,TA/TO,181+ days,No Deposit,1,0.8132,High risk,248.0
SW075910,P002,Groups,TA/TO,181+ days,No Deposit,1,0.8132,High risk,248.0
SW075915,P002,Groups,TA/TO,181+ days,No Deposit,1,0.8132,High risk,248.0
SW075953,P002,Offline TA/TO,TA/TO,181+ days,Non Refund,1,0.969,High risk,30.45
SW075966,P002,Offline TA/TO,TA/TO,181+ days,Non Refund,1,0.969,High risk,30.45
SW076012,P002,Offline TA/TO,TA/TO,181+ days,Non Refund,1,0.969,High risk,30.45
SW076020,P002,Offline TA/TO,TA/TO,181+ days,Non Refund,1,0.969,High risk,30.45
SW076065,P002,Offline TA/TO,TA/TO,181+ days,Non Refund,1,0.969,High risk,30.45
SW076090,P002,Offline TA/TO,TA/TO,181+ days,Non Refund,1,0.969,High risk,30.45
SW076100,P002,Offline TA/TO,TA/TO,181+ days,Non Refund,1,0.969,High risk,30.45
SW076107,P002,Offline TA/TO,TA/TO,181+ days,Non Refund,1,0.969,High risk,30.45
SW076123,P002,Offline TA/TO,TA/TO,181+ days,Non Refund,1,0.969,High risk,24.0
SW076226,P002,Groups,TA/TO,91-180 days,Non Refund,1,0.9758,High risk,38.7
SW076272,P002,Groups,TA/TO,91-180 days,No Deposit,1,0.826,High risk,150.0
SW076279,P002,Groups,TA/TO,91-180 days,No Deposit,1,0.826,High risk,150.0
SW076316,P002,Online TA,TA/TO,91-180 days,No Deposit,1,0.3104,Medium risk,612.0
SW076345,P002,Groups,TA/TO,181+ days,No Deposit,0,0.506,High risk,0.0
SW076351,P002,Offline TA/TO,TA/TO,181+ days,No Deposit,0,0.3925,Medium risk,0.0
SW076381,P002,Offline TA/TO,TA/TO,181+ days,No Deposit,0,0.3925,Medium risk,0.0
SW076435,P002,Groups,TA/TO,181+ days,Non Refund,1,0.9852,High risk,18.6
SW076436,P002,Groups,TA/TO,181+ days,Non Refund,1,0.9852,High risk,18.6
SW076461,P002,Groups,TA/TO,181+ days,Non Refund,1,0.9852,High risk,18.6
SW076484,P002,Groups,TA/TO,181+ days,Non Refund,1,0.9852,High risk,27.9
SW076485,P002,Groups,TA/TO,181+ days,Non Refund,1,0.9852,High risk,27.9
SW076504,P002,Groups,TA/TO,181+ days,Non Refund,1,0.9852,High risk,27.9
SW076508,P002,Groups,TA/TO,181+ days,Non Refund,1,0.9852,High risk,27.0
SW076551,P002,Offline TA/TO,TA/TO,181+ days,No Deposit,1,0.7866,High risk,96.0
SW076557,P002,Offline TA/TO,TA/TO,181+ days,No Deposit,1,0.7866,High risk,96.0
SW076570,P002,Offline TA/TO,TA/TO,181+ days,No Deposit,1,0.7866,High risk,96.0
SW076620,P002,Online TA,TA/TO,181+ days,No Deposit,0,0.3515,Medium risk,0.0
SW076623,P002,Complementary,TA/TO,0-7 days,No Deposit,0,0.1014,Low risk,0.0
SW076639,P002,Complementary,Corporate,0-7 days,No Deposit,0,0.0705,Low risk,0.0
SW076721,P002,Corporate,Corporate,0-7 days,No Deposit,0,0.1091,Low risk,0.0
SW076725,P002,Corporate,Corporate,8-30 days,No Deposit,0,0.1735,Low risk,0.0
SW076792,P002,Online TA,TA/TO,181+ days,No Deposit,1,0.6973,High risk,459.0
SW076859,P002,Groups,TA/TO,181+ days,Non Refund,1,0.9852,High risk,9.0
SW076866,P002,Groups,TA/TO,181+ days,Non Refund,1,0.9852,High risk,9.0
SW076870,P002,Groups,TA/TO,181+ days,Non Refund,1,0.9852,High risk,9.0
SW076918,P002,Groups,TA/TO,181+ days,Non Refund,1,0.9852,High risk,153.0
SW076932,P002,Groups,TA/TO,181+ days,Non Refund,1,0.9852,High risk,153.0
SW076940,P002,Groups,TA/TO,181+ days,Non Refund,1,0.9852,High risk,153.0
SW076944,P002,Groups,TA/TO,181+ days,Non Refund,1,0.9852,High risk,153.0
SW076956,P002,Groups,TA/TO,181+ days,Non Refund,1,0.9852,High risk,153.0
SW076984,P002,Online TA,TA/TO,181+ days,No Deposit,0,0.2877,Medium risk,0.0
SW076987,P002,Direct,Direct,0-7 days,No Deposit,0,0.1052,Low risk,0.0
SW077015,P002,Online TA,TA/TO,91-180 days,No Deposit,0,0.4241,Medium risk,0.0
SW077016,P002,Online TA,TA/TO,181+ days,No Deposit,0,0.3515,Medium risk,0.0
SW077043,P002,Groups,TA/TO,181+ days,Non Refund,1,0.9852,High risk,28.26
SW077061,P002,Groups,TA/TO,181+ days,Non Refund,1,0.9852,High risk,28.26
SW077111,P002,Offline TA/TO,TA/TO,181+ days,No Deposit,0,0.3925,Medium risk,0.0
SW077129,P002,Offline TA/TO,TA/TO,181+ days,No Deposit,0,0.3925,Medium risk,0.0
SW077140,P002,Offline TA/TO,TA/TO,181+ days,No Deposit,0,0.3925,Medium risk,0.0
SW077148,P002,Complementary,Direct,0-7 days,No Deposit,0,0.3228,Medium risk,0.0
SW077183,P002,Online TA,TA/TO,8-30 days,No Deposit,0,0.1411,Low risk,0.0
SW077185,P002,Online TA,TA/TO,0-7 days,No Deposit,0,0.1387,Low risk,0.0
SW077237,P002,Offline TA/TO,TA/TO,181+ days,No Deposit,0,0.2831,Medium risk,0.0
SW077277,P002,Direct,Direct,0-7 days,No Deposit,0,0.1052,Low risk,0.0
SW077279,P002,Online TA,TA/TO,0-7 days,No Deposit,0,0.1362,Low risk,0.0
SW077305,P002,Offline TA/TO,TA/TO,181+ days,No Deposit,0,0.3925,Medium risk,0.0
SW077355,P002,Offline TA/TO,TA/TO,8-30 days,Non Refund,1,0.9615,High risk,36.0
SW077357,P002,Offline TA/TO,TA/TO,8-30 days,Non Refund,1,0.9615,High risk,36.0
SW077398,P002,Offline TA/TO,TA/TO,8-30 days,No Deposit,0,0.278,Medium risk,0.0
SW077519,P002,Online TA,TA/TO,8-30 days,No Deposit,1,0.6576,High risk,848.0
SW077551,P002,Offline TA/TO,TA/TO,8-30 days,No Deposit,1,0.6872,High risk,170.0
SW077555,P002,Offline TA/TO,TA/TO,0-7 days,No Deposit,0,0.1207,Low risk,0.0
SW077570,P002,Corporate,Corporate,0-7 days,No Deposit,0,0.1284,Low risk,0.0
SW077581,P002,Corporate,Corporate,0-7 days,No Deposit,0,0.1284,Low risk,0.0
SW077608,P002,Direct,Direct,0-7 days,No Deposit,0,0.1052,Low risk,0.0
SW077622,P002,Groups,TA/TO,8-30 days,No Deposit,0,0.3791,Medium risk,0.0
SW077625,P002,Groups,TA/TO,8-30 days,No Deposit,0,0.3791,Medium risk,0.0
SW077657,P002,Corporate,Corporate,0-7 days,No Deposit,0,0.1284,Low risk,0.0
SW077744,P002,Online TA,TA/TO,0-7 days,No Deposit,0,0.0858,Low risk,0.0
SW077813,P002,Offline TA/TO,TA/TO,31-90 days,No Deposit,1,0.7262,High risk,474.66
SW077815,P002,Direct,Direct,0-7 days,No Deposit,0,0.1052,Low risk,0.0
SW077821,P002,Online TA,TA/TO,8-30 days,No Deposit,0,0.3112,Medium risk,0.0
SW077832,P002,Corporate,Corporate,0-7 days,No Deposit,0,0.1284,Low risk,0.0
SW077833,P002,Corporate,Corporate,0-7 days,No Deposit,0,0.1284,Low risk,0.0
SW077834,P002,Corporate,Corporate,0-7 days,No Deposit,0,0.0989,Low risk,0.0
SW077848,P002,Online TA,TA/TO,0-7 days,No Deposit,0,0.1615,Low risk,0.0
SW077850,P002,Groups,TA/TO,8-30 days,No Deposit,0,0.3791,Medium risk,0.0
SW077868,P002,Groups,TA/TO,8-30 days,No Deposit,0,0.3791,Medium risk,0.0
SW077909,P002,Online TA,TA/TO,8-30 days,No Deposit,0,0.2482,Low risk,0.0
SW077925,P002,Groups,TA/TO,8-30 days,No Deposit,0,0.3791,Medium risk,0.0
SW077993,P002,Offline TA/TO,TA/TO,31-90 days,Non Refund,1,0.9679,High risk,31.5
SW077994,P002,Offline TA/TO,TA/TO,31-90 days,Non Refund,1,0.9679,High risk,31.5
SW078048,P002,Online TA,TA/TO,8-30 days,No Deposit,1,0.6576,High risk,346.5
SW078068,P002,Online TA,TA/TO,0-7 days,No Deposit,0,0.1615,Low risk,0.0
SW078095,P002,Online TA,TA/TO,0-7 days,No Deposit,0,0.1362,Low risk,0.0
SW078105,P002,Direct,Direct,0-7 days,No Deposit,0,0.0805,Low risk,0.0
SW078117,P002,Online TA,TA/TO,181+ days,No Deposit,0,0.4754,High risk,0.0
SW078136,P002,Offline TA/TO,TA/TO,8-30 days,No Deposit,0,0.278,Medium risk,0.0
SW078140,P002,Offline TA/TO,TA/TO,8-30 days,No Deposit,0,0.278,Medium risk,0.0
SW078149,P002,Direct,Direct,0-7 days,No Deposit,1,0.3332,Medium risk,330.0
SW078173,P002,Offline TA/TO,TA/TO,181+ days,No Deposit,0,0.3925,Medium risk,0.0
SW078175,P002,Offline TA/TO,TA/TO,181+ days,No Deposit,0,0.3925,Medium risk,0.0
SW078194,P002,Online TA,TA/TO,8-30 days,No Deposit,0,0.2482,Low risk,0.0
SW078216,P002,Direct,Direct,0-7 days,No Deposit,0,0.0553,Low risk,0.0
SW078223,P002,Direct,Direct,8-30 days,No Deposit,1,0.4614,High risk,109.0
SW078232,P002,Groups,TA/TO,8-30 days,Non Refund,1,0.9754,High risk,27.9
SW078239,P002,Groups,TA/TO,8-30 days,Non Refund,1,0.9754,High risk,27.9
SW078241,P002,Groups,TA/TO,8-30 days,Non Refund,1,0.9754,High risk,27.9
SW078247,P002,Groups,TA/TO,8-30 days,Non Refund,1,0.9754,High risk,27.9
SW078270,P002,Offline TA/TO,TA/TO,8-30 days,No Deposit,1,0.6208,High risk,100.0
SW078283,P002,Corporate,Corporate,0-7 days,No Deposit,0,0.1284,Low risk,0.0
SW078302,P002,Corporate,Corporate,8-30 days,No Deposit,0,0.3961,Medium risk,0.0
SW078318,P002,Corporate,Corporate,8-30 days,No Deposit,1,0.2557,Medium risk,65.0
SW078353,P002,Online TA,TA/TO,8-30 days,No Deposit,0,0.2164,Low risk,0.0
SW078367,P002,Corporate,Corporate,0-7 days,No Deposit,1,0.1284,Low risk,65.0
SW078371,P002,Offline TA/TO,TA/TO,8-30 days,No Deposit,0,0.3407,Medium risk,0.0
SW078373,P002,Online TA,TA/TO,8-30 days,No Deposit,1,0.3112,Medium risk,145.0
SW078386,P002,Groups,TA/TO,0-7 days,No Deposit,0,0.2626,Medium risk,0.0
SW078387,P002,Online TA,TA/TO,8-30 days,No Deposit,0,0.2164,Low risk,0.0
SW078505,P002,Corporate,Corporate,8-30 days,No Deposit,0,0.1583,Low risk,0.0
SW078555,P002,Corporate,Corporate,0-7 days,No Deposit,0,0.1284,Low risk,0.0
SW078562,P002,Corporate,Corporate,0-7 days,No Deposit,0,0.1284,Low risk,0.0
SW078645,P002,Complementary,Direct,0-7 days,No Deposit,1,0.1008,Low risk,0.0
SW078697,P002,Corporate,Corporate,0-7 days,No Deposit,0,0.0989,Low risk,0.0
SW078698,P002,Corporate,Corporate,0-7 days,No Deposit,0,0.1284,Low risk,0.0
SW078775,P002,Corporate,Corporate,8-30 days,No Deposit,0,0.1583,Low risk,0.0
SW078908,P002,Groups,TA/TO,8-30 days,No Deposit,0,0.3791,Medium risk,0.0
SW078958,P002,Corporate,Corporate,0-7 days,No Deposit,0,0.0826,Low risk,0.0
SW078965,P002,Corporate,Corporate,0-7 days,No Deposit,0,0.2767,Medium risk,0.0
SW078967,P002,Online TA,TA/TO,8-30 days,No Deposit,0,0.2482,Low risk,0.0
SW078987,P002,Offline TA/TO,TA/TO,181+ days,No Deposit,0,0.3925,Medium risk,0.0
SW078998,P002,Online TA,TA/TO,31-90 days,No Deposit,0,0.3529,Medium risk,0.0
SW079008,P002,Complementary,Direct,0-7 days,No Deposit,0,0.0637,Low risk,0.0
SW079027,P002,Online TA,TA/TO,0-7 days,No Deposit,0,0.2085,Low risk,0.0
SW079065,P002,Online TA,TA/TO,0-7 days,No Deposit,0,0.1255,Low risk,0.0
SW079070,P002,Direct,Direct,0-7 days,No Deposit,0,0.1052,Low risk,0.0
SW079130,P002,Offline TA/TO,TA/TO,0-7 days,No Deposit,0,0.1335,Low risk,0.0
SW079132,P002,Online TA,TA/TO,8-30 days,No Deposit,0,0.2164,Low risk,0.0
SW079221,P002,Online TA,TA/TO,0-7 days,No Deposit,0,0.2396,Low risk,0.0
SW079255,P002,Offline TA/TO,TA/TO,181+ days,Non Refund,1,0.9767,High risk,33.75
SW079277,P002,Online TA,TA/TO,8-30 days,No Deposit,0,0.3507,Medium risk,0.0
SW079295,P002,Online TA,TA/TO,8-30 days,No Deposit,0,0.2442,Low risk,0.0
SW079300,P002,Offline TA/TO,TA/TO,8-30 days,No Deposit,0,0.278,Medium risk,0.0
SW079311,P002,Offline TA/TO,TA/TO,31-90 days,No Deposit,0,0.3173,Medium risk,0.0
SW079317,P002,Online TA,TA/TO,8-30 days,No Deposit,1,0.54,High risk,224.0
SW079321,P002,Offline TA/TO,TA/TO,8-30 days,No Deposit,0,0.2401,Low risk,0.0
SW079355,P002,Direct,Direct,31-90 days,No Deposit,0,0.1294,Low risk,0.0
SW079396,P002,Offline TA/TO,TA/TO,8-30 days,No Deposit,0,0.278,Medium risk,0.0
SW079416,P002,Groups,TA/TO,91-180 days,Non Refund,1,0.9818,High risk,21.0
SW079458,P002,Groups,TA/TO,91-180 days,Non Refund,1,0.9818,High risk,21.0
SW079464,P002,Groups,TA/TO,91-180 days,Non Refund,1,0.9818,High risk,21.0
SW079472,P002,Direct,Direct,31-90 days,No Deposit,0,0.1294,Low risk,0.0
SW079483,P002,Corporate,Corporate,8-30 days,No Deposit,0,0.0713,Low risk,0.0
SW079508,P002,Groups,TA/TO,8-30 days,No Deposit,0,0.3791,Medium risk,0.0
SW079517,P002,Groups,TA/TO,8-30 days,No Deposit,0,0.3791,Medium risk,0.0
SW079552,P002,Offline TA/TO,TA/TO,31-90 days,No Deposit,0,0.2369,Low risk,0.0
SW079570,P002,Corporate,Corporate,8-30 days,No Deposit,0,0.2016,Low risk,0.0
SW079571,P002,Online TA,TA/TO,0-7 days,No Deposit,0,0.1355,Low risk,0.0
SW079594,P002,Offline TA/TO,TA/TO,8-30 days,No Deposit,0,0.278,Medium risk,0.0
SW079636,P002,Offline TA/TO,TA/TO,8-30 days,No Deposit,0,0.278,Medium risk,0.0
SW079639,P002,Offline TA/TO,TA/TO,31-90 days,No Deposit,0,0.3842,Medium risk,0.0
SW079731,P002,Offline TA/TO,TA/TO,181+ days,Non Refund,1,0.9767,High risk,40.5
SW079801,P002,Offline TA/TO,TA/TO,31-90 days,No Deposit,0,0.3842,Medium risk,0.0
SW079807,P002,Offline TA/TO,TA/TO,31-90 days,No Deposit,0,0.3842,Medium risk,0.0
SW079808,P002,Offline TA/TO,TA/TO,181+ days,No Deposit,1,0.7866,High risk,0.0
SW079819,P002,Offline TA/TO,TA/TO,31-90 days,No Deposit,0,0.2761,Medium risk,0.0
SW079823,P002,Online TA,TA/TO,8-30 days,No Deposit,0,0.2164,Low risk,0.0
SW079841,P002,Offline TA/TO,TA/TO,31-90 days,Non Refund,1,0.9679,High risk,27.0
SW079888,P002,Offline TA/TO,TA/TO,31-90 days,No Deposit,1,0.664,High risk,146.0
SW079906,P002,Online TA,TA/TO,8-30 days,No Deposit,0,0.3112,Medium risk,0.0
SW079929,P002,Online TA,TA/TO,8-30 days,No Deposit,0,0.3507,Medium risk,0.0
SW079964,P002,Online TA,TA/TO,8-30 days,No Deposit,0,0.2164,Low risk,0.0
SW079965,P002,Offline TA/TO,TA/TO,31-90 days,No Deposit,0,0.3842,Medium risk,0.0
SW079989,P002,Online TA,TA/TO,31-90 days,No Deposit,0,0.246,Low risk,0.0
SW079996,P002,Online TA,TA/TO,181+ days,No Deposit,1,0.6572,High risk,91.0
SW079998,P002,Online TA,TA/TO,91-180 days,No Deposit,1,0.6103,High risk,180.0
SW080032,P002,Online TA,TA/TO,0-7 days,No Deposit,0,0.2421,Low risk,0.0
SW080080,P002,Offline TA/TO,TA/TO,181+ days,Non Refund,1,0.9767,High risk,27.0
SW080091,P002,Offline TA/TO,TA/TO,181+ days,Non Refund,1,0.9767,High risk,27.0
SW080121,P002,Groups,TA/TO,31-90 days,Non Refund,1,0.9795,High risk,27.0
SW080126,P002,Groups,TA/TO,31-90 days,Non Refund,1,0.9795,High risk,19.5
SW080148,P002,Offline TA/TO,TA/TO,0-7 days,No Deposit,0,0.2316,Low risk,0.0
SW080174,P002,Corporate,Corporate,91-180 days,No Deposit,0,0.594,High risk,0.0
SW080200,P002,Direct,Direct,0-7 days,No Deposit,0,0.1052,Low risk,0.0
SW080210,P002,Online TA,TA/TO,8-30 days,No Deposit,0,0.2164,Low risk,0.0
SW080255,P002,Offline TA/TO,TA/TO,31-90 days,No Deposit,0,0.3842,Medium risk,0.0
SW080302,P002,Offline TA/TO,TA/TO,31-90 days,Non Refund,1,0.9679,High risk,33.0
SW080305,P002,Offline TA/TO,TA/TO,31-90 days,Non Refund,1,0.9679,High risk,33.0
SW080357,P002,Offline TA/TO,TA/TO,8-30 days,No Deposit,0,0.3407,Medium risk,0.0
SW080423,P002,Offline TA/TO,TA/TO,31-90 days,Non Refund,1,0.9679,High risk,27.0
SW080461,P002,Offline TA/TO,TA/TO,31-90 days,Non Refund,1,0.9679,High risk,27.0
SW080493,P002,Offline TA/TO,TA/TO,8-30 days,Non Refund,1,0.9615,High risk,27.0
SW080535,P002,Corporate,Corporate,8-30 days,No Deposit,0,0.1583,Low risk,0.0
SW080542,P002,Online TA,TA/TO,8-30 days,No Deposit,0,0.2164,Low risk,0.0
SW080561,P002,Online TA,TA/TO,31-90 days,No Deposit,0,0.25,Low risk,0.0
SW080585,P002,Online TA,TA/TO,0-7 days,No Deposit,0,0.1615,Low risk,0.0
SW080590,P002,Online TA,TA/TO,0-7 days,No Deposit,0,0.2396,Low risk,0.0
SW080600,P002,Corporate,Corporate,0-7 days,No Deposit,1,0.1669,Low risk,65.0
SW080611,P002,Online TA,TA/TO,31-90 days,No Deposit,1,0.7348,High risk,597.99
SW080624,P002,Groups,TA/TO,31-90 days,No Deposit,0,0.4243,Medium risk,0.0
SW080655,P002,Offline TA/TO,TA/TO,31-90 days,No Deposit,0,0.1567,Low risk,0.0
SW080659,P002,Offline TA/TO,TA/TO,31-90 days,No Deposit,0,0.3173,Medium risk,0.0
SW080677,P002,Offline TA/TO,TA/TO,31-90 days,No Deposit,0,0.3173,Medium risk,0.0
SW080695,P002,Offline TA/TO,TA/TO,31-90 days,No Deposit,0,0.3173,Medium risk,0.0
SW080699,P002,Online TA,TA/TO,31-90 days,No Deposit,0,0.246,Low risk,0.0
SW080729,P002,Online TA,TA/TO,8-30 days,No Deposit,1,0.54,High risk,87.0
SW080747,P002,Offline TA/TO,TA/TO,91-180 days,Non Refund,1,0.9715,High risk,37.5
SW080751,P002,Offline TA/TO,TA/TO,91-180 days,Non Refund,1,0.9715,High risk,37.5
SW080761,P002,Offline TA/TO,TA/TO,91-180 days,Non Refund,1,0.9715,High risk,37.5
SW080806,P002,Online TA,TA/TO,31-90 days,No Deposit,1,0.5862,High risk,279.99
SW080809,P002,Offline TA/TO,TA/TO,31-90 days,No Deposit,0,0.3842,Medium risk,0.0
SW080829,P002,Offline TA/TO,TA/TO,0-7 days,No Deposit,1,0.4392,Medium risk,77.6
SW080919,P002,Direct,Direct,0-7 days,No Deposit,1,0.1052,Low risk,138.0
SW080932,P002,Online TA,TA/TO,0-7 days,No Deposit,0,0.2396,Low risk,0.0
SW080981,P002,Direct,Direct,31-90 days,No Deposit,1,0.5083,High risk,286.0
SW080982,P002,Online TA,TA/TO,8-30 days,No Deposit,1,0.6966,High risk,216.63
SW081007,P002,Groups,TA/TO,31-90 days,Non Refund,1,0.9795,High risk,12.75
SW081017,P002,Groups,TA/TO,31-90 days,Non Refund,1,0.9795,High risk,12.75
SW081019,P002,Groups,TA/TO,31-90 days,Non Refund,1,0.9795,High risk,12.75
SW081058,P002,Groups,TA/TO,31-90 days,Non Refund,1,0.9795,High risk,12.75
SW081071,P002,Corporate,Corporate,31-90 days,No Deposit,1,0.1542,Low risk,65.0
SW081084,P002,Online TA,TA/TO,8-30 days,No Deposit,0,0.2442,Low risk,0.0
SW081168,P002,Direct,Direct,8-30 days,No Deposit,0,0.1677,Low risk,0.0
SW081184,P002,Online TA,TA/TO,0-7 days,No Deposit,0,0.1387,Low risk,0.0
SW081188,P002,Direct,Direct,0-7 days,No Deposit,0,0.1052,Low risk,0.0
SW081206,P002,Online TA,TA/TO,8-30 days,No Deposit,0,0.3507,Medium risk,0.0
SW081227,P002,Online TA,TA/TO,8-30 days,No Deposit,0,0.2164,Low risk,0.0
SW081231,P002,Offline TA/TO,TA/TO,31-90 days,No Deposit,1,0.7262,High risk,280.0
SW081236,P002,Online TA,TA/TO,8-30 days,No Deposit,0,0.3507,Medium risk,0.0
SW081290,P002,Direct,Direct,8-30 days,No Deposit,0,0.1076,Low risk,0.0
SW081352,P002,Offline TA/TO,TA/TO,8-30 days,No Deposit,0,0.1359,Low risk,0.0
SW081382,P002,Corporate,Corporate,8-30 days,No Deposit,0,0.2016,Low risk,0.0
SW081400,P002,Offline TA/TO,TA/TO,31-90 days,No Deposit,0,0.3842,Medium risk,0.0
SW081417,P002,Corporate,Corporate,31-90 days,No Deposit,0,0.2336,Low risk,0.0
SW081440,P002,Direct,Direct,0-7 days,No Deposit,1,0.067,Low risk,728.0
SW081491,P002,Complementary,Direct,0-7 days,No Deposit,0,0.1008,Low risk,0.0
SW081561,P002,Groups,TA/TO,181+ days,Non Refund,1,0.9852,High risk,40.5
SW081610,P002,Direct,Direct,0-7 days,No Deposit,0,0.1052,Low risk,0.0
SW081621,P002,Groups,TA/TO,91-180 days,Non Refund,1,0.9818,High risk,60.0
SW081634,P002,Groups,TA/TO,91-180 days,Non Refund,1,0.9818,High risk,60.0
SW081679,P002,Offline TA/TO,TA/TO,181+ days,Non Refund,1,0.9767,High risk,45.0
SW081690,P002,Online TA,TA/TO,8-30 days,No Deposit,0,0.2164,Low risk,0.0
SW081692,P002,Offline TA/TO,TA/TO,8-30 days,No Deposit,0,0.1905,Low risk,0.0
SW081831,P002,Offline TA/TO,TA/TO,91-180 days,Non Refund,1,0.9715,High risk,49.5
SW081852,P002,Offline TA/TO,TA/TO,91-180 days,Non Refund,1,0.9715,High risk,49.5
SW081858,P002,Offline TA/TO,TA/TO,91-180 days,Non Refund,1,0.9715,High risk,49.5
SW081886,P002,Offline TA/TO,TA/TO,91-180 days,Non Refund,1,0.9715,High risk,54.0
SW081923,P002,Groups,TA/TO,181+ days,Non Refund,1,0.9852,High risk,9.75
SW081925,P002,Groups,TA/TO,181+ days,Non Refund,1,0.9852,High risk,9.75
SW081928,P002,Groups,TA/TO,181+ days,Non Refund,1,0.9852,High risk,9.75
SW081960,P002,Groups,TA/TO,181+ days,Non Refund,1,0.9852,High risk,9.75
SW081974,P002,Groups,TA/TO,91-180 days,Non Refund,1,0.9818,High risk,21.0
SW081988,P002,Groups,TA/TO,91-180 days,Non Refund,1,0.9818,High risk,21.0
SW082000,P002,Groups,TA/TO,91-180 days,Non Refund,1,0.9818,High risk,21.0
SW082051,P002,Corporate,Corporate,0-7 days,No Deposit,0,0.1284,Low risk,0.0
SW082075,P002,Complementary,Direct,0-7 days,No Deposit,0,0.0641,Low risk,0.0
SW082150,P002,Corporate,Corporate,91-180 days,No Deposit,1,0.5215,High risk,80.0
SW082156,P002,Corporate,Corporate,91-180 days,No Deposit,1,0.5215,High risk,80.0
SW082204,P002,Offline TA/TO,TA/TO,8-30 days,No Deposit,0,0.3407,Medium risk,0.0
SW082211,P002,Offline TA/TO,TA/TO,181+ days,Non Refund,1,0.9767,High risk,40.5
SW082214,P002,Offline TA/TO,TA/TO,181+ days,Non Refund,1,0.9767,High risk,40.5
SW082241,P002,Groups,TA/TO,181+ days,Non Refund,1,0.9852,High risk,29.25
SW082243,P002,Groups,TA/TO,91-180 days,Non Refund,1,0.9818,High risk,83.4
SW082252,P002,Groups,TA/TO,91-180 days,Non Refund,1,0.9818,High risk,83.4
SW082289,P002,Online TA,TA/TO,31-90 days,No Deposit,0,0.25,Low risk,0.0
SW082307,P002,Offline TA/TO,TA/TO,31-90 days,No Deposit,0,0.3842,Medium risk,0.0
SW082324,P002,Corporate,Corporate,0-7 days,No Deposit,0,0.1284,Low risk,0.0
SW082346,P002,Offline TA/TO,TA/TO,91-180 days,Non Refund,1,0.9715,High risk,24.0
SW082347,P002,Offline TA/TO,TA/TO,91-180 days,Non Refund,1,0.9715,High risk,24.0
SW082389,P002,Offline TA/TO,TA/TO,91-180 days,Non Refund,1,0.9715,High risk,24.0
SW082398,P002,Offline TA/TO,TA/TO,181+ days,Non Refund,1,0.9767,High risk,47.25
SW082448,P002,Offline TA/TO,TA/TO,31-90 days,No Deposit,0,0.2418,Low risk,0.0
SW082479,P002,Direct,Direct,31-90 days,No Deposit,0,0.1956,Low risk,0.0
SW082503,P002,Corporate,Direct,0-7 days,No Deposit,0,0.0723,Low risk,0.0
SW082544,P002,Online TA,TA/TO,31-90 days,No Deposit,0,0.285,Medium risk,0.0
SW082545,P002,Online TA,TA/TO,31-90 days,No Deposit,0,0.2806,Medium risk,0.0
SW082579,P002,Offline TA/TO,TA/TO,181+ days,No Deposit,1,0.7866,High risk,184.96
SW082668,P002,Online TA,TA/TO,31-90 days,No Deposit,0,0.3947,Medium risk,0.0
SW082692,P002,Groups,TA/TO,31-90 days,No Deposit,0,0.3106,Medium risk,0.0
SW082720,P002,Corporate,Corporate,0-7 days,No Deposit,0,0.385,Medium risk,0.0
SW082728,P002,Offline TA/TO,TA/TO,91-180 days,No Deposit,0,0.2965,Medium risk,0.0
SW082757,P002,Groups,TA/TO,31-90 days,Non Refund,1,0.9795,High risk,22.5
SW082803,P002,Groups,TA/TO,31-90 days,Non Refund,1,0.9795,High risk,22.5
SW082832,P002,Groups,TA/TO,31-90 days,Non Refund,1,0.9795,High risk,22.5
SW082891,P002,Groups,TA/TO,31-90 days,Non Refund,1,0.9795,High risk,22.5
SW082939,P002,Offline TA/TO,TA/TO,31-90 days,No Deposit,1,0.664,High risk,160.0
SW082956,P002,Online TA,TA/TO,31-90 days,No Deposit,0,0.3947,Medium risk,0.0
SW082961,P002,Offline TA/TO,TA/TO,0-7 days,No Deposit,0,0.2316,Low risk,0.0
SW082979,P002,Complementary,Direct,0-7 days,No Deposit,0,0.0641,Low risk,0.0
SW082992,P002,Offline TA/TO,TA/TO,8-30 days,No Deposit,0,0.278,Medium risk,0.0
SW082999,P002,Corporate,Corporate,8-30 days,No Deposit,0,0.2016,Low risk,0.0
SW083013,P002,Online TA,TA/TO,31-90 days,No Deposit,0,0.285,Medium risk,0.0
SW083051,P002,Direct,Direct,91-180 days,No Deposit,0,0.2155,Low risk,0.0
SW083067,P002,Offline TA/TO,TA/TO,31-90 days,No Deposit,0,0.2176,Low risk,0.0
SW083087,P002,Direct,Direct,0-7 days,No Deposit,0,0.1052,Low risk,0.0
SW083116,P002,Online TA,TA/TO,0-7 days,No Deposit,0,0.2396,Low risk,0.0
SW083131,P002,Online TA,TA/TO,0-7 days,No Deposit,0,0.2396,Low risk,0.0
SW083137,P002,Offline TA/TO,TA/TO,8-30 days,No Deposit,0,0.278,Medium risk,0.0
SW083139,P002,Direct,TA/TO,0-7 days,No Deposit,0,0.126,Low risk,0.0
SW083203,P002,Direct,Direct,0-7 days,No Deposit,0,0.1052,Low risk,0.0
SW083210,P002,Online TA,TA/TO,0-7 days,No Deposit,0,0.1615,Low risk,0.0
SW083228,P002,Corporate,Corporate,0-7 days,No Deposit,0,0.0989,Low risk,0.0
SW083239,P002,Corporate,Corporate,0-7 days,No Deposit,0,0.1284,Low risk,0.0
SW083270,P002,Corporate,Corporate,8-30 days,No Deposit,0,0.2016,Low risk,0.0
SW083284,P002,Corporate,Corporate,31-90 days,No Deposit,0,0.185,Low risk,0.0
SW083297,P002,Online TA,TA/TO,0-7 days,No Deposit,0,0.2396,Low risk,0.0
SW083308,P002,Offline TA/TO,TA/TO,0-7 days,No Deposit,0,0.1556,Low risk,0.0
SW083319,P002,Offline TA/TO,TA/TO,31-90 days,No Deposit,0,0.3173,Medium risk,0.0
SW083321,P002,Complementary,Direct,0-7 days,No Deposit,0,0.0771,Low risk,0.0
SW083355,P002,Online TA,TA/TO,0-7 days,No Deposit,0,0.2396,Low risk,0.0
SW083443,P002,Online TA,TA/TO,0-7 days,No Deposit,0,0.1615,Low risk,0.0
SW083460,P002,Online TA,TA/TO,0-7 days,No Deposit,0,0.2396,Low risk,0.0
SW083508,P002,Corporate,Corporate,31-90 days,No Deposit,0,0.185,Low risk,0.0
SW083522,P002,Corporate,Corporate,31-90 days,No Deposit,0,0.185,Low risk,0.0
SW083561,P002,Online TA,TA/TO,0-7 days,No Deposit,0,0.1586,Low risk,0.0
SW083580,P002,Online TA,TA/TO,0-7 days,No Deposit,0,0.2396,Low risk,0.0
SW083585,P002,Corporate,Corporate,8-30 days,No Deposit,0,0.1583,Low risk,0.0
SW083589,P002,Offline TA/TO,TA/TO,31-90 days,No Deposit,0,0.3842,Medium risk,0.0
SW083607,P002,Offline TA/TO,TA/TO,91-180 days,No Deposit,0,0.4133,Medium risk,0.0
SW083612,P002,Online TA,TA/TO,0-7 days,No Deposit,0,0.1586,Low risk,0.0
SW083617,P002,Online TA,TA/TO,8-30 days,No Deposit,0,0.2482,Low risk,0.0
SW083635,P002,Online TA,TA/TO,8-30 days,No Deposit,0,0.2482,Low risk,0.0
SW083648,P002,Offline TA/TO,TA/TO,91-180 days,No Deposit,0,0.2965,Medium risk,0.0
SW083696,P002,Direct,Direct,0-7 days,No Deposit,0,0.1052,Low risk,0.0
SW083718,P002,Groups,TA/TO,31-90 days,No Deposit,0,0.4243,Medium risk,0.0
SW083720,P002,Online TA,TA/TO,8-30 days,No Deposit,0,0.2442,Low risk,0.0
SW083747,P002,Online TA,TA/TO,0-7 days,No Deposit,0,0.2396,Low risk,0.0
SW083749,P002,Online TA,TA/TO,0-7 days,No Deposit,0,0.1586,Low risk,0.0
SW083754,P002,Corporate,Corporate,0-7 days,No Deposit,0,0.0989,Low risk,0.0
SW083770,P002,Online TA,TA/TO,0-7 days,No Deposit,0,0.1615,Low risk,0.0
SW083811,P002,Direct,Direct,0-7 days,No Deposit,0,0.1052,Low risk,0.0
SW083817,P002,Corporate,Corporate,0-7 days,No Deposit,0,0.0989,Low risk,0.0
SW083820,P002,Online TA,TA/TO,0-7 days,No Deposit,0,0.1586,Low risk,0.0
SW083860,P002,Online TA,TA/TO,8-30 days,No Deposit,0,0.2482,Low risk,0.0
SW083887,P002,Online TA,TA/TO,0-7 days,No Deposit,0,0.1586,Low risk,0.0
SW083905,P002,Online TA,TA/TO,0-7 days,No Deposit,0,0.1255,Low risk,0.0
SW083949,P002,Online TA,TA/TO,8-30 days,No Deposit,0,0.2442,Low risk,0.0
SW083957,P002,Online TA,TA/TO,8-30 days,No Deposit,0,0.2482,Low risk,0.0
SW084013,P002,Offline TA/TO,TA/TO,8-30 days,No Deposit,0,0.3407,Medium risk,0.0
SW084016,P002,Offline TA/TO,TA/TO,8-30 days,No Deposit,0,0.1905,Low risk,0.0
SW084041,P002,Offline TA/TO,TA/TO,8-30 days,No Deposit,0,0.3407,Medium risk,0.0
SW084059,P002,Offline TA/TO,TA/TO,8-30 days,No Deposit,0,0.3407,Medium risk,0.0
SW084077,P002,Online TA,TA/TO,0-7 days,No Deposit,0,0.1586,Low risk,0.0
SW084081,P002,Online TA,TA/TO,8-30 days,No Deposit,0,0.3507,Medium risk,0.0
SW084086,P002,Offline TA/TO,TA/TO,8-30 days,No Deposit,0,0.3407,Medium risk,0.0
SW084093,P002,Corporate,TA/TO,0-7 days,No Deposit,0,0.1765,Low risk,0.0
SW084109,P002,Corporate,TA/TO,91-180 days,No Deposit,0,0.2719,Medium risk,0.0
SW084110,P002,Corporate,TA/TO,8-30 days,No Deposit,0,0.215,Low risk,0.0
SW084124,P002,Corporate,TA/TO,8-30 days,No Deposit,0,0.215,Low risk,0.0
SW084137,P002,Corporate,TA/TO,91-180 days,No Deposit,0,0.2719,Medium risk,0.0
SW084193,P002,Corporate,TA/TO,91-180 days,No Deposit,0,0.2719,Medium risk,0.0
SW084240,P002,Online TA,TA/TO,31-90 days,No Deposit,0,0.3947,Medium risk,0.0
SW084247,P002,Direct,Direct,8-30 days,No Deposit,0,0.1677,Low risk,0.0
SW084253,P002,Online TA,TA/TO,0-7 days,No Deposit,0,0.1615,Low risk,0.0
SW084260,P002,Direct,Direct,0-7 days,No Deposit,0,0.0657,Low risk,0.0
SW084279,P002,Offline TA/TO,TA/TO,31-90 days,No Deposit,0,0.3842,Medium risk,0.0
SW084300,P002,Offline TA/TO,TA/TO,8-30 days,No Deposit,0,0.3407,Medium risk,0.0
SW084320,P002,Offline TA/TO,TA/TO,8-30 days,No Deposit,0,0.3407,Medium risk,0.0
SW084321,P002,Corporate,Corporate,8-30 days,No Deposit,0,0.1583,Low risk,0.0
SW084324,P002,Corporate,Corporate,31-90 days,No Deposit,0,0.185,Low risk,0.0
SW084344,P002,Offline TA/TO,TA/TO,8-30 days,No Deposit,0,0.2401,Low risk,0.0
SW084492,P002,Corporate,Corporate,8-30 days,No Deposit,0,0.1011,Low risk,0.0
SW084498,P002,Corporate,Corporate,0-7 days,No Deposit,0,0.0629,Low risk,0.0
SW084519,P002,Direct,Direct,0-7 days,No Deposit,0,0.1052,Low risk,0.0
SW084530,P002,Online TA,TA/TO,0-7 days,No Deposit,0,0.2396,Low risk,0.0
SW084546,P002,Online TA,TA/TO,0-7 days,No Deposit,0,0.1255,Low risk,0.0
SW084563,P002,Online TA,TA/TO,0-7 days,No Deposit,0,0.2396,Low risk,0.0
SW084576,P002,Offline TA/TO,TA/TO,91-180 days,No Deposit,0,0.3442,Medium risk,0.0
SW084600,P002,Online TA,TA/TO,31-90 days,No Deposit,0,0.3269,Medium risk,0.0
SW084608,P002,Offline TA/TO,TA/TO,91-180 days,No Deposit,0,0.3442,Medium risk,0.0
SW084657,P002,Offline TA/TO,TA/TO,8-30 days,No Deposit,0,0.1905,Low risk,0.0
SW084660,P002,Offline TA/TO,TA/TO,8-30 days,No Deposit,0,0.3407,Medium risk,0.0
SW084676,P002,Complementary,TA/TO,0-7 days,No Deposit,0,0.1559,Low risk,0.0
SW084690,P002,Online TA,TA/TO,91-180 days,No Deposit,0,0.4241,Medium risk,0.0
SW084695,P002,Offline TA/TO,TA/TO,91-180 days,No Deposit,0,0.3442,Medium risk,0.0
SW084697,P002,Offline TA/TO,TA/TO,91-180 days,No Deposit,0,0.3442,Medium risk,0.0
SW084718,P002,Online TA,TA/TO,8-30 days,No Deposit,0,0.194,Low risk,0.0
SW084766,P002,Offline TA/TO,TA/TO,8-30 days,No Deposit,0,0.278,Medium risk,0.0
SW084770,P002,Online TA,TA/TO,8-30 days,No Deposit,0,0.2482,Low risk,0.0
SW084791,P002,Corporate,Corporate,0-7 days,No Deposit,0,0.2767,Medium risk,0.0
SW084804,P002,Online TA,TA/TO,8-30 days,No Deposit,0,0.3507,Medium risk,0.0
SW084844,P002,Online TA,TA/TO,0-7 days,No Deposit,0,0.2396,Low risk,0.0
SW084875,P002,Direct,Direct,31-90 days,No Deposit,0,0.1956,Low risk,0.0
SW084887,P002,Groups,Corporate,31-90 days,No Deposit,0,0.2363,Low risk,0.0
SW084890,P002,Groups,Corporate,31-90 days,No Deposit,0,0.3361,Medium risk,0.0
SW084897,P002,Online TA,TA/TO,31-90 days,No Deposit,0,0.2806,Medium risk,0.0
SW084931,P002,Online TA,TA/TO,8-30 days,No Deposit,0,0.287,Medium risk,0.0
SW084940,P002,Online TA,TA/TO,0-7 days,No Deposit,0,0.2396,Low risk,0.0
SW084973,P002,Groups,TA/TO,0-7 days,No Deposit,0,0.3234,Medium risk,0.0
SW085030,P002,Direct,Direct,31-90 days,No Deposit,0,0.1956,Low risk,0.0
SW085055,P002,Offline TA/TO,TA/TO,0-7 days,No Deposit,0,0.1834,Low risk,0.0
SW085098,P002,Online TA,TA/TO,8-30 days,No Deposit,0,0.1974,Low risk,0.0
SW085140,P002,Online TA,TA/TO,31-90 days,No Deposit,0,0.3947,Medium risk,0.0
SW085176,P002,Online TA,TA/TO,31-90 days,No Deposit,0,0.285,Medium risk,0.0
SW085181,P002,Online TA,TA/TO,31-90 days,No Deposit,0,0.285,Medium risk,0.0
SW085182,P002,Online TA,TA/TO,8-30 days,No Deposit,0,0.2482,Low risk,0.0
SW085183,P002,Offline TA/TO,TA/TO,8-30 days,No Deposit,0,0.3407,Medium risk,0.0
SW085192,P002,Corporate,Corporate,31-90 days,No Deposit,0,0.157,Low risk,0.0
SW085197,P002,Corporate,Corporate,0-7 days,Non Refund,0,0.5553,High risk,0.0
SW085200,P002,Corporate,Corporate,31-90 days,Non Refund,0,0.721,High risk,0.0
SW085216,P002,Online TA,TA/TO,31-90 days,No Deposit,0,0.285,Medium risk,0.0
SW085257,P002,Corporate,TA/TO,8-30 days,No Deposit,0,0.215,Low risk,0.0
SW085268,P002,Online TA,TA/TO,8-30 days,No Deposit,0,0.2482,Low risk,0.0
SW085317,P002,Online TA,TA/TO,8-30 days,No Deposit,0,0.194,Low risk,0.0
SW085333,P002,Groups,Direct,31-90 days,No Deposit,0,0.2148,Low risk,0.0
SW085345,P002,Online TA,TA/TO,31-90 days,No Deposit,0,0.285,Medium risk,0.0
SW085395,P002,Online TA,TA/TO,31-90 days,No Deposit,0,0.285,Medium risk,0.0
SW085427,P002,Online TA,TA/TO,31-90 days,No Deposit,0,0.2806,Medium risk,0.0
SW085438,P002,Offline TA/TO,TA/TO,31-90 days,No Deposit,0,0.3842,Medium risk,0.0
SW085462,P002,Online TA,TA/TO,0-7 days,No Deposit,0,0.1615,Low risk,0.0
SW085478,P002,Online TA,TA/TO,31-90 days,No Deposit,0,0.2289,Low risk,0.0
SW085499,P002,Corporate,Corporate,31-90 days,Refundable,0,0.1728,Low risk,0.0
SW085576,P002,Online TA,TA/TO,31-90 days,No Deposit,0,0.3947,Medium risk,0.0
SW085600,P002,Online TA,TA/TO,8-30 days,No Deposit,0,0.2442,Low risk,0.0
SW085650,P002,Direct,Direct,31-90 days,No Deposit,0,0.127,Low risk,0.0
SW085661,P002,Online TA,TA/TO,31-90 days,No Deposit,0,0.3947,Medium risk,0.0
SW085679,P002,Groups,TA/TO,91-180 days,No Deposit,0,0.4543,High risk,0.0
SW085680,P002,Groups,TA/TO,91-180 days,No Deposit,0,0.4543,High risk,0.0
SW085687,P002,Online TA,TA/TO,31-90 days,No Deposit,0,0.3947,Medium risk,0.0
SW085718,P002,Groups,TA/TO,91-180 days,No Deposit,0,0.4543,High risk,0.0
SW085756,P002,Online TA,TA/TO,31-90 days,No Deposit,0,0.3947,Medium risk,0.0
SW085799,P002,Groups,TA/TO,0-7 days,No Deposit,0,0.2626,Medium risk,0.0
SW085801,P002,Groups,TA/TO,0-7 days,No Deposit,0,0.2626,Medium risk,0.0
SW085814,P002,Aviation,Corporate,8-30 days,No Deposit,0,0.1456,Low risk,0.0
SW085815,P002,Aviation,Corporate,0-7 days,No Deposit,0,0.0904,Low risk,0.0
SW085824,P002,Corporate,Corporate,0-7 days,No Deposit,0,0.1284,Low risk,0.0
SW085842,P002,Offline TA/TO,TA/TO,31-90 days,No Deposit,0,0.3173,Medium risk,0.0
SW085910,P002,Online TA,TA/TO,31-90 days,No Deposit,0,0.2289,Low risk,0.0
SW085916,P002,Online TA,TA/TO,31-90 days,No Deposit,0,0.285,Medium risk,0.0
SW085919,P002,Offline TA/TO,TA/TO,31-90 days,No Deposit,0,0.3842,Medium risk,0.0
SW085930,P002,Direct,Direct,0-7 days,No Deposit,0,0.0657,Low risk,0.0
SW085945,P002,Direct,Direct,0-7 days,No Deposit,0,0.1052,Low risk,0.0
SW085949,P002,Online TA,TA/TO,31-90 days,No Deposit,0,0.2289,Low risk,0.0
SW085970,P002,Online TA,TA/TO,31-90 days,No Deposit,0,0.3947,Medium risk,0.0
SW085980,P002,Online TA,TA/TO,31-90 days,No Deposit,0,0.2806,Medium risk,0.0
SW085991,P002,Online TA,TA/TO,31-90 days,No Deposit,0,0.285,Medium risk,0.0
SW086058,P002,Online TA,TA/TO,31-90 days,No Deposit,0,0.2289,Low risk,0.0
SW086080,P002,Online TA,TA/TO,8-30 days,No Deposit,0,0.2442,Low risk,0.0
SW086128,P002,Direct,Direct,0-7 days,No Deposit,0,0.0657,Low risk,0.0
SW086155,P002,Online TA,TA/TO,91-180 days,No Deposit,0,0.2735,Medium risk,0.0
SW086160,P002,Offline TA/TO,TA/TO,91-180 days,No Deposit,0,0.4133,Medium risk,0.0
SW086164,P002,Online TA,TA/TO,91-180 days,No Deposit,0,0.4241,Medium risk,0.0
SW086194,P002,Online TA,TA/TO,0-7 days,No Deposit,0,0.2396,Low risk,0.0
SW086201,P002,Offline TA/TO,TA/TO,8-30 days,No Deposit,0,0.3407,Medium risk,0.0
SW086224,P002,Offline TA/TO,TA/TO,91-180 days,No Deposit,0,0.3442,Medium risk,0.0
SW086253,P002,Online TA,TA/TO,31-90 days,No Deposit,0,0.285,Medium risk,0.0
SW086260,P002,Offline TA/TO,TA/TO,31-90 days,No Deposit,0,0.2213,Low risk,0.0
SW086276,P002,Corporate,Corporate,0-7 days,No Deposit,1,0.1091,Low risk,95.0
SW086299,P002,Online TA,TA/TO,0-7 days,No Deposit,0,0.1586,Low risk,0.0
SW086333,P002,Offline TA/TO,TA/TO,31-90 days,No Deposit,0,0.3842,Medium risk,0.0
SW086342,P002,Online TA,TA/TO,31-90 days,No Deposit,0,0.285,Medium risk,0.0
SW086357,P002,Online TA,TA/TO,0-7 days,No Deposit,0,0.1586,Low risk,0.0
SW086364,P002,Online TA,TA/TO,31-90 days,No Deposit,0,0.3947,Medium risk,0.0
SW086375,P002,Online TA,TA/TO,31-90 days,No Deposit,0,0.3947,Medium risk,0.0
SW086401,P002,Online TA,TA/TO,0-7 days,No Deposit,0,0.2396,Low risk,0.0
SW086414,P002,Online TA,TA/TO,0-7 days,No Deposit,0,0.1615,Low risk,0.0
SW086475,P002,Online TA,TA/TO,0-7 days,No Deposit,0,0.2396,Low risk,0.0
SW086500,P002,Online TA,TA/TO,31-90 days,No Deposit,0,0.285,Medium risk,0.0
SW086512,P002,Online TA,TA/TO,31-90 days,No Deposit,0,0.3947,Medium risk,0.0
SW086534,P002,Online TA,TA/TO,31-90 days,No Deposit,0,0.3947,Medium risk,0.0
SW086536,P002,Online TA,TA/TO,31-90 days,No Deposit,0,0.2806,Medium risk,0.0
SW086564,P002,Online TA,TA/TO,0-7 days,No Deposit,0,0.1615,Low risk,0.0
SW086596,P002,Online TA,TA/TO,0-7 days,No Deposit,0,0.1586,Low risk,0.0
SW086629,P002,Offline TA/TO,TA/TO,31-90 days,No Deposit,0,0.3173,Medium risk,0.0
SW086647,P002,Offline TA/TO,TA/TO,31-90 days,No Deposit,0,0.3173,Medium risk,0.0
SW086663,P002,Offline TA/TO,TA/TO,31-90 days,No Deposit,0,0.3173,Medium risk,0.0
SW086674,P002,Offline TA/TO,TA/TO,31-90 days,No Deposit,0,0.3173,Medium risk,0.0
SW086707,P002,Offline TA/TO,TA/TO,31-90 days,No Deposit,0,0.2761,Medium risk,0.0
SW086743,P002,Offline TA/TO,TA/TO,91-180 days,No Deposit,0,0.4133,Medium risk,0.0
SW086753,P002,Offline TA/TO,TA/TO,8-30 days,No Deposit,0,0.3407,Medium risk,0.0
SW086761,P002,Aviation,Corporate,0-7 days,No Deposit,0,0.1425,Low risk,0.0
SW086762,P002,Offline TA/TO,TA/TO,31-90 days,No Deposit,0,0.2213,Low risk,0.0
SW086788,P002,Online TA,TA/TO,31-90 days,No Deposit,0,0.285,Medium risk,0.0
SW086800,P002,Online TA,TA/TO,0-7 days,No Deposit,0,0.1901,Low risk,0.0
SW086828,P002,Online TA,TA/TO,31-90 days,No Deposit,0,0.2252,Low risk,0.0
SW086847,P002,Groups,TA/TO,91-180 days,No Deposit,0,0.3372,Medium risk,0.0
SW086871,P002,Offline TA/TO,TA/TO,91-180 days,No Deposit,0,0.4133,Medium risk,0.0
SW086901,P002,Offline TA/TO,TA/TO,91-180 days,No Deposit,0,0.2429,Low risk,0.0
SW086952,P002,Online TA,TA/TO,31-90 days,No Deposit,0,0.285,Medium risk,0.0
SW086981,P002,Online TA,TA/TO,8-30 days,No Deposit,0,0.2442,Low risk,0.0
SW086992,P002,Corporate,Corporate,0-7 days,No Deposit,0,0.0989,Low risk,0.0
SW087013,P002,Offline TA/TO,TA/TO,91-180 days,No Deposit,0,0.3442,Medium risk,0.0
SW087027,P002,Online TA,TA/TO,8-30 days,No Deposit,0,0.2482,Low risk,0.0
SW087045,P002,Aviation,Corporate,0-7 days,No Deposit,0,0.1425,Low risk,0.0
SW087051,P002,Online TA,TA/TO,31-90 days,No Deposit,0,0.285,Medium risk,0.0
SW087063,P002,Online TA,TA/TO,31-90 days,No Deposit,0,0.285,Medium risk,0.0
SW087081,P002,Groups,TA/TO,91-180 days,No Deposit,0,0.3372,Medium risk,0.0
SW087099,P002,Online TA,TA/TO,31-90 days,No Deposit,0,0.285,Medium risk,0.0
SW087123,P002,Online TA,TA/TO,31-90 days,No Deposit,0,0.285,Medium risk,0.0
SW087154,P002,Online TA,TA/TO,31-90 days,No Deposit,0,0.3947,Medium risk,0.0
SW087178,P002,Online TA,TA/TO,31-90 days,No Deposit,0,0.285,Medium risk,0.0
SW087208,P002,Direct,Direct,0-7 days,No Deposit,0,0.1052,Low risk,0.0
SW087305,P002,Online TA,TA/TO,31-90 days,No Deposit,0,0.285,Medium risk,0.0
SW087393,P002,Online TA,TA/TO,8-30 days,No Deposit,0,0.2482,Low risk,0.0
SW087405,P002,Online TA,TA/TO,8-30 days,No Deposit,0,0.2442,Low risk,0.0
SW087411,P002,Online TA,TA/TO,0-7 days,No Deposit,0,0.2396,Low risk,0.0
SW087417,P002,Online TA,TA/TO,31-90 days,No Deposit,0,0.3947,Medium risk,0.0
SW087443,P002,Online TA,TA/TO,8-30 days,No Deposit,0,0.2482,Low risk,0.0
SW087501,P002,Online TA,TA/TO,91-180 days,No Deposit,0,0.3104,Medium risk,0.0
SW087529,P002,Online TA,TA/TO,31-90 days,No Deposit,0,0.285,Medium risk,0.0
SW087536,P002,Online TA,TA/TO,0-7 days,No Deposit,0,0.0875,Low risk,0.0
SW087539,P002,Direct,Direct,0-7 days,No Deposit,0,0.1052,Low risk,0.0
SW087563,P002,Groups,TA/TO,91-180 days,No Deposit,0,0.4543,High risk,0.0
SW087581,P002,Online TA,TA/TO,8-30 days,No Deposit,0,0.3507,Medium risk,0.0
SW087585,P002,Online TA,TA/TO,181+ days,No Deposit,0,0.3515,Medium risk,0.0
SW087671,P002,Offline TA/TO,TA/TO,31-90 days,No Deposit,0,0.3173,Medium risk,0.0
SW087685,P002,Direct,Direct,91-180 days,No Deposit,0,0.1438,Low risk,0.0
SW087721,P002,Online TA,TA/TO,181+ days,No Deposit,0,0.3564,Medium risk,0.0
SW087748,P002,Online TA,TA/TO,0-7 days,No Deposit,0,0.1586,Low risk,0.0
SW087783,P002,Offline TA/TO,TA/TO,31-90 days,No Deposit,0,0.2213,Low risk,0.0
SW087797,P002,Offline TA/TO,TA/TO,0-7 days,No Deposit,0,0.1207,Low risk,0.0
SW087807,P002,Online TA,TA/TO,0-7 days,No Deposit,0,0.1615,Low risk,0.0
SW087820,P002,Online TA,TA/TO,31-90 days,No Deposit,0,0.2806,Medium risk,0.0
SW087834,P002,Groups,TA/TO,91-180 days,No Deposit,0,0.4543,High risk,0.0
SW087836,P002,Groups,TA/TO,91-180 days,No Deposit,0,0.4543,High risk,0.0
SW087842,P002,Groups,TA/TO,91-180 days,No Deposit,0,0.4543,High risk,0.0
SW087879,P002,Online TA,TA/TO,31-90 days,No Deposit,0,0.285,Medium risk,0.0
SW087882,P002,Online TA,TA/TO,8-30 days,No Deposit,0,0.2482,Low risk,0.0
SW087901,P002,Online TA,TA/TO,0-7 days,No Deposit,0,0.2396,Low risk,0.0
SW087911,P002,Online TA,TA/TO,91-180 days,No Deposit,0,0.3543,Medium risk,0.0
SW087974,P002,Offline TA/TO,TA/TO,8-30 days,No Deposit,0,0.278,Medium risk,0.0
SW087995,P002,Direct,Direct,31-90 days,No Deposit,0,0.1294,Low risk,0.0
SW088009,P002,Online TA,TA/TO,0-7 days,No Deposit,0,0.1586,Low risk,0.0
SW088040,P002,Online TA,TA/TO,31-90 days,No Deposit,0,0.285,Medium risk,0.0
SW088084,P002,Groups,TA/TO,91-180 days,No Deposit,0,0.4543,High risk,0.0
SW088095,P002,Online TA,TA/TO,31-90 days,No Deposit,0,0.285,Medium risk,0.0
SW088118,P002,Groups,TA/TO,8-30 days,No Deposit,0,0.3791,Medium risk,0.0
SW088126,P002,Online TA,TA/TO,8-30 days,No Deposit,0,0.2442,Low risk,0.0
SW088149,P002,Offline TA/TO,TA/TO,91-180 days,No Deposit,0,0.3442,Medium risk,0.0
SW088151,P002,Offline TA/TO,TA/TO,91-180 days,No Deposit,0,0.3442,Medium risk,0.0
SW088182,P002,Online TA,TA/TO,31-90 days,No Deposit,0,0.2289,Low risk,0.0
SW088185,P002,Online TA,TA/TO,31-90 days,No Deposit,0,0.2806,Medium risk,0.0
SW088189,P002,Online TA,TA/TO,91-180 days,No Deposit,0,0.4241,Medium risk,0.0
SW088209,P002,Online TA,TA/TO,91-180 days,No Deposit,0,0.3104,Medium risk,0.0
SW088255,P002,Direct,Direct,91-180 days,No Deposit,0,0.2155,Low risk,0.0
SW088260,P002,Offline TA/TO,TA/TO,31-90 days,No Deposit,0,0.2213,Low risk,0.0
SW088277,P002,Offline TA/TO,TA/TO,91-180 days,No Deposit,0,0.2429,Low risk,0.0
SW088289,P002,Corporate,Corporate,0-7 days,No Deposit,1,0.1284,Low risk,110.0
SW088300,P002,Online TA,TA/TO,8-30 days,No Deposit,0,0.2482,Low risk,0.0
SW088318,P002,Online TA,TA/TO,31-90 days,No Deposit,0,0.2289,Low risk,0.0
SW088339,P002,Online TA,TA/TO,8-30 days,No Deposit,0,0.2482,Low risk,0.0
SW088347,P002,Online TA,TA/TO,31-90 days,No Deposit,0,0.3947,Medium risk,0.0
SW088359,P002,Online TA,TA/TO,91-180 days,No Deposit,0,0.3104,Medium risk,0.0
SW088382,P002,Online TA,TA/TO,8-30 days,No Deposit,0,0.287,Medium risk,0.0
SW088390,P002,Online TA,TA/TO,91-180 days,No Deposit,0,0.3104,Medium risk,0.0
SW088396,P002,Corporate,Corporate,0-7 days,No Deposit,0,0.1284,Low risk,0.0
SW088453,P002,Aviation,Corporate,0-7 days,No Deposit,0,0.1102,Low risk,0.0
SW088471,P002,Offline TA/TO,TA/TO,91-180 days,No Deposit,0,0.3442,Medium risk,0.0
SW088502,P002,Online TA,TA/TO,91-180 days,No Deposit,0,0.3543,Medium risk,0.0
SW088556,P002,Offline TA/TO,TA/TO,0-7 days,No Deposit,0,0.1834,Low risk,0.0
SW088588,P002,Online TA,TA/TO,91-180 days,No Deposit,0,0.3104,Medium risk,0.0
SW088636,P002,Online TA,TA/TO,0-7 days,No Deposit,0,0.2396,Low risk,0.0
SW088648,P002,Offline TA/TO,TA/TO,8-30 days,No Deposit,0,0.3407,Medium risk,0.0
SW088653,P002,Online TA,TA/TO,0-7 days,No Deposit,0,0.2396,Low risk,0.0
SW088687,P002,Corporate,Corporate,0-7 days,No Deposit,0,0.1284,Low risk,0.0
SW088697,P002,Online TA,Corporate,0-7 days,No Deposit,0,0.1779,Low risk,0.0
SW088741,P002,Direct,Direct,0-7 days,No Deposit,0,0.1052,Low risk,0.0
SW088754,P002,Offline TA/TO,TA/TO,8-30 days,No Deposit,0,0.3407,Medium risk,0.0
SW088755,P002,Complementary,Direct,8-30 days,No Deposit,0,0.1612,Low risk,0.0
SW088778,P002,Corporate,Corporate,0-7 days,No Deposit,0,0.2724,Medium risk,0.0
SW088782,P002,Corporate,Corporate,8-30 days,No Deposit,0,0.391,Medium risk,0.0
SW088798,P002,Online TA,TA/TO,8-30 days,No Deposit,0,0.2442,Low risk,0.0
SW088816,P002,Offline TA/TO,TA/TO,31-90 days,No Deposit,0,0.3173,Medium risk,0.0
SW088836,P002,Online TA,Direct,0-7 days,No Deposit,0,0.1606,Low risk,0.0
SW088879,P002,Online TA,TA/TO,31-90 days,No Deposit,0,0.285,Medium risk,0.0
SW088896,P002,Online TA,TA/TO,8-30 days,No Deposit,0,0.2482,Low risk,0.0
SW088908,P002,Online TA,TA/TO,31-90 days,No Deposit,0,0.2806,Medium risk,0.0
SW088917,P002,Online TA,TA/TO,31-90 days,No Deposit,0,0.3947,Medium risk,0.0
SW088931,P002,Online TA,TA/TO,31-90 days,No Deposit,0,0.285,Medium risk,0.0
SW088966,P002,Online TA,TA/TO,31-90 days,No Deposit,0,0.3947,Medium risk,0.0
SW088985,P002,Online TA,TA/TO,31-90 days,No Deposit,0,0.285,Medium risk,0.0
SW089007,P002,Online TA,TA/TO,31-90 days,No Deposit,0,0.2806,Medium risk,0.0
SW089017,P002,Online TA,TA/TO,31-90 days,No Deposit,0,0.3947,Medium risk,0.0
SW089038,P002,Online TA,TA/TO,8-30 days,No Deposit,0,0.2442,Low risk,0.0
SW089052,P002,Groups,TA/TO,31-90 days,No Deposit,0,0.3106,Medium risk,0.0
SW089066,P002,Online TA,TA/TO,91-180 days,No Deposit,0,0.4241,Medium risk,0.0
SW089071,P002,Online TA,TA/TO,91-180 days,No Deposit,0,0.4241,Medium risk,0.0
SW089089,P002,Offline TA/TO,TA/TO,91-180 days,No Deposit,0,0.4133,Medium risk,0.0
SW089127,P002,Online TA,TA/TO,8-30 days,No Deposit,0,0.2482,Low risk,0.0
SW089144,P002,Online TA,TA/TO,91-180 days,No Deposit,0,0.3104,Medium risk,0.0
SW089167,P002,Aviation,Corporate,0-7 days,No Deposit,1,0.1844,Low risk,440.0
SW089168,P002,Aviation,Corporate,8-30 days,No Deposit,1,0.2794,Medium risk,440.0
SW089174,P002,Offline TA/TO,TA/TO,0-7 days,No Deposit,0,0.1834,Low risk,0.0
SW089182,P002,Offline TA/TO,TA/TO,0-7 days,No Deposit,0,0.1207,Low risk,0.0
SW089193,P002,Direct,Direct,0-7 days,No Deposit,0,0.1052,Low risk,0.0
SW089225,P002,Online TA,TA/TO,0-7 days,No Deposit,0,0.1615,Low risk,0.0
SW089227,P002,Online TA,TA/TO,91-180 days,No Deposit,0,0.3104,Medium risk,0.0
SW089242,P002,Direct,Direct,91-180 days,No Deposit,0,0.2155,Low risk,0.0
SW089268,P002,Corporate,TA/TO,8-30 days,No Deposit,0,0.215,Low risk,0.0
SW089278,P002,Online TA,TA/TO,0-7 days,No Deposit,0,0.2396,Low risk,0.0
SW089286,P002,Online TA,TA/TO,31-90 days,No Deposit,0,0.3947,Medium risk,0.0
SW089354,P002,Offline TA/TO,TA/TO,0-7 days,No Deposit,0,0.1528,Low risk,0.0
SW089365,P002,Offline TA/TO,TA/TO,0-7 days,No Deposit,0,0.197,Low risk,0.0
SW089382,P002,Groups,TA/TO,181+ days,No Deposit,0,0.506,High risk,0.0
SW089400,P002,Groups,TA/TO,181+ days,No Deposit,0,0.506,High risk,0.0
SW089464,P002,Groups,TA/TO,181+ days,No Deposit,0,0.506,High risk,0.0
SW089487,P002,Direct,Direct,0-7 days,No Deposit,0,0.1052,Low risk,0.0
SW089515,P002,Offline TA/TO,TA/TO,8-30 days,No Deposit,0,0.1905,Low risk,0.0
SW089540,P002,Offline TA/TO,TA/TO,0-7 days,No Deposit,0,0.1207,Low risk,0.0
SW089594,P002,Online TA,TA/TO,31-90 days,No Deposit,0,0.2806,Medium risk,0.0
SW089659,P002,Online TA,TA/TO,0-7 days,No Deposit,0,0.1586,Low risk,0.0
SW089688,P002,Online TA,TA/TO,0-7 days,No Deposit,0,0.1615,Low risk,0.0
SW089706,P002,Offline TA/TO,TA/TO,181+ days,No Deposit,0,0.3925,Medium risk,0.0
SW089710,P002,Online TA,TA/TO,8-30 days,No Deposit,0,0.2442,Low risk,0.0
SW089734,P002,Corporate,Corporate,0-7 days,No Deposit,0,0.0989,Low risk,0.0
SW089743,P002,Online TA,TA/TO,0-7 days,No Deposit,0,0.1615,Low risk,0.0
SW089745,P002,Groups,TA/TO,91-180 days,No Deposit,0,0.4543,High risk,0.0
SW089765,P002,Corporate,Corporate,0-7 days,No Deposit,0,0.0629,Low risk,0.0
SW089784,P002,Online TA,TA/TO,31-90 days,No Deposit,0,0.285,Medium risk,0.0
SW089826,P002,Online TA,TA/TO,31-90 days,No Deposit,0,0.2806,Medium risk,0.0
SW089839,P002,Online TA,TA/TO,91-180 days,No Deposit,0,0.4241,Medium risk,0.0
SW089874,P002,Direct,Direct,31-90 days,No Deposit,0,0.1956,Low risk,0.0
SW089890,P002,Online TA,TA/TO,0-7 days,No Deposit,0,0.1586,Low risk,0.0
SW089923,P002,Online TA,TA/TO,91-180 days,No Deposit,0,0.3104,Medium risk,0.0
SW089926,P002,Online TA,TA/TO,91-180 days,No Deposit,0,0.3104,Medium risk,0.0
SW089929,P002,Offline TA/TO,GDS,0-7 days,No Deposit,0,0.1696,Low risk,0.0
SW089975,P002,Groups,TA/TO,91-180 days,No Deposit,0,0.4058,Medium risk,0.0
SW089990,P002,Groups,TA/TO,91-180 days,No Deposit,0,0.4058,Medium risk,0.0
SW090024,P002,Groups,TA/TO,31-90 days,No Deposit,0,0.4243,Medium risk,0.0
SW090028,P002,Groups,TA/TO,31-90 days,No Deposit,0,0.4243,Medium risk,0.0
SW090097,P002,Online TA,TA/TO,31-90 days,No Deposit,0,0.285,Medium risk,0.0
SW090112,P002,Online TA,TA/TO,8-30 days,No Deposit,0,0.2482,Low risk,0.0
SW090129,P002,Online TA,TA/TO,91-180 days,No Deposit,0,0.3104,Medium risk,0.0
SW090134,P002,Online TA,TA/TO,181+ days,No Deposit,0,0.4754,High risk,0.0
SW090184,P002,Online TA,TA/TO,0-7 days,No Deposit,0,0.1615,Low risk,0.0
SW090199,P002,Online TA,TA/TO,31-90 days,No Deposit,0,0.285,Medium risk,0.0
SW090256,P002,Offline TA/TO,TA/TO,91-180 days,No Deposit,0,0.3442,Medium risk,0.0
SW090258,P002,Offline TA/TO,TA/TO,91-180 days,No Deposit,0,0.3442,Medium risk,0.0
SW090267,P002,Offline TA/TO,TA/TO,91-180 days,No Deposit,0,0.3442,Medium risk,0.0
SW090327,P002,Offline TA/TO,TA/TO,31-90 days,No Deposit,0,0.3173,Medium risk,0.0
SW090350,P002,Online TA,TA/TO,91-180 days,No Deposit,0,0.3058,Medium risk,0.0
SW090358,P002,Online TA,TA/TO,91-180 days,No Deposit,0,0.2471,Low risk,0.0
SW090389,P002,Online TA,TA/TO,0-7 days,No Deposit,0,0.1615,Low risk,0.0
SW090409,P002,Offline TA/TO,TA/TO,181+ days,No Deposit,0,0.3925,Medium risk,0.0
SW090423,P002,Offline TA/TO,TA/TO,181+ days,No Deposit,0,0.3925,Medium risk,0.0
SW090462,P002,Groups,TA/TO,181+ days,No Deposit,0,0.385,Medium risk,0.0
SW090472,P002,Offline TA/TO,TA/TO,91-180 days,No Deposit,0,0.4133,Medium risk,0.0
SW090477,P002,Groups,TA/TO,181+ days,No Deposit,0,0.385,Medium risk,0.0
SW090478,P002,Groups,TA/TO,181+ days,No Deposit,0,0.385,Medium risk,0.0
SW090481,P002,Online TA,TA/TO,91-180 days,No Deposit,0,0.3104,Medium risk,0.0
SW090497,P002,Offline TA/TO,TA/TO,181+ days,No Deposit,0,0.2831,Medium risk,0.0
SW090503,P002,Offline TA/TO,TA/TO,181+ days,No Deposit,0,0.3925,Medium risk,0.0
SW090506,P002,Corporate,Corporate,0-7 days,No Deposit,0,0.1284,Low risk,0.0
SW090520,P002,Offline TA/TO,TA/TO,181+ days,No Deposit,0,0.2831,Medium risk,0.0
SW090521,P002,Offline TA/TO,TA/TO,181+ days,No Deposit,0,0.2831,Medium risk,0.0
SW090574,P002,Offline TA/TO,TA/TO,181+ days,No Deposit,0,0.2831,Medium risk,0.0
SW090664,P002,Online TA,TA/TO,0-7 days,No Deposit,0,0.1615,Low risk,0.0
SW090674,P002,Offline TA/TO,Corporate,91-180 days,No Deposit,0,0.265,Medium risk,0.0
SW090711,P002,Online TA,TA/TO,8-30 days,No Deposit,0,0.2442,Low risk,0.0
SW090740,P002,Offline TA/TO,TA/TO,91-180 days,No Deposit,0,0.3442,Medium risk,0.0
SW090795,P002,Online TA,TA/TO,0-7 days,No Deposit,0,0.2396,Low risk,0.0
SW090803,P002,Offline TA/TO,TA/TO,91-180 days,No Deposit,0,0.2429,Low risk,0.0
SW090812,P002,Online TA,TA/TO,91-180 days,No Deposit,0,0.3104,Medium risk,0.0
SW090813,P002,Online TA,TA/TO,91-180 days,No Deposit,0,0.4241,Medium risk,0.0
SW090874,P002,Offline TA/TO,TA/TO,31-90 days,No Deposit,0,0.3842,Medium risk,0.0
SW090890,P002,Offline TA/TO,TA/TO,31-90 days,No Deposit,0,0.2213,Low risk,0.0
SW090891,P002,Direct,Direct,91-180 days,No Deposit,0,0.2155,Low risk,0.0
SW090894,P002,Online TA,TA/TO,91-180 days,No Deposit,0,0.3104,Medium risk,0.0
SW090895,P002,Direct,Direct,91-180 days,No Deposit,0,0.2155,Low risk,0.0
SW090922,P002,Offline TA/TO,TA/TO,31-90 days,No Deposit,0,0.2213,Low risk,0.0
SW090958,P002,Online TA,TA/TO,0-7 days,No Deposit,0,0.1586,Low risk,0.0
SW090962,P002,Online TA,TA/TO,31-90 days,No Deposit,0,0.2806,Medium risk,0.0
SW090965,P002,Online TA,TA/TO,0-7 days,No Deposit,0,0.1615,Low risk,0.0
SW090969,P002,Online TA,TA/TO,0-7 days,No Deposit,0,0.1586,Low risk,0.0
SW091057,P002,Online TA,TA/TO,91-180 days,No Deposit,0,0.3104,Medium risk,0.0
SW091090,P002,Offline TA/TO,TA/TO,181+ days,No Deposit,0,0.3925,Medium risk,0.0
SW091134,P002,Offline TA/TO,TA/TO,181+ days,No Deposit,0,0.3925,Medium risk,0.0
SW091147,P002,Offline TA/TO,TA/TO,181+ days,No Deposit,0,0.3925,Medium risk,0.0
SW091164,P002,Offline TA/TO,TA/TO,181+ days,No Deposit,0,0.2831,Medium risk,0.0
SW091174,P002,Online TA,TA/TO,31-90 days,No Deposit,0,0.2806,Medium risk,0.0
SW091178,P002,Online TA,TA/TO,0-7 days,No Deposit,0,0.1586,Low risk,0.0
SW091215,P002,Offline TA/TO,TA/TO,31-90 days,No Deposit,0,0.3842,Medium risk,0.0
SW091236,P002,Offline TA/TO,TA/TO,91-180 days,No Deposit,0,0.2429,Low risk,0.0
SW091249,P002,Offline TA/TO,TA/TO,91-180 days,No Deposit,0,0.2429,Low risk,0.0
SW091267,P002,Online TA,TA/TO,8-30 days,No Deposit,0,0.2442,Low risk,0.0
SW091273,P002,Online TA,TA/TO,8-30 days,No Deposit,0,0.3507,Medium risk,0.0
SW091290,P002,Online TA,TA/TO,0-7 days,No Deposit,0,0.1586,Low risk,0.0
SW091304,P002,Groups,TA/TO,31-90 days,No Deposit,0,0.3106,Medium risk,0.0
SW091327,P002,Groups,TA/TO,31-90 days,No Deposit,0,0.3106,Medium risk,0.0
SW091383,P002,Online TA,TA/TO,31-90 days,No Deposit,0,0.2806,Medium risk,0.0
SW091385,P002,Online TA,TA/TO,91-180 days,No Deposit,0,0.2511,Medium risk,0.0
SW091389,P002,Online TA,TA/TO,0-7 days,No Deposit,0,0.1586,Low risk,0.0
SW091396,P002,Corporate,Corporate,0-7 days,No Deposit,0,0.1284,Low risk,0.0
SW091412,P002,Online TA,TA/TO,8-30 days,No Deposit,0,0.2482,Low risk,0.0
SW091423,P002,Online TA,TA/TO,0-7 days,No Deposit,0,0.2396,Low risk,0.0
SW091470,P002,Online TA,TA/TO,0-7 days,No Deposit,0,0.1615,Low risk,0.0
SW091507,P002,Online TA,TA/TO,8-30 days,No Deposit,0,0.2442,Low risk,0.0
SW091522,P002,Online TA,TA/TO,31-90 days,No Deposit,0,0.3947,Medium risk,0.0
SW091552,P002,Online TA,TA/TO,91-180 days,No Deposit,0,0.3058,Medium risk,0.0
SW091577,P002,Online TA,TA/TO,31-90 days,No Deposit,0,0.285,Medium risk,0.0
SW091656,P002,Corporate,Corporate,8-30 days,No Deposit,0,0.1583,Low risk,0.0
SW091678,P002,Online TA,TA/TO,31-90 days,No Deposit,0,0.285,Medium risk,0.0
SW091681,P002,Online TA,TA/TO,31-90 days,No Deposit,0,0.285,Medium risk,0.0
SW091716,P002,Offline TA/TO,TA/TO,181+ days,No Deposit,0,0.3925,Medium risk,0.0
SW091780,P002,Direct,Direct,0-7 days,No Deposit,0,0.0657,Low risk,0.0
SW091801,P002,Offline TA/TO,TA/TO,181+ days,No Deposit,0,0.3925,Medium risk,0.0
SW091819,P002,Offline TA/TO,TA/TO,181+ days,No Deposit,0,0.3925,Medium risk,0.0
SW091846,P002,Offline TA/TO,TA/TO,181+ days,No Deposit,0,0.3925,Medium risk,0.0
SW091862,P002,Offline TA/TO,TA/TO,181+ days,No Deposit,0,0.2831,Medium risk,0.0
SW091892,P002,Groups,TA/TO,31-90 days,No Deposit,0,0.3106,Medium risk,0.0
SW091906,P002,Groups,TA/TO,31-90 days,No Deposit,0,0.3106,Medium risk,0.0
SW091918,P002,Online TA,TA/TO,91-180 days,No Deposit,0,0.2511,Medium risk,0.0
SW091925,P002,Offline TA/TO,TA/TO,181+ days,No Deposit,0,0.3925,Medium risk,0.0
SW091938,P002,Online TA,TA/TO,91-180 days,No Deposit,0,0.3104,Medium risk,0.0
SW091947,P002,Direct,Direct,31-90 days,No Deposit,0,0.1956,Low risk,0.0
SW091965,P002,Online TA,TA/TO,0-7 days,No Deposit,0,0.1615,Low risk,0.0
SW091984,P002,Offline TA/TO,TA/TO,31-90 days,No Deposit,0,0.3842,Medium risk,0.0
SW091988,P002,Online TA,TA/TO,31-90 days,No Deposit,0,0.2806,Medium risk,0.0
SW091989,P002,Online TA,TA/TO,8-30 days,No Deposit,0,0.2482,Low risk,0.0
SW092005,P002,Direct,Direct,0-7 days,No Deposit,0,0.0657,Low risk,0.0
SW092105,P002,Online TA,TA/TO,91-180 days,No Deposit,0,0.3058,Medium risk,0.0
SW092122,P002,Direct,Direct,31-90 days,No Deposit,0,0.1956,Low risk,0.0
SW092124,P002,Online TA,TA/TO,91-180 days,No Deposit,0,0.3104,Medium risk,0.0
SW092125,P002,Online TA,TA/TO,91-180 days,No Deposit,0,0.3104,Medium risk,0.0
SW092142,P002,Online TA,TA/TO,91-180 days,No Deposit,0,0.3104,Medium risk,0.0
SW092182,P002,Online TA,TA/TO,91-180 days,No Deposit,0,0.4241,Medium risk,0.0
SW092215,P002,Online TA,TA/TO,0-7 days,No Deposit,0,0.1586,Low risk,0.0
SW092217,P002,Online TA,TA/TO,0-7 days,No Deposit,0,0.2396,Low risk,0.0
SW092232,P002,Online TA,TA/TO,31-90 days,No Deposit,0,0.2806,Medium risk,0.0
SW092236,P002,Online TA,TA/TO,31-90 days,No Deposit,0,0.285,Medium risk,0.0
SW092244,P002,Offline TA/TO,TA/TO,91-180 days,No Deposit,0,0.2429,Low risk,0.0
SW092245,P002,Offline TA/TO,TA/TO,91-180 days,No Deposit,0,0.2429,Low risk,0.0
SW092261,P002,Online TA,TA/TO,91-180 days,No Deposit,0,0.4241,Medium risk,0.0
SW092280,P002,Online TA,TA/TO,91-180 days,No Deposit,0,0.3058,Medium risk,0.0
SW092282,P002,Online TA,TA/TO,31-90 days,No Deposit,0,0.285,Medium risk,0.0
SW092350,P002,Online TA,TA/TO,91-180 days,No Deposit,0,0.3058,Medium risk,0.0
SW092372,P002,Direct,Direct,0-7 days,No Deposit,0,0.1052,Low risk,0.0
SW092393,P002,Offline TA/TO,TA/TO,31-90 days,No Deposit,0,0.3842,Medium risk,0.0
SW092405,P002,Online TA,TA/TO,91-180 days,No Deposit,0,0.3058,Medium risk,0.0
SW092436,P002,Online TA,TA/TO,0-7 days,No Deposit,0,0.1615,Low risk,0.0
SW092460,P002,Online TA,TA/TO,8-30 days,No Deposit,0,0.2482,Low risk,0.0
SW092477,P002,Online TA,TA/TO,91-180 days,No Deposit,0,0.3058,Medium risk,0.0
SW092494,P002,Online TA,TA/TO,31-90 days,No Deposit,0,0.285,Medium risk,0.0
SW092508,P002,Online TA,TA/TO,0-7 days,No Deposit,0,0.2396,Low risk,0.0
SW092536,P002,Online TA,TA/TO,31-90 days,No Deposit,0,0.2806,Medium risk,0.0
SW092592,P002,Online TA,TA/TO,91-180 days,No Deposit,0,0.3058,Medium risk,0.0
SW092663,P002,Online TA,TA/TO,91-180 days,No Deposit,0,0.4241,Medium risk,0.0
SW092691,P002,Direct,Direct,91-180 days,No Deposit,0,0.2155,Low risk,0.0
SW092709,P002,Online TA,TA/TO,0-7 days,No Deposit,0,0.1615,Low risk,0.0
SW092744,P002,Offline TA/TO,TA/TO,91-180 days,No Deposit,0,0.301,Medium risk,0.0
SW092750,P002,Online TA,TA/TO,91-180 days,No Deposit,0,0.3543,Medium risk,0.0
SW092779,P002,Online TA,TA/TO,8-30 days,No Deposit,0,0.2442,Low risk,0.0
SW092786,P002,Direct,Direct,91-180 days,No Deposit,0,0.1112,Low risk,0.0
SW092802,P002,Online TA,TA/TO,31-90 days,No Deposit,0,0.2806,Medium risk,0.0
SW092848,P002,Direct,Direct,31-90 days,No Deposit,0,0.1294,Low risk,0.0
SW092896,P002,Offline TA/TO,TA/TO,0-7 days,No Deposit,0,0.1556,Low risk,0.0
SW092902,P002,Online TA,TA/TO,91-180 days,No Deposit,0,0.4241,Medium risk,0.0
SW092909,P002,Direct,TA/TO,31-90 days,No Deposit,0,0.1933,Low risk,0.0
SW092974,P002,Offline TA/TO,GDS,8-30 days,No Deposit,0,0.2593,Medium risk,0.0
SW092996,P002,Online TA,TA/TO,0-7 days,No Deposit,0,0.1586,Low risk,0.0
SW093001,P002,Online TA,TA/TO,91-180 days,No Deposit,0,0.2471,Low risk,0.0
SW093004,P002,Online TA,TA/TO,91-180 days,No Deposit,0,0.4241,Medium risk,0.0
SW093033,P002,Offline TA/TO,TA/TO,91-180 days,No Deposit,0,0.2429,Low risk,0.0
SW093080,P002,Online TA,TA/TO,91-180 days,No Deposit,0,0.3104,Medium risk,0.0
SW093160,P002,Groups,TA/TO,181+ days,No Deposit,0,0.385,Medium risk,0.0
SW093164,P002,Online TA,TA/TO,91-180 days,No Deposit,0,0.3058,Medium risk,0.0
SW093244,P002,Online TA,TA/TO,181+ days,No Deposit,0,0.3515,Medium risk,0.0
SW093245,P002,Offline TA/TO,TA/TO,91-180 days,No Deposit,0,0.301,Medium risk,0.0
SW093278,P002,Offline TA/TO,TA/TO,31-90 days,No Deposit,0,0.3173,Medium risk,0.0
SW093281,P002,Online TA,TA/TO,91-180 days,No Deposit,0,0.3058,Medium risk,0.0
SW093299,P002,Offline TA/TO,TA/TO,91-180 days,No Deposit,0,0.2429,Low risk,0.0
SW093303,P002,Online TA,TA/TO,91-180 days,No Deposit,0,0.2471,Low risk,0.0
SW093344,P002,Direct,Direct,0-7 days,No Deposit,0,0.1052,Low risk,0.0
SW093366,P002,Online TA,TA/TO,0-7 days,No Deposit,0,0.1586,Low risk,0.0
SW093376,P002,Online TA,TA/TO,91-180 days,No Deposit,0,0.3104,Medium risk,0.0
SW093406,P002,Online TA,TA/TO,91-180 days,No Deposit,0,0.3104,Medium risk,0.0
SW093417,P002,Online TA,TA/TO,91-180 days,No Deposit,0,0.3058,Medium risk,0.0
SW093448,P002,Online TA,TA/TO,91-180 days,No Deposit,0,0.3058,Medium risk,0.0
SW093469,P002,Online TA,TA/TO,31-90 days,No Deposit,0,0.285,Medium risk,0.0
SW093503,P002,Offline TA/TO,TA/TO,181+ days,No Deposit,0,0.3925,Medium risk,0.0
SW093526,P002,Online TA,TA/TO,91-180 days,No Deposit,0,0.3058,Medium risk,0.0
SW093532,P002,Offline TA/TO,TA/TO,181+ days,No Deposit,0,0.3925,Medium risk,0.0
SW093589,P002,Online TA,TA/TO,8-30 days,No Deposit,0,0.3507,Medium risk,0.0
SW093604,P002,Groups,TA/TO,181+ days,No Deposit,0,0.385,Medium risk,0.0
SW093627,P002,Online TA,TA/TO,91-180 days,No Deposit,0,0.4241,Medium risk,0.0
SW093678,P002,Online TA,TA/TO,31-90 days,No Deposit,0,0.285,Medium risk,0.0
SW093719,P002,Corporate,Corporate,31-90 days,No Deposit,0,0.2336,Low risk,0.0
SW093748,P002,Online TA,TA/TO,181+ days,No Deposit,0,0.3119,Medium risk,0.0
SW093851,P002,Online TA,TA/TO,91-180 days,No Deposit,0,0.3104,Medium risk,0.0
SW093854,P002,Direct,Direct,0-7 days,No Deposit,0,0.1052,Low risk,0.0
SW093873,P002,Online TA,TA/TO,0-7 days,No Deposit,0,0.2396,Low risk,0.0
SW093927,P002,Offline TA/TO,TA/TO,91-180 days,No Deposit,0,0.4133,Medium risk,0.0
SW093968,P002,Online TA,TA/TO,0-7 days,No Deposit,0,0.2396,Low risk,0.0
SW093970,P002,Online TA,TA/TO,0-7 days,No Deposit,0,0.2396,Low risk,0.0
SW094026,P002,Offline TA/TO,TA/TO,31-90 days,No Deposit,0,0.3842,Medium risk,0.0
SW094059,P002,Online TA,TA/TO,31-90 days,No Deposit,0,0.2806,Medium risk,0.0
SW094066,P002,Online TA,TA/TO,31-90 days,No Deposit,0,0.285,Medium risk,0.0
SW094099,P002,Direct,Direct,181+ days,No Deposit,0,0.2012,Low risk,0.0
SW094156,P002,Offline TA/TO,TA/TO,181+ days,No Deposit,0,0.2831,Medium risk,0.0
SW094157,P002,Offline TA/TO,TA/TO,181+ days,No Deposit,0,0.2831,Medium risk,0.0
SW094158,P002,Offline TA/TO,TA/TO,181+ days,No Deposit,0,0.2831,Medium risk,0.0
SW094164,P002,Direct,Direct,91-180 days,No Deposit,0,0.1112,Low risk,0.0
SW094182,P002,Offline TA/TO,TA/TO,181+ days,No Deposit,0,0.2831,Medium risk,0.0
SW094189,P002,Offline TA/TO,TA/TO,181+ days,No Deposit,0,0.2831,Medium risk,0.0
SW094204,P002,Online TA,TA/TO,31-90 days,No Deposit,0,0.3947,Medium risk,0.0
SW094224,P002,Corporate,Corporate,0-7 days,No Deposit,0,0.0826,Low risk,0.0
SW094239,P002,Corporate,Corporate,0-7 days,No Deposit,0,0.081,Low risk,0.0
SW094254,P002,Online TA,TA/TO,181+ days,No Deposit,0,0.4754,High risk,0.0
SW094277,P002,Corporate,Corporate,8-30 days,No Deposit,0,0.2016,Low risk,0.0
SW094298,P002,Corporate,Corporate,0-7 days,No Deposit,0,0.2767,Medium risk,0.0
SW094318,P002,Online TA,TA/TO,91-180 days,No Deposit,0,0.3104,Medium risk,0.0
SW094330,P002,Offline TA/TO,TA/TO,181+ days,No Deposit,0,0.3464,Medium risk,0.0
SW094340,P002,Online TA,TA/TO,91-180 days,No Deposit,0,0.3104,Medium risk,0.0
SW094374,P002,Online TA,TA/TO,181+ days,No Deposit,0,0.4754,High risk,0.0
SW094382,P002,Complementary,Direct,0-7 days,No Deposit,0,0.2219,Low risk,0.0
SW094410,P002,Online TA,TA/TO,8-30 days,No Deposit,0,0.2482,Low risk,0.0
SW094413,P002,Online TA,TA/TO,91-180 days,No Deposit,0,0.3058,Medium risk,0.0
SW094455,P002,Online TA,TA/TO,31-90 days,No Deposit,0,0.2289,Low risk,0.0
SW094467,P002,Online TA,TA/TO,8-30 days,No Deposit,0,0.2482,Low risk,0.0
SW094473,P002,Online TA,TA/TO,91-180 days,No Deposit,0,0.3104,Medium risk,0.0
SW094482,P002,Offline TA/TO,TA/TO,91-180 days,No Deposit,0,0.301,Medium risk,0.0
SW094490,P002,Online TA,TA/TO,31-90 days,No Deposit,0,0.285,Medium risk,0.0
SW094494,P002,Online TA,TA/TO,91-180 days,No Deposit,0,0.3104,Medium risk,0.0
SW094511,P002,Online TA,TA/TO,8-30 days,No Deposit,0,0.1411,Low risk,0.0
SW094520,P002,Online TA,TA/TO,91-180 days,No Deposit,0,0.3104,Medium risk,0.0
SW094527,P002,Online TA,TA/TO,91-180 days,No Deposit,0,0.3104,Medium risk,0.0
SW094541,P002,Online TA,TA/TO,91-180 days,No Deposit,0,0.4241,Medium risk,0.0
SW094556,P002,Direct,Direct,8-30 days,No Deposit,0,0.1097,Low risk,0.0
SW094582,P002,Corporate,Corporate,181+ days,No Deposit,0,0.2975,Medium risk,0.0
SW094590,P002,Online TA,TA/TO,91-180 days,No Deposit,0,0.2471,Low risk,0.0
SW094634,P002,Online TA,TA/TO,31-90 days,No Deposit,0,0.285,Medium risk,0.0
SW094647,P002,Online TA,TA/TO,0-7 days,No Deposit,0,0.1615,Low risk,0.0
SW094660,P002,Online TA,TA/TO,31-90 days,No Deposit,0,0.285,Medium risk,0.0
SW094689,P002,Online TA,TA/TO,0-7 days,No Deposit,0,0.1586,Low risk,0.0
SW094691,P002,Online TA,TA/TO,31-90 days,No Deposit,0,0.285,Medium risk,0.0
SW094693,P002,Online TA,TA/TO,181+ days,No Deposit,0,0.3564,Medium risk,0.0
SW094737,P002,Online TA,TA/TO,91-180 days,No Deposit,0,0.3058,Medium risk,0.0
SW094750,P002,Online TA,TA/TO,91-180 days,No Deposit,0,0.2511,Medium risk,0.0
SW094781,P002,Online TA,TA/TO,181+ days,No Deposit,0,0.4754,High risk,0.0
SW094802,P002,Online TA,TA/TO,91-180 days,No Deposit,0,0.3104,Medium risk,0.0
SW094812,P002,Online TA,TA/TO,181+ days,No Deposit,0,0.3564,Medium risk,0.0
SW094839,P002,Online TA,TA/TO,8-30 days,No Deposit,0,0.2482,Low risk,0.0
SW094862,P002,Online TA,TA/TO,0-7 days,No Deposit,0,0.2396,Low risk,0.0
SW094918,P002,Online TA,TA/TO,91-180 days,No Deposit,0,0.3104,Medium risk,0.0
SW094920,P002,Online TA,TA/TO,181+ days,No Deposit,0,0.3515,Medium risk,0.0
SW094925,P002,Offline TA/TO,TA/TO,91-180 days,No Deposit,0,0.4133,Medium risk,0.0
SW094937,P002,Offline TA/TO,TA/TO,181+ days,No Deposit,0,0.3925,Medium risk,0.0
SW094973,P002,Offline TA/TO,TA/TO,181+ days,No Deposit,0,0.2831,Medium risk,0.0
SW095007,P002,Online TA,TA/TO,31-90 days,No Deposit,0,0.285,Medium risk,0.0
SW095031,P002,Online TA,TA/TO,91-180 days,No Deposit,0,0.3104,Medium risk,0.0
SW095070,P002,Online TA,TA/TO,91-180 days,No Deposit,0,0.3104,Medium risk,0.0
SW095157,P002,Online TA,TA/TO,91-180 days,No Deposit,0,0.3058,Medium risk,0.0
SW095165,P002,Online TA,TA/TO,8-30 days,No Deposit,0,0.2442,Low risk,0.0
SW095237,P002,Direct,Direct,8-30 days,No Deposit,0,0.1076,Low risk,0.0
SW095266,P002,Online TA,TA/TO,8-30 days,No Deposit,0,0.2482,Low risk,0.0
SW095301,P002,Online TA,TA/TO,31-90 days,No Deposit,0,0.2806,Medium risk,0.0
SW095318,P002,Online TA,TA/TO,31-90 days,No Deposit,0,0.285,Medium risk,0.0
SW095321,P002,Online TA,TA/TO,0-7 days,No Deposit,0,0.2396,Low risk,0.0
SW095322,P002,Online TA,TA/TO,0-7 days,No Deposit,0,0.2396,Low risk,0.0
SW095340,P002,Online TA,TA/TO,8-30 days,No Deposit,0,0.3507,Medium risk,0.0
SW095343,P002,Online TA,TA/TO,31-90 days,No Deposit,0,0.2806,Medium risk,0.0
SW095356,P002,Offline TA/TO,TA/TO,91-180 days,No Deposit,0,0.4133,Medium risk,0.0
SW095402,P002,Online TA,TA/TO,91-180 days,No Deposit,0,0.3058,Medium risk,0.0
SW095449,P002,Online TA,TA/TO,91-180 days,No Deposit,0,0.3058,Medium risk,0.0
SW095492,P002,Offline TA/TO,TA/TO,181+ days,No Deposit,0,0.3925,Medium risk,0.0
SW095562,P002,Online TA,TA/TO,8-30 days,No Deposit,0,0.2442,Low risk,0.0
SW095569,P002,Online TA,TA/TO,91-180 days,No Deposit,0,0.3058,Medium risk,0.0
SW095590,P002,Direct,Direct,0-7 days,No Deposit,0,0.1052,Low risk,0.0
SW095632,P002,Groups,TA/TO,181+ days,No Deposit,0,0.506,High risk,0.0
SW095648,P002,Direct,Direct,91-180 days,No Deposit,0,0.1091,Low risk,0.0
SW095674,P002,Direct,Direct,8-30 days,No Deposit,0,0.1076,Low risk,0.0
SW095678,P002,Online TA,TA/TO,91-180 days,No Deposit,0,0.3058,Medium risk,0.0
SW095684,P002,Online TA,TA/TO,91-180 days,No Deposit,0,0.3058,Medium risk,0.0
SW095703,P002,Direct,Direct,181+ days,No Deposit,0,0.1682,Low risk,0.0
SW095749,P002,Online TA,TA/TO,0-7 days,No Deposit,0,0.2396,Low risk,0.0
SW095783,P002,Online TA,TA/TO,91-180 days,No Deposit,0,0.3058,Medium risk,0.0
SW095805,P002,Direct,Direct,0-7 days,No Deposit,0,0.1052,Low risk,0.0
SW095818,P002,Direct,Direct,8-30 days,No Deposit,0,0.1677,Low risk,0.0
SW095830,P002,Online TA,TA/TO,181+ days,No Deposit,0,0.4754,High risk,0.0
SW095882,P002,Online TA,TA/TO,8-30 days,No Deposit,0,0.287,Medium risk,0.0
SW095933,P002,Online TA,TA/TO,91-180 days,No Deposit,0,0.4241,Medium risk,0.0
SW095992,P002,Online TA,TA/TO,8-30 days,No Deposit,0,0.2482,Low risk,0.0
SW096006,P002,Online TA,TA/TO,31-90 days,No Deposit,0,0.3947,Medium risk,0.0
SW096040,P002,Offline TA/TO,TA/TO,181+ days,No Deposit,0,0.3464,Medium risk,0.0
SW096046,P002,Offline TA/TO,TA/TO,181+ days,No Deposit,0,0.3464,Medium risk,0.0
SW096068,P002,Online TA,TA/TO,91-180 days,No Deposit,0,0.4241,Medium risk,0.0
SW096069,P002,Direct,Direct,0-7 days,No Deposit,0,0.1052,Low risk,0.0
SW096181,P002,Direct,Direct,0-7 days,No Deposit,0,0.067,Low risk,0.0
SW096234,P002,Online TA,TA/TO,8-30 days,No Deposit,0,0.2442,Low risk,0.0
SW096277,P002,Offline TA/TO,TA/TO,31-90 days,No Deposit,0,0.3842,Medium risk,0.0
SW096290,P002,Corporate,Corporate,8-30 days,No Deposit,0,0.1337,Low risk,0.0
SW096322,P002,Online TA,TA/TO,181+ days,No Deposit,0,0.3515,Medium risk,0.0
SW096346,P002,Online TA,TA/TO,91-180 days,No Deposit,0,0.3104,Medium risk,0.0
SW096363,P002,Online TA,TA/TO,181+ days,No Deposit,0,0.3564,Medium risk,0.0
SW096366,P002,Online TA,TA/TO,31-90 days,No Deposit,0,0.3947,Medium risk,0.0
SW096385,P002,Online TA,TA/TO,8-30 days,No Deposit,0,0.2482,Low risk,0.0
SW096427,P002,Online TA,TA/TO,31-90 days,No Deposit,0,0.3947,Medium risk,0.0
SW096435,P002,Online TA,TA/TO,8-30 days,No Deposit,0,0.3507,Medium risk,0.0
SW096448,P002,Offline TA/TO,TA/TO,91-180 days,No Deposit,0,0.4133,Medium risk,0.0
SW096464,P002,Online TA,TA/TO,91-180 days,No Deposit,0,0.4241,Medium risk,0.0
SW096468,P002,Online TA,TA/TO,181+ days,No Deposit,0,0.3564,Medium risk,0.0
SW096531,P002,Online TA,TA/TO,31-90 days,No Deposit,0,0.285,Medium risk,0.0
SW096543,P002,Online TA,TA/TO,8-30 days,No Deposit,0,0.2442,Low risk,0.0
SW096550,P002,Online TA,TA/TO,31-90 days,No Deposit,0,0.285,Medium risk,0.0
SW096606,P002,Direct,Direct,0-7 days,No Deposit,0,0.1052,Low risk,0.0
SW096651,P002,Online TA,TA/TO,31-90 days,No Deposit,0,0.3947,Medium risk,0.0
SW096681,P002,Online TA,TA/TO,31-90 days,No Deposit,0,0.2806,Medium risk,0.0
SW096742,P002,Direct,Direct,0-7 days,No Deposit,0,0.1052,Low risk,0.0
SW096811,P002,Direct,Direct,91-180 days,No Deposit,0,0.1112,Low risk,0.0
SW096816,P002,Offline TA/TO,TA/TO,91-180 days,No Deposit,0,0.301,Medium risk,0.0
SW096822,P002,Aviation,Corporate,0-7 days,No Deposit,0,0.1425,Low risk,0.0
SW096833,P002,Online TA,TA/TO,181+ days,No Deposit,0,0.2921,Medium risk,0.0
SW096836,P002,Online TA,TA/TO,91-180 days,No Deposit,0,0.3058,Medium risk,0.0
SW096852,P002,Online TA,TA/TO,31-90 days,No Deposit,0,0.2806,Medium risk,0.0
SW096905,P002,Offline TA/TO,TA/TO,91-180 days,No Deposit,0,0.4133,Medium risk,0.0
SW096938,P002,Offline TA/TO,TA/TO,181+ days,No Deposit,0,0.2831,Medium risk,0.0
SW096941,P002,Offline TA/TO,TA/TO,181+ days,No Deposit,0,0.2831,Medium risk,0.0
SW096949,P002,Offline TA/TO,TA/TO,181+ days,No Deposit,0,0.2831,Medium risk,0.0
SW096960,P002,Offline TA/TO,TA/TO,91-180 days,No Deposit,0,0.3442,Medium risk,0.0
SW097005,P002,Online TA,TA/TO,91-180 days,No Deposit,0,0.3058,Medium risk,0.0
SW097058,P002,Groups,TA/TO,31-90 days,No Deposit,0,0.3106,Medium risk,0.0
SW097065,P002,Offline TA/TO,TA/TO,31-90 days,No Deposit,0,0.3842,Medium risk,0.0
SW097080,P002,Online TA,TA/TO,8-30 days,No Deposit,0,0.2442,Low risk,0.0
SW097081,P002,Online TA,TA/TO,0-7 days,No Deposit,0,0.1586,Low risk,0.0
SW097096,P002,Direct,Direct,31-90 days,No Deposit,0,0.127,Low risk,0.0
SW097111,P002,Online TA,TA/TO,31-90 days,No Deposit,0,0.285,Medium risk,0.0
SW097121,P002,Online TA,TA/TO,8-30 days,No Deposit,0,0.2442,Low risk,0.0
SW097155,P002,Direct,Direct,8-30 days,No Deposit,0,0.1097,Low risk,0.0
SW097158,P002,Online TA,TA/TO,31-90 days,No Deposit,0,0.285,Medium risk,0.0
SW097187,P002,Direct,Direct,8-30 days,No Deposit,0,0.1677,Low risk,0.0
SW097197,P002,Online TA,TA/TO,31-90 days,No Deposit,0,0.3947,Medium risk,0.0
SW097216,P002,Offline TA/TO,TA/TO,31-90 days,No Deposit,0,0.3842,Medium risk,0.0
SW097219,P002,Online TA,GDS,8-30 days,No Deposit,0,0.2678,Medium risk,0.0
SW097249,P002,Offline TA/TO,TA/TO,8-30 days,No Deposit,0,0.3407,Medium risk,0.0
SW097261,P002,Online TA,TA/TO,8-30 days,No Deposit,0,0.2442,Low risk,0.0
SW097291,P002,Offline TA/TO,TA/TO,181+ days,No Deposit,0,0.2831,Medium risk,0.0
SW097311,P002,Offline TA/TO,TA/TO,181+ days,No Deposit,0,0.2831,Medium risk,0.0
SW097324,P002,Offline TA/TO,TA/TO,181+ days,No Deposit,0,0.2831,Medium risk,0.0
SW097371,P002,Direct,Direct,8-30 days,No Deposit,0,0.1677,Low risk,0.0
SW097405,P002,Offline TA/TO,TA/TO,31-90 days,No Deposit,0,0.3173,Medium risk,0.0
SW097427,P002,Online TA,TA/TO,0-7 days,No Deposit,0,0.1615,Low risk,0.0
SW097473,P002,Groups,TA/TO,31-90 days,No Deposit,0,0.4243,Medium risk,0.0
SW097595,P002,Online TA,TA/TO,91-180 days,No Deposit,0,0.3104,Medium risk,0.0
SW097606,P002,Groups,TA/TO,31-90 days,No Deposit,0,0.4243,Medium risk,0.0
SW097610,P002,Online TA,TA/TO,31-90 days,No Deposit,0,0.285,Medium risk,0.0
SW097648,P002,Groups,TA/TO,181+ days,No Deposit,0,0.385,Medium risk,0.0
SW097672,P002,Online TA,TA/TO,8-30 days,No Deposit,0,0.2482,Low risk,0.0
SW097709,P002,Online TA,TA/TO,91-180 days,No Deposit,0,0.3104,Medium risk,0.0
SW097736,P002,Online TA,TA/TO,91-180 days,No Deposit,0,0.3058,Medium risk,0.0
SW097755,P002,Online TA,TA/TO,8-30 days,No Deposit,0,0.2482,Low risk,0.0
SW097772,P002,Direct,Direct,0-7 days,No Deposit,0,0.1052,Low risk,0.0
SW097795,P002,Online TA,TA/TO,31-90 days,No Deposit,0,0.285,Medium risk,0.0
SW097819,P002,Direct,Direct,8-30 days,No Deposit,0,0.1305,Low risk,0.0
SW097854,P002,Online TA,TA/TO,31-90 days,No Deposit,0,0.2806,Medium risk,0.0
SW097881,P002,Offline TA/TO,TA/TO,31-90 days,No Deposit,0,0.2761,Medium risk,0.0
SW097892,P002,Offline TA/TO,TA/TO,31-90 days,No Deposit,0,0.3842,Medium risk,0.0
SW097895,P002,Online TA,TA/TO,0-7 days,No Deposit,0,0.1586,Low risk,0.0
SW097913,P002,Online TA,TA/TO,91-180 days,No Deposit,0,0.3104,Medium risk,0.0
SW097953,P002,Online TA,TA/TO,31-90 days,No Deposit,0,0.285,Medium risk,0.0
SW097956,P002,Corporate,Corporate,8-30 days,No Deposit,0,0.2016,Low risk,0.0
SW097974,P002,Online TA,TA/TO,91-180 days,No Deposit,0,0.3104,Medium risk,0.0
SW097979,P002,Online TA,TA/TO,181+ days,No Deposit,0,0.3564,Medium risk,0.0
SW098008,P002,Online TA,TA/TO,31-90 days,No Deposit,0,0.285,Medium risk,0.0
SW098022,P002,Offline TA/TO,TA/TO,181+ days,No Deposit,0,0.2831,Medium risk,0.0
SW098029,P002,Offline TA/TO,TA/TO,181+ days,No Deposit,0,0.2831,Medium risk,0.0
SW098033,P002,Offline TA/TO,TA/TO,181+ days,No Deposit,0,0.2831,Medium risk,0.0
SW098039,P002,Offline TA/TO,TA/TO,181+ days,No Deposit,0,0.3925,Medium risk,0.0
SW098060,P002,Offline TA/TO,TA/TO,181+ days,No Deposit,0,0.2831,Medium risk,0.0
SW098078,P002,Offline TA/TO,TA/TO,181+ days,No Deposit,0,0.2831,Medium risk,0.0
SW098113,P002,Online TA,TA/TO,91-180 days,No Deposit,0,0.3104,Medium risk,0.0
SW098168,P002,Direct,Direct,91-180 days,No Deposit,0,0.2155,Low risk,0.0
SW098174,P002,Offline TA/TO,TA/TO,181+ days,No Deposit,0,0.3925,Medium risk,0.0
SW098175,P002,Online TA,TA/TO,8-30 days,No Deposit,0,0.2482,Low risk,0.0
SW098177,P002,Offline TA/TO,TA/TO,181+ days,No Deposit,0,0.3925,Medium risk,0.0
SW098236,P002,Online TA,TA/TO,31-90 days,No Deposit,0,0.3947,Medium risk,0.0
SW098275,P002,Offline TA/TO,TA/TO,8-30 days,No Deposit,0,0.2401,Low risk,0.0
SW098279,P002,Online TA,GDS,0-7 days,No Deposit,0,0.1759,Low risk,0.0
SW098291,P002,Online TA,TA/TO,0-7 days,No Deposit,0,0.2396,Low risk,0.0
SW098317,P002,Online TA,TA/TO,0-7 days,No Deposit,0,0.1615,Low risk,0.0
SW098342,P002,Corporate,Corporate,0-7 days,No Deposit,0,0.0989,Low risk,0.0
SW098367,P002,Online TA,TA/TO,31-90 days,No Deposit,0,0.1626,Low risk,0.0
SW098420,P002,Direct,Direct,8-30 days,No Deposit,0,0.1076,Low risk,0.0
SW098431,P002,Complementary,TA/TO,31-90 days,No Deposit,0,0.2216,Low risk,0.0
SW098454,P002,Online TA,TA/TO,31-90 days,No Deposit,0,0.285,Medium risk,0.0
SW098481,P002,Direct,Direct,31-90 days,No Deposit,0,0.1956,Low risk,0.0
SW098537,P002,Online TA,TA/TO,31-90 days,No Deposit,0,0.285,Medium risk,0.0
SW098549,P002,Online TA,TA/TO,0-7 days,No Deposit,0,0.1586,Low risk,0.0
SW098568,P002,Offline TA/TO,TA/TO,91-180 days,No Deposit,0,0.2429,Low risk,0.0
SW098600,P002,Online TA,TA/TO,91-180 days,No Deposit,0,0.3058,Medium risk,0.0
SW098609,P002,Groups,TA/TO,181+ days,No Deposit,0,0.385,Medium risk,0.0
SW098618,P002,Corporate,Corporate,0-7 days,No Deposit,0,0.0989,Low risk,0.0
SW098625,P002,Online TA,TA/TO,181+ days,No Deposit,0,0.3515,Medium risk,0.0
SW098656,P002,Online TA,TA/TO,31-90 days,No Deposit,0,0.285,Medium risk,0.0
SW098670,P002,Groups,Corporate,181+ days,No Deposit,0,0.413,Medium risk,0.0
SW098718,P002,Online TA,TA/TO,91-180 days,No Deposit,0,0.3104,Medium risk,0.0
SW098736,P002,Online TA,TA/TO,8-30 days,No Deposit,0,0.2482,Low risk,0.0
SW098760,P002,Online TA,TA/TO,31-90 days,No Deposit,0,0.285,Medium risk,0.0
SW098772,P002,Corporate,Corporate,8-30 days,No Deposit,0,0.2016,Low risk,0.0
SW098797,P002,Online TA,TA/TO,31-90 days,No Deposit,0,0.285,Medium risk,0.0
SW098849,P002,Online TA,TA/TO,31-90 days,No Deposit,0,0.3947,Medium risk,0.0
SW098859,P002,Online TA,TA/TO,91-180 days,No Deposit,0,0.3058,Medium risk,0.0
SW098872,P002,Online TA,TA/TO,8-30 days,No Deposit,0,0.2482,Low risk,0.0
SW098879,P002,Online TA,TA/TO,0-7 days,No Deposit,0,0.1615,Low risk,0.0
SW098883,P002,Online TA,TA/TO,31-90 days,No Deposit,0,0.285,Medium risk,0.0
SW098886,P002,Offline TA/TO,TA/TO,8-30 days,No Deposit,0,0.3407,Medium risk,0.0
SW098887,P002,Online TA,TA/TO,91-180 days,No Deposit,0,0.2511,Medium risk,0.0
SW098926,P002,Online TA,TA/TO,31-90 days,No Deposit,0,0.2806,Medium risk,0.0
SW098952,P002,Online TA,TA/TO,91-180 days,No Deposit,0,0.3104,Medium risk,0.0
SW098955,P002,Online TA,TA/TO,91-180 days,No Deposit,0,0.3058,Medium risk,0.0
SW098990,P002,Online TA,TA/TO,8-30 days,No Deposit,0,0.2442,Low risk,0.0
SW098993,P002,Online TA,TA/TO,31-90 days,No Deposit,0,0.285,Medium risk,0.0
SW098995,P002,Online TA,TA/TO,8-30 days,No Deposit,0,0.2482,Low risk,0.0
SW099036,P002,Online TA,TA/TO,31-90 days,No Deposit,0,0.285,Medium risk,0.0
SW099040,P002,Online TA,TA/TO,31-90 days,No Deposit,0,0.2806,Medium risk,0.0
SW099062,P002,Groups,TA/TO,31-90 days,No Deposit,0,0.4243,Medium risk,0.0
SW099079,P002,Online TA,TA/TO,8-30 days,No Deposit,0,0.3507,Medium risk,0.0
SW099114,P002,Online TA,TA/TO,91-180 days,No Deposit,0,0.3058,Medium risk,0.0
SW099126,P002,Offline TA/TO,TA/TO,31-90 days,No Deposit,0,0.2213,Low risk,0.0
SW099149,P002,Offline TA/TO,TA/TO,31-90 days,No Deposit,0,0.2176,Low risk,0.0
SW099180,P002,Online TA,TA/TO,8-30 days,No Deposit,0,0.3507,Medium risk,0.0
SW099194,P002,Offline TA/TO,TA/TO,181+ days,No Deposit,0,0.2831,Medium risk,0.0
SW099259,P002,Online TA,TA/TO,181+ days,No Deposit,0,0.2877,Medium risk,0.0
SW099268,P002,Online TA,TA/TO,0-7 days,No Deposit,0,0.1615,Low risk,0.0
SW099375,P002,Offline TA/TO,TA/TO,91-180 days,No Deposit,0,0.3442,Medium risk,0.0
SW099459,P002,Direct,Direct,31-90 days,No Deposit,0,0.1956,Low risk,0.0
SW099463,P002,Offline TA/TO,TA/TO,8-30 days,No Deposit,0,0.3407,Medium risk,0.0
SW099475,P002,Online TA,TA/TO,0-7 days,No Deposit,0,0.2396,Low risk,0.0
SW099504,P002,Corporate,Corporate,8-30 days,No Deposit,0,0.3961,Medium risk,0.0
SW099537,P002,Online TA,TA/TO,0-7 days,No Deposit,0,0.1615,Low risk,0.0
SW099561,P002,Offline TA/TO,TA/TO,0-7 days,No Deposit,0,0.1834,Low risk,0.0
SW099599,P002,Direct,Direct,31-90 days,No Deposit,0,0.1956,Low risk,0.0
SW099614,P002,Online TA,TA/TO,181+ days,No Deposit,0,0.3564,Medium risk,0.0
SW099616,P002,Online TA,TA/TO,0-7 days,No Deposit,0,0.1615,Low risk,0.0
SW099642,P002,Offline TA/TO,TA/TO,181+ days,No Deposit,0,0.3925,Medium risk,0.0
SW099643,P002,Offline TA/TO,TA/TO,181+ days,No Deposit,0,0.3925,Medium risk,0.0
SW099664,P002,Groups,TA/TO,0-7 days,No Deposit,0,0.2626,Medium risk,0.0
SW099678,P002,Offline TA/TO,TA/TO,181+ days,No Deposit,0,0.2831,Medium risk,0.0
SW099681,P002,Offline TA/TO,TA/TO,181+ days,No Deposit,0,0.2831,Medium risk,0.0
SW099694,P002,Offline TA/TO,TA/TO,181+ days,No Deposit,0,0.2831,Medium risk,0.0
SW099702,P002,Online TA,TA/TO,91-180 days,No Deposit,0,0.2471,Low risk,0.0
SW099754,P002,Online TA,TA/TO,91-180 days,No Deposit,0,0.3104,Medium risk,0.0
SW099776,P002,Online TA,TA/TO,31-90 days,No Deposit,0,0.285,Medium risk,0.0
SW099792,P002,Online TA,TA/TO,0-7 days,No Deposit,0,0.2396,Low risk,0.0
SW099808,P002,Online TA,TA/TO,181+ days,No Deposit,0,0.3515,Medium risk,0.0
SW099829,P002,Online TA,TA/TO,0-7 days,No Deposit,0,0.1615,Low risk,0.0
SW099838,P002,Online TA,TA/TO,181+ days,No Deposit,0,0.3515,Medium risk,0.0
SW099859,P002,Online TA,TA/TO,8-30 days,No Deposit,0,0.2442,Low risk,0.0
SW099872,P002,Offline TA/TO,TA/TO,31-90 days,No Deposit,0,0.3173,Medium risk,0.0
SW099902,P002,Direct,Direct,31-90 days,No Deposit,0,0.1294,Low risk,0.0
SW099911,P002,Online TA,TA/TO,31-90 days,No Deposit,0,0.2806,Medium risk,0.0
SW099931,P002,Online TA,TA/TO,8-30 days,No Deposit,0,0.2482,Low risk,0.0
SW099944,P002,Online TA,TA/TO,31-90 days,No Deposit,0,0.285,Medium risk,0.0
SW099957,P002,Online TA,TA/TO,31-90 days,No Deposit,0,0.2806,Medium risk,0.0
SW099973,P002,Online TA,TA/TO,181+ days,No Deposit,0,0.3515,Medium risk,0.0
SW099974,P002,Online TA,TA/TO,181+ days,No Deposit,0,0.3515,Medium risk,0.0
SW099992,P002,Online TA,TA/TO,31-90 days,No Deposit,0,0.285,Medium risk,0.0
SW100020,P002,Online TA,TA/TO,0-7 days,No Deposit,0,0.1615,Low risk,0.0
SW100023,P002,Online TA,TA/TO,0-7 days,No Deposit,0,0.0858,Low risk,0.0
SW100024,P002,Offline TA/TO,TA/TO,31-90 days,No Deposit,0,0.3842,Medium risk,0.0
SW100038,P002,Online TA,TA/TO,91-180 days,No Deposit,0,0.3104,Medium risk,0.0
SW100056,P002,Online TA,GDS,0-7 days,No Deposit,0,0.1759,Low risk,0.0
SW100073,P002,Offline TA/TO,TA/TO,181+ days,No Deposit,0,0.3464,Medium risk,0.0
SW100121,P002,Groups,TA/TO,181+ days,No Deposit,0,0.506,High risk,0.0
SW100161,P002,Offline TA/TO,TA/TO,31-90 days,No Deposit,0,0.2718,Medium risk,0.0
SW100184,P002,Online TA,TA/TO,181+ days,No Deposit,0,0.3515,Medium risk,0.0
SW100192,P002,Offline TA/TO,TA/TO,181+ days,No Deposit,0,0.2831,Medium risk,0.0
SW100198,P002,Offline TA/TO,TA/TO,181+ days,No Deposit,0,0.3925,Medium risk,0.0
SW100239,P002,Offline TA/TO,TA/TO,181+ days,No Deposit,0,0.2831,Medium risk,0.0
SW100291,P002,Online TA,TA/TO,181+ days,No Deposit,0,0.3515,Medium risk,0.0
SW100335,P002,Direct,Direct,8-30 days,No Deposit,0,0.1677,Low risk,0.0
SW100349,P002,Offline TA/TO,TA/TO,31-90 days,No Deposit,0,0.3842,Medium risk,0.0
SW100377,P002,Complementary,Direct,0-7 days,No Deposit,0,0.0629,Low risk,0.0
SW100379,P002,Online TA,TA/TO,31-90 days,No Deposit,0,0.285,Medium risk,0.0
SW100380,P002,Online TA,TA/TO,31-90 days,No Deposit,0,0.285,Medium risk,0.0
SW100391,P002,Online TA,TA/TO,31-90 days,No Deposit,0,0.2806,Medium risk,0.0
SW100409,P002,Direct,Direct,31-90 days,No Deposit,0,0.1294,Low risk,0.0
SW100422,P002,Online TA,TA/TO,31-90 days,No Deposit,0,0.285,Medium risk,0.0
SW100442,P002,Online TA,TA/TO,8-30 days,No Deposit,0,0.2482,Low risk,0.0
SW100519,P002,Online TA,TA/TO,91-180 days,No Deposit,0,0.3104,Medium risk,0.0
SW100527,P002,Online TA,TA/TO,31-90 days,No Deposit,0,0.2806,Medium risk,0.0
SW100547,P002,Online TA,TA/TO,31-90 days,No Deposit,0,0.2806,Medium risk,0.0
SW100579,P002,Online TA,TA/TO,181+ days,No Deposit,0,0.3515,Medium risk,0.0
SW100589,P002,Online TA,TA/TO,91-180 days,No Deposit,0,0.3058,Medium risk,0.0
SW100594,P002,Online TA,TA/TO,181+ days,No Deposit,0,0.3515,Medium risk,0.0
SW100614,P002,Direct,Direct,0-7 days,No Deposit,0,0.1052,Low risk,0.0
SW100635,P002,Online TA,TA/TO,91-180 days,No Deposit,0,0.3058,Medium risk,0.0
SW100705,P002,Aviation,Corporate,0-7 days,No Deposit,0,0.1425,Low risk,0.0
SW100728,P002,Aviation,Corporate,0-7 days,No Deposit,0,0.0922,Low risk,0.0
SW100742,P002,Online TA,TA/TO,181+ days,No Deposit,0,0.3564,Medium risk,0.0
SW100759,P002,Online TA,TA/TO,91-180 days,No Deposit,0,0.3104,Medium risk,0.0
SW100780,P002,Online TA,TA/TO,91-180 days,No Deposit,0,0.3104,Medium risk,0.0
SW100789,P002,Offline TA/TO,TA/TO,181+ days,No Deposit,0,0.2831,Medium risk,0.0
SW100790,P002,Offline TA/TO,TA/TO,181+ days,No Deposit,0,0.2831,Medium risk,0.0
SW100791,P002,Offline TA/TO,TA/TO,181+ days,No Deposit,0,0.2831,Medium risk,0.0
SW100796,P002,Offline TA/TO,TA/TO,181+ days,No Deposit,0,0.2831,Medium risk,0.0
SW100816,P002,Online TA,TA/TO,181+ days,No Deposit,0,0.3564,Medium risk,0.0
SW100852,P002,Online TA,TA/TO,31-90 days,No Deposit,0,0.2806,Medium risk,0.0
SW100899,P002,Online TA,TA/TO,0-7 days,No Deposit,0,0.1586,Low risk,0.0
SW100905,P002,Aviation,Corporate,0-7 days,No Deposit,0,0.1425,Low risk,0.0
SW100932,P002,Online TA,TA/TO,8-30 days,No Deposit,0,0.2442,Low risk,0.0
SW100945,P002,Offline TA/TO,TA/TO,31-90 days,No Deposit,0,0.3842,Medium risk,0.0
SW100970,P002,Online TA,TA/TO,31-90 days,No Deposit,0,0.285,Medium risk,0.0
SW100974,P002,Online TA,TA/TO,31-90 days,No Deposit,0,0.285,Medium risk,0.0
SW101026,P002,Online TA,TA/TO,31-90 days,No Deposit,0,0.285,Medium risk,0.0
SW101041,P002,Offline TA/TO,TA/TO,8-30 days,No Deposit,0,0.278,Medium risk,0.0
SW101060,P002,Offline TA/TO,TA/TO,8-30 days,No Deposit,0,0.278,Medium risk,0.0
SW101070,P002,Online TA,TA/TO,31-90 days,No Deposit,0,0.2806,Medium risk,0.0
SW101073,P002,Online TA,TA/TO,8-30 days,No Deposit,0,0.2442,Low risk,0.0
SW101080,P002,Online TA,TA/TO,0-7 days,No Deposit,0,0.1586,Low risk,0.0
SW101113,P002,Offline TA/TO,TA/TO,31-90 days,No Deposit,0,0.3842,Medium risk,0.0
SW101123,P002,Online TA,TA/TO,181+ days,No Deposit,0,0.3515,Medium risk,0.0
SW101187,P002,Aviation,Corporate,0-7 days,No Deposit,0,0.1425,Low risk,0.0
SW101210,P002,Offline TA/TO,TA/TO,31-90 days,No Deposit,0,0.2761,Medium risk,0.0
SW101233,P002,Corporate,Corporate,0-7 days,No Deposit,0,0.1284,Low risk,0.0
SW101251,P002,Direct,Direct,8-30 days,No Deposit,0,0.1677,Low risk,0.0
SW101259,P002,Direct,Direct,31-90 days,No Deposit,0,0.1956,Low risk,0.0
SW101260,P002,Direct,Direct,31-90 days,No Deposit,0,0.127,Low risk,0.0
SW101268,P002,Online TA,TA/TO,31-90 days,No Deposit,0,0.2806,Medium risk,0.0
SW101277,P002,Online TA,GDS,8-30 days,No Deposit,0,0.2678,Medium risk,0.0
SW101299,P002,Online TA,TA/TO,8-30 days,No Deposit,0,0.2482,Low risk,0.0
SW101328,P002,Online TA,TA/TO,91-180 days,No Deposit,0,0.3058,Medium risk,0.0
SW101362,P002,Online TA,TA/TO,31-90 days,No Deposit,0,0.3947,Medium risk,0.0
SW101380,P002,Online TA,TA/TO,31-90 days,No Deposit,0,0.3947,Medium risk,0.0
SW101388,P002,Online TA,TA/TO,8-30 days,No Deposit,0,0.2482,Low risk,0.0
SW101392,P002,Online TA,TA/TO,0-7 days,No Deposit,0,0.1615,Low risk,0.0
SW101468,P002,Online TA,TA/TO,0-7 days,No Deposit,0,0.1615,Low risk,0.0
SW101499,P002,Direct,Direct,31-90 days,No Deposit,0,0.0997,Low risk,0.0
SW101511,P002,Online TA,TA/TO,31-90 days,No Deposit,0,0.285,Medium risk,0.0
SW101530,P002,Offline TA/TO,TA/TO,31-90 days,No Deposit,0,0.2761,Medium risk,0.0
SW101534,P002,Offline TA/TO,TA/TO,31-90 days,No Deposit,0,0.3842,Medium risk,0.0
SW101577,P002,Online TA,TA/TO,31-90 days,No Deposit,0,0.2806,Medium risk,0.0
SW101578,P002,Online TA,TA/TO,91-180 days,No Deposit,0,0.3058,Medium risk,0.0
SW101596,P002,Online TA,TA/TO,8-30 days,No Deposit,0,0.2482,Low risk,0.0
SW101649,P002,Online TA,TA/TO,31-90 days,No Deposit,0,0.285,Medium risk,0.0
SW101653,P002,Direct,Direct,8-30 days,No Deposit,0,0.1076,Low risk,0.0
SW101664,P002,Direct,Direct,31-90 days,No Deposit,0,0.1956,Low risk,0.0
SW101672,P002,Online TA,TA/TO,31-90 days,No Deposit,0,0.2806,Medium risk,0.0
SW101678,P002,Corporate,Corporate,0-7 days,No Deposit,0,0.1284,Low risk,0.0
SW101697,P002,Offline TA/TO,TA/TO,31-90 days,No Deposit,0,0.2213,Low risk,0.0
SW101712,P002,Online TA,TA/TO,31-90 days,No Deposit,0,0.285,Medium risk,0.0
SW101721,P002,Offline TA/TO,TA/TO,31-90 days,No Deposit,0,0.3842,Medium risk,0.0
SW101734,P002,Online TA,TA/TO,8-30 days,No Deposit,0,0.2482,Low risk,0.0
SW101735,P002,Online TA,TA/TO,8-30 days,No Deposit,0,0.2482,Low risk,0.0
SW101737,P002,Online TA,TA/TO,8-30 days,No Deposit,0,0.2442,Low risk,0.0
SW101742,P002,Online TA,TA/TO,91-180 days,No Deposit,0,0.3104,Medium risk,0.0
SW101822,P002,Online TA,TA/TO,31-90 days,No Deposit,0,0.2806,Medium risk,0.0
SW101932,P002,Online TA,TA/TO,31-90 days,No Deposit,0,0.285,Medium risk,0.0
SW101947,P002,Online TA,TA/TO,8-30 days,No Deposit,0,0.2482,Low risk,0.0
SW101977,P002,Online TA,TA/TO,8-30 days,No Deposit,0,0.3507,Medium risk,0.0
SW101991,P002,Online TA,TA/TO,8-30 days,No Deposit,0,0.2442,Low risk,0.0
SW102015,P002,Online TA,TA/TO,8-30 days,No Deposit,0,0.2482,Low risk,0.0
SW102030,P002,Offline TA/TO,TA/TO,31-90 days,No Deposit,0,0.2761,Medium risk,0.0
SW102042,P002,Online TA,TA/TO,31-90 days,No Deposit,0,0.285,Medium risk,0.0
SW102057,P002,Corporate,Corporate,0-7 days,No Deposit,0,0.1284,Low risk,0.0
SW102102,P002,Groups,Corporate,181+ days,No Deposit,0,0.4856,High risk,0.0
SW102121,P002,Online TA,TA/TO,0-7 days,No Deposit,0,0.1615,Low risk,0.0
SW102124,P002,Online TA,TA/TO,181+ days,No Deposit,0,0.3564,Medium risk,0.0
SW102128,P002,Groups,Corporate,181+ days,No Deposit,0,0.4856,High risk,0.0
SW102228,P002,Direct,TA/TO,8-30 days,No Deposit,0,0.1686,Low risk,0.0
SW102252,P002,Offline TA/TO,TA/TO,0-7 days,No Deposit,0,0.1834,Low risk,0.0
SW102271,P002,Online TA,TA/TO,31-90 days,No Deposit,0,0.2806,Medium risk,0.0
SW102334,P002,Direct,Direct,31-90 days,No Deposit,0,0.0997,Low risk,0.0
SW102347,P002,Online TA,TA/TO,0-7 days,No Deposit,0,0.2396,Low risk,0.0
SW102384,P002,Online TA,TA/TO,8-30 days,No Deposit,0,0.2482,Low risk,0.0
SW102398,P002,Online TA,TA/TO,31-90 days,No Deposit,0,0.285,Medium risk,0.0
SW102409,P002,Direct,Direct,8-30 days,No Deposit,0,0.1677,Low risk,0.0
SW102437,P002,Online TA,TA/TO,31-90 days,No Deposit,0,0.2806,Medium risk,0.0
SW102495,P002,Corporate,Corporate,0-7 days,No Deposit,0,0.081,Low risk,0.0
SW102549,P002,Direct,Direct,31-90 days,No Deposit,0,0.1534,Low risk,0.0
SW102582,P002,Direct,Direct,0-7 days,No Deposit,0,0.1052,Low risk,0.0
SW102586,P002,Online TA,TA/TO,31-90 days,No Deposit,0,0.2806,Medium risk,0.0
SW102617,P002,Online TA,TA/TO,91-180 days,No Deposit,0,0.4241,Medium risk,0.0
SW102628,P002,Online TA,TA/TO,91-180 days,No Deposit,0,0.3058,Medium risk,0.0
SW102660,P002,Offline TA/TO,TA/TO,31-90 days,No Deposit,0,0.3842,Medium risk,0.0
SW102677,P002,Online TA,TA/TO,0-7 days,No Deposit,0,0.1586,Low risk,0.0
SW102702,P002,Online TA,TA/TO,31-90 days,No Deposit,0,0.3947,Medium risk,0.0
SW102735,P002,Direct,Direct,91-180 days,No Deposit,0,0.2155,Low risk,0.0
SW102746,P002,Online TA,TA/TO,0-7 days,No Deposit,0,0.1615,Low risk,0.0
SW102747,P002,Online TA,TA/TO,8-30 days,No Deposit,0,0.2482,Low risk,0.0
SW102770,P002,Online TA,TA/TO,31-90 days,No Deposit,0,0.2806,Medium risk,0.0
SW102796,P002,Direct,Direct,0-7 days,No Deposit,0,0.1052,Low risk,0.0
SW102809,P002,Online TA,TA/TO,0-7 days,No Deposit,0,0.1615,Low risk,0.0
SW102810,P002,Online TA,TA/TO,8-30 days,No Deposit,0,0.2442,Low risk,0.0
SW102818,P002,Online TA,TA/TO,8-30 days,No Deposit,0,0.3507,Medium risk,0.0
SW102827,P002,Offline TA/TO,TA/TO,31-90 days,No Deposit,0,0.2213,Low risk,0.0
SW102842,P002,Online TA,TA/TO,0-7 days,No Deposit,0,0.1586,Low risk,0.0
SW102872,P002,Online TA,TA/TO,8-30 days,No Deposit,0,0.3507,Medium risk,0.0
SW102909,P002,Online TA,TA/TO,8-30 days,No Deposit,0,0.2442,Low risk,0.0
SW102983,P002,Online TA,TA/TO,31-90 days,No Deposit,0,0.285,Medium risk,0.0
SW102991,P002,Offline TA/TO,TA/TO,31-90 days,No Deposit,0,0.3842,Medium risk,0.0
SW102997,P002,Online TA,TA/TO,91-180 days,No Deposit,0,0.3058,Medium risk,0.0
SW103006,P002,Online TA,TA/TO,8-30 days,No Deposit,0,0.3507,Medium risk,0.0
SW103077,P002,Direct,Direct,0-7 days,No Deposit,0,0.1052,Low risk,0.0
SW103079,P002,Complementary,Direct,0-7 days,No Deposit,0,0.0629,Low risk,0.0
SW103090,P002,Online TA,TA/TO,0-7 days,No Deposit,0,0.2396,Low risk,0.0
SW103127,P002,Offline TA/TO,TA/TO,8-30 days,No Deposit,0,0.278,Medium risk,0.0
SW103151,P002,Online TA,TA/TO,8-30 days,No Deposit,0,0.3507,Medium risk,0.0
SW103203,P002,Online TA,TA/TO,8-30 days,No Deposit,0,0.2482,Low risk,0.0
SW103248,P002,Offline TA/TO,TA/TO,0-7 days,No Deposit,0,0.1834,Low risk,0.0
SW103263,P002,Online TA,TA/TO,31-90 days,No Deposit,0,0.285,Medium risk,0.0
SW103280,P002,Online TA,TA/TO,181+ days,No Deposit,0,0.4754,High risk,0.0
SW103301,P002,Direct,Direct,0-7 days,No Deposit,0,0.1052,Low risk,0.0
SW103325,P002,Corporate,Corporate,0-7 days,No Deposit,0,0.0826,Low risk,0.0
SW103342,P002,Offline TA/TO,TA/TO,31-90 days,No Deposit,0,0.3842,Medium risk,0.0
SW103353,P002,Online TA,TA/TO,0-7 days,No Deposit,0,0.1586,Low risk,0.0
SW103365,P002,Offline TA/TO,TA/TO,31-90 days,No Deposit,0,0.3842,Medium risk,0.0
SW103370,P002,Online TA,TA/TO,0-7 days,No Deposit,0,0.1586,Low risk,0.0
SW103426,P002,Online TA,TA/TO,31-90 days,No Deposit,0,0.2806,Medium risk,0.0
SW103446,P002,Online TA,TA/TO,31-90 days,No Deposit,0,0.285,Medium risk,0.0
SW103454,P002,Online TA,TA/TO,0-7 days,No Deposit,0,0.1615,Low risk,0.0
SW103545,P002,Online TA,TA/TO,31-90 days,No Deposit,0,0.2806,Medium risk,0.0
SW103548,P002,Online TA,TA/TO,0-7 days,No Deposit,0,0.1615,Low risk,0.0
SW103596,P002,Online TA,TA/TO,31-90 days,No Deposit,0,0.2806,Medium risk,0.0
SW103613,P002,Online TA,TA/TO,91-180 days,No Deposit,0,0.3058,Medium risk,0.0
SW103637,P002,Online TA,TA/TO,181+ days,No Deposit,0,0.3564,Medium risk,0.0
SW103642,P002,Online TA,TA/TO,91-180 days,No Deposit,0,0.3058,Medium risk,0.0
SW103644,P002,Offline TA/TO,TA/TO,8-30 days,No Deposit,0,0.3407,Medium risk,0.0
SW103648,P002,Direct,Direct,0-7 days,No Deposit,0,0.1052,Low risk,0.0
SW103689,P002,Offline TA/TO,TA/TO,91-180 days,No Deposit,0,0.4133,Medium risk,0.0
SW103693,P002,Online TA,TA/TO,181+ days,No Deposit,0,0.3515,Medium risk,0.0
SW103711,P002,Online TA,TA/TO,31-90 days,No Deposit,0,0.285,Medium risk,0.0
SW103728,P002,Online TA,TA/TO,31-90 days,No Deposit,0,0.1626,Low risk,0.0
SW103741,P002,Online TA,TA/TO,31-90 days,No Deposit,0,0.3947,Medium risk,0.0
SW103765,P002,Direct,Direct,8-30 days,No Deposit,0,0.1677,Low risk,0.0
SW103786,P002,Online TA,TA/TO,181+ days,No Deposit,0,0.3515,Medium risk,0.0
SW103818,P002,Online TA,TA/TO,8-30 days,No Deposit,0,0.2482,Low risk,0.0
SW103820,P002,Online TA,TA/TO,0-7 days,No Deposit,0,0.2396,Low risk,0.0
SW103861,P002,Offline TA/TO,TA/TO,31-90 days,No Deposit,0,0.3173,Medium risk,0.0
SW103878,P002,Offline TA/TO,TA/TO,0-7 days,No Deposit,0,0.1207,Low risk,0.0
SW103892,P002,Online TA,TA/TO,181+ days,No Deposit,0,0.3564,Medium risk,0.0
SW103932,P002,Direct,Direct,0-7 days,No Deposit,0,0.1052,Low risk,0.0
SW103953,P002,Groups,TA/TO,31-90 days,No Deposit,0,0.3106,Medium risk,0.0
SW104032,P002,Complementary,Direct,0-7 days,No Deposit,0,0.0629,Low risk,0.0
SW104037,P002,Offline TA/TO,TA/TO,181+ days,No Deposit,0,0.4644,High risk,0.0
SW104043,P002,Online TA,TA/TO,8-30 days,No Deposit,0,0.2482,Low risk,0.0
SW104058,P002,Online TA,TA/TO,31-90 days,No Deposit,0,0.2806,Medium risk,0.0
SW104150,P002,Online TA,TA/TO,8-30 days,No Deposit,0,0.2482,Low risk,0.0
SW104189,P002,Offline TA/TO,TA/TO,31-90 days,No Deposit,0,0.3842,Medium risk,0.0
SW104194,P002,Online TA,TA/TO,8-30 days,No Deposit,0,0.2482,Low risk,0.0
SW104200,P002,Direct,Direct,91-180 days,No Deposit,0,0.1411,Low risk,0.0
SW104209,P002,Online TA,TA/TO,8-30 days,No Deposit,0,0.2482,Low risk,0.0
SW104248,P002,Direct,Direct,0-7 days,No Deposit,0,0.067,Low risk,0.0
SW104256,P002,Online TA,TA/TO,8-30 days,No Deposit,0,0.2482,Low risk,0.0
SW104289,P002,Groups,TA/TO,31-90 days,No Deposit,0,0.306,Medium risk,0.0
SW104292,P002,Online TA,TA/TO,31-90 days,No Deposit,0,0.3947,Medium risk,0.0
SW104318,P002,Online TA,TA/TO,8-30 days,No Deposit,0,0.2442,Low risk,0.0
SW104330,P002,Online TA,TA/TO,91-180 days,No Deposit,0,0.3058,Medium risk,0.0
SW104335,P002,Online TA,TA/TO,8-30 days,No Deposit,0,0.2442,Low risk,0.0
SW104337,P002,Online TA,TA/TO,8-30 days,No Deposit,0,0.3507,Medium risk,0.0
SW104350,P002,Corporate,Corporate,0-7 days,No Deposit,0,0.1284,Low risk,0.0
SW104353,P002,Online TA,TA/TO,0-7 days,No Deposit,0,0.1615,Low risk,0.0
SW104364,P002,Groups,TA/TO,0-7 days,No Deposit,0,0.2626,Medium risk,0.0
SW104377,P002,Online TA,TA/TO,91-180 days,No Deposit,0,0.3104,Medium risk,0.0
SW104433,P002,Groups,TA/TO,31-90 days,No Deposit,0,0.4243,Medium risk,0.0
SW104503,P002,Direct,Direct,8-30 days,No Deposit,0,0.1677,Low risk,0.0
SW104555,P002,Online TA,TA/TO,8-30 days,No Deposit,0,0.2442,Low risk,0.0
SW104564,P002,Direct,Direct,0-7 days,No Deposit,0,0.067,Low risk,0.0
SW104574,P002,Online TA,TA/TO,8-30 days,No Deposit,0,0.2482,Low risk,0.0
SW104603,P002,Groups,TA/TO,31-90 days,No Deposit,0,0.4243,Medium risk,0.0
SW104615,P002,Groups,TA/TO,31-90 days,No Deposit,0,0.4243,Medium risk,0.0
SW104663,P002,Corporate,Corporate,8-30 days,No Deposit,0,0.2016,Low risk,0.0
SW104709,P002,Groups,TA/TO,8-30 days,No Deposit,0,0.3791,Medium risk,0.0
SW104768,P002,Online TA,TA/TO,0-7 days,No Deposit,0,0.2396,Low risk,0.0
SW104772,P002,Online TA,TA/TO,91-180 days,No Deposit,0,0.3058,Medium risk,0.0
SW104793,P002,Online TA,TA/TO,0-7 days,No Deposit,0,0.1615,Low risk,0.0
SW104841,P002,Direct,Direct,0-7 days,No Deposit,0,0.1052,Low risk,0.0
SW104843,P002,Online TA,TA/TO,31-90 days,No Deposit,0,0.285,Medium risk,0.0
SW104865,P002,Online TA,TA/TO,0-7 days,No Deposit,0,0.1615,Low risk,0.0
SW104936,P002,Offline TA/TO,TA/TO,0-7 days,No Deposit,0,0.2316,Low risk,0.0
SW104938,P002,Direct,Direct,0-7 days,No Deposit,0,0.1052,Low risk,0.0
SW104965,P002,Groups,TA/TO,31-90 days,No Deposit,0,0.4243,Medium risk,0.0
SW105002,P002,Online TA,TA/TO,31-90 days,No Deposit,0,0.285,Medium risk,0.0
SW105009,P002,Online TA,TA/TO,31-90 days,No Deposit,0,0.2806,Medium risk,0.0
SW105023,P002,Online TA,TA/TO,0-7 days,No Deposit,0,0.2396,Low risk,0.0
SW105031,P002,Online TA,TA/TO,8-30 days,No Deposit,0,0.2442,Low risk,0.0
SW105044,P002,Offline TA/TO,TA/TO,8-30 days,No Deposit,0,0.3407,Medium risk,0.0
SW105111,P002,Online TA,TA/TO,181+ days,No Deposit,0,0.3515,Medium risk,0.0
SW105120,P002,Online TA,TA/TO,31-90 days,No Deposit,0,0.2806,Medium risk,0.0
SW105151,P002,Offline TA/TO,TA/TO,0-7 days,No Deposit,0,0.0824,Low risk,0.0
SW105227,P002,Direct,Direct,0-7 days,No Deposit,0,0.1052,Low risk,0.0
SW105266,P002,Online TA,TA/TO,8-30 days,No Deposit,0,0.2482,Low risk,0.0
SW105337,P002,Online TA,TA/TO,0-7 days,No Deposit,0,0.2396,Low risk,0.0
SW105338,P002,Online TA,TA/TO,0-7 days,No Deposit,0,0.0858,Low risk,0.0
SW105370,P002,Direct,Direct,8-30 days,No Deposit,0,0.1677,Low risk,0.0
SW105378,P002,Online TA,TA/TO,8-30 days,No Deposit,0,0.2482,Low risk,0.0
SW105392,P002,Online TA,TA/TO,91-180 days,No Deposit,0,0.3104,Medium risk,0.0
SW105397,P002,Online TA,TA/TO,8-30 days,No Deposit,0,0.3507,Medium risk,0.0
SW105413,P002,Online TA,TA/TO,181+ days,No Deposit,0,0.3564,Medium risk,0.0
SW105427,P002,Online TA,TA/TO,8-30 days,No Deposit,0,0.3507,Medium risk,0.0
SW105459,P002,Groups,TA/TO,8-30 days,No Deposit,0,0.2718,Medium risk,0.0
SW105463,P002,Offline TA/TO,TA/TO,8-30 days,No Deposit,0,0.3407,Medium risk,0.0
SW105465,P002,Offline TA/TO,TA/TO,8-30 days,No Deposit,0,0.3407,Medium risk,0.0
SW105468,P002,Online TA,TA/TO,8-30 days,No Deposit,0,0.3507,Medium risk,0.0
SW105473,P002,Online TA,TA/TO,0-7 days,No Deposit,0,0.2396,Low risk,0.0
SW105519,P002,Online TA,TA/TO,8-30 days,No Deposit,0,0.3507,Medium risk,0.0
SW105571,P002,Groups,TA/TO,8-30 days,No Deposit,0,0.3791,Medium risk,0.0
SW105583,P002,Groups,TA/TO,8-30 days,No Deposit,0,0.3791,Medium risk,0.0
SW105615,P002,Online TA,TA/TO,0-7 days,No Deposit,0,0.2396,Low risk,0.0
SW105621,P002,Online TA,TA/TO,8-30 days,No Deposit,0,0.3507,Medium risk,0.0
SW105639,P002,Online TA,TA/TO,8-30 days,No Deposit,0,0.3507,Medium risk,0.0
SW105667,P002,Online TA,TA/TO,0-7 days,No Deposit,0,0.2396,Low risk,0.0
SW105671,P002,Offline TA/TO,TA/TO,8-30 days,No Deposit,0,0.3407,Medium risk,0.0
SW105709,P002,Online TA,TA/TO,8-30 days,No Deposit,0,0.3507,Medium risk,0.0
SW105711,P002,Offline TA/TO,TA/TO,8-30 days,No Deposit,0,0.3407,Medium risk,0.0
SW105718,P002,Online TA,TA/TO,0-7 days,No Deposit,0,0.2396,Low risk,0.0
SW105746,P002,Online TA,TA/TO,0-7 days,No Deposit,0,0.1586,Low risk,0.0
SW105765,P002,Direct,Direct,8-30 days,No Deposit,0,0.1076,Low risk,0.0
SW105789,P002,Offline TA/TO,TA/TO,8-30 days,No Deposit,0,0.3407,Medium risk,0.0
SW105790,P002,Online TA,TA/TO,0-7 days,No Deposit,0,0.1615,Low risk,0.0
SW105792,P002,Online TA,TA/TO,0-7 days,No Deposit,0,0.2396,Low risk,0.0
SW105805,P002,Offline TA/TO,TA/TO,0-7 days,No Deposit,0,0.2316,Low risk,0.0
SW105821,P002,Online TA,TA/TO,31-90 days,No Deposit,0,0.285,Medium risk,0.0
SW105841,P002,Online TA,TA/TO,8-30 days,No Deposit,0,0.2442,Low risk,0.0
SW105854,P002,Online TA,TA/TO,8-30 days,No Deposit,0,0.3507,Medium risk,0.0
SW105910,P002,Complementary,Direct,0-7 days,No Deposit,1,0.0629,Low risk,0.0
SW105915,P002,Offline TA/TO,TA/TO,31-90 days,No Deposit,0,0.2718,Medium risk,0.0
SW105933,P002,Online TA,TA/TO,0-7 days,No Deposit,0,0.1615,Low risk,0.0
SW105988,P002,Groups,TA/TO,31-90 days,No Deposit,0,0.4243,Medium risk,0.0
SW105997,P002,Groups,TA/TO,31-90 days,No Deposit,0,0.4243,Medium risk,0.0
SW106002,P002,Groups,TA/TO,91-180 days,No Deposit,0,0.4543,High risk,0.0
SW106013,P002,Online TA,TA/TO,31-90 days,No Deposit,0,0.3947,Medium risk,0.0
SW106043,P002,Direct,Direct,31-90 days,No Deposit,0,0.127,Low risk,0.0
SW106094,P002,Online TA,TA/TO,8-30 days,No Deposit,0,0.2442,Low risk,0.0
SW106100,P002,Online TA,TA/TO,31-90 days,No Deposit,0,0.3947,Medium risk,0.0
SW106145,P002,Online TA,TA/TO,181+ days,No Deposit,0,0.3564,Medium risk,0.0
SW106193,P002,Online TA,TA/TO,8-30 days,No Deposit,0,0.2482,Low risk,0.0
SW106236,P002,Online TA,TA/TO,8-30 days,No Deposit,0,0.2442,Low risk,0.0
SW106261,P002,Online TA,TA/TO,31-90 days,No Deposit,0,0.3947,Medium risk,0.0
SW106267,P002,Groups,TA/TO,31-90 days,No Deposit,0,0.306,Medium risk,0.0
SW106270,P002,Online TA,TA/TO,0-7 days,No Deposit,0,0.1615,Low risk,0.0
SW106296,P002,Groups,TA/TO,31-90 days,No Deposit,0,0.3106,Medium risk,0.0
SW106319,P002,Groups,TA/TO,31-90 days,No Deposit,0,0.3106,Medium risk,0.0
SW106353,P002,Groups,TA/TO,31-90 days,No Deposit,0,0.3106,Medium risk,0.0
SW106365,P002,Groups,TA/TO,31-90 days,No Deposit,0,0.3106,Medium risk,0.0
SW106401,P002,Online TA,TA/TO,0-7 days,No Deposit,0,0.1586,Low risk,0.0
SW106416,P002,Direct,Direct,0-7 days,No Deposit,0,0.1052,Low risk,0.0
SW106470,P002,Groups,TA/TO,91-180 days,No Deposit,0,0.4543,High risk,0.0
SW106569,P002,Offline TA/TO,TA/TO,0-7 days,No Deposit,0,0.1556,Low risk,0.0
SW106583,P002,Online TA,TA/TO,8-30 days,No Deposit,0,0.2482,Low risk,0.0
SW106586,P002,Online TA,TA/TO,181+ days,No Deposit,0,0.4754,High risk,0.0
SW106610,P002,Online TA,TA/TO,181+ days,No Deposit,0,0.3564,Medium risk,0.0
SW106625,P002,Online TA,TA/TO,8-30 days,No Deposit,0,0.2482,Low risk,0.0
SW106629,P002,Direct,Direct,0-7 days,No Deposit,0,0.1052,Low risk,0.0
SW106631,P002,Online TA,TA/TO,8-30 days,No Deposit,0,0.3507,Medium risk,0.0
SW106636,P002,Groups,TA/TO,8-30 days,No Deposit,0,0.2718,Medium risk,0.0
SW106659,P002,Groups,TA/TO,8-30 days,No Deposit,0,0.3791,Medium risk,0.0
SW106725,P002,Online TA,TA/TO,0-7 days,No Deposit,0,0.1615,Low risk,0.0
SW106825,P002,Online TA,TA/TO,0-7 days,No Deposit,0,0.1615,Low risk,0.0
SW106829,P002,Online TA,TA/TO,31-90 days,No Deposit,0,0.3947,Medium risk,0.0
SW106848,P002,Online TA,TA/TO,8-30 days,No Deposit,0,0.3507,Medium risk,0.0
SW106852,P002,Online TA,TA/TO,181+ days,No Deposit,0,0.3564,Medium risk,0.0
SW106877,P002,Offline TA/TO,TA/TO,31-90 days,No Deposit,0,0.3842,Medium risk,0.0
SW106887,P002,Online TA,TA/TO,8-30 days,No Deposit,0,0.3507,Medium risk,0.0
SW106922,P002,Offline TA/TO,TA/TO,31-90 days,No Deposit,0,0.3842,Medium risk,0.0
SW106927,P002,Offline TA/TO,TA/TO,8-30 days,No Deposit,0,0.3018,Medium risk,0.0
SW106958,P002,Online TA,TA/TO,31-90 days,No Deposit,0,0.2806,Medium risk,0.0
SW107015,P002,Direct,Direct,8-30 days,No Deposit,0,0.1076,Low risk,0.0
SW107020,P002,Online TA,TA/TO,0-7 days,No Deposit,0,0.2396,Low risk,0.0
SW107032,P002,Online TA,TA/TO,91-180 days,No Deposit,0,0.3058,Medium risk,0.0
SW107047,P002,Online TA,TA/TO,0-7 days,No Deposit,0,0.2396,Low risk,0.0
SW107051,P002,Online TA,TA/TO,8-30 days,No Deposit,0,0.3507,Medium risk,0.0
SW107072,P002,Direct,Direct,8-30 days,No Deposit,0,0.1097,Low risk,0.0
SW107100,P002,Groups,TA/TO,91-180 days,No Deposit,0,0.3372,Medium risk,0.0
SW107101,P002,Groups,TA/TO,91-180 days,No Deposit,0,0.3324,Medium risk,0.0
SW107217,P002,Online TA,TA/TO,8-30 days,No Deposit,0,0.3507,Medium risk,0.0
SW107267,P002,Online TA,TA/TO,8-30 days,No Deposit,0,0.3507,Medium risk,0.0
SW107268,P002,Online TA,TA/TO,91-180 days,No Deposit,0,0.3104,Medium risk,0.0
SW107273,P002,Online TA,TA/TO,8-30 days,No Deposit,0,0.3507,Medium risk,0.0
SW107342,P002,Direct,Direct,91-180 days,No Deposit,0,0.2155,Low risk,0.0
SW107344,P002,Online TA,TA/TO,31-90 days,No Deposit,0,0.285,Medium risk,0.0
SW107388,P002,Offline TA/TO,TA/TO,31-90 days,No Deposit,0,0.2761,Medium risk,0.0
SW107475,P002,Online TA,TA/TO,31-90 days,No Deposit,0,0.285,Medium risk,0.0
SW107550,P002,Online TA,TA/TO,91-180 days,No Deposit,0,0.4241,Medium risk,0.0
SW107552,P002,Corporate,Corporate,0-7 days,No Deposit,0,0.1284,Low risk,0.0
SW107570,P002,Online TA,TA/TO,0-7 days,No Deposit,0,0.2396,Low risk,0.0
SW107578,P002,Groups,TA/TO,8-30 days,No Deposit,0,0.3791,Medium risk,0.0
SW107598,P002,Groups,TA/TO,8-30 days,No Deposit,0,0.3791,Medium risk,0.0
SW107666,P002,Online TA,TA/TO,181+ days,No Deposit,0,0.3564,Medium risk,0.0
SW107688,P002,Online TA,TA/TO,8-30 days,No Deposit,0,0.2442,Low risk,0.0
SW107697,P002,Online TA,TA/TO,31-90 days,No Deposit,0,0.3947,Medium risk,0.0
SW107716,P002,Online TA,TA/TO,31-90 days,No Deposit,0,0.2806,Medium risk,0.0
SW107757,P002,Online TA,TA/TO,31-90 days,No Deposit,0,0.285,Medium risk,0.0
SW107785,P002,Offline TA/TO,TA/TO,31-90 days,No Deposit,0,0.3842,Medium risk,0.0
SW107786,P002,Offline TA/TO,TA/TO,31-90 days,No Deposit,0,0.3842,Medium risk,0.0
SW107796,P002,Corporate,TA/TO,181+ days,No Deposit,0,0.2193,Low risk,0.0
SW107808,P002,Online TA,TA/TO,31-90 days,No Deposit,0,0.3947,Medium risk,0.0
SW107822,P002,Online TA,TA/TO,31-90 days,No Deposit,0,0.285,Medium risk,0.0
SW107910,P002,Online TA,TA/TO,8-30 days,No Deposit,0,0.2482,Low risk,0.0
SW107917,P002,Online TA,TA/TO,91-180 days,No Deposit,0,0.3104,Medium risk,0.0
SW107920,P002,Online TA,TA/TO,31-90 days,No Deposit,0,0.2806,Medium risk,0.0
SW107943,P002,Online TA,TA/TO,0-7 days,No Deposit,0,0.2396,Low risk,0.0
SW107985,P002,Corporate,Corporate,31-90 days,No Deposit,0,0.5643,High risk,0.0
SW108029,P002,Offline TA/TO,TA/TO,31-90 days,No Deposit,0,0.3173,Medium risk,0.0
SW108035,P002,Groups,TA/TO,91-180 days,No Deposit,0,0.3372,Medium risk,0.0
SW108094,P002,Online TA,TA/TO,91-180 days,No Deposit,0,0.3058,Medium risk,0.0
SW108115,P002,Direct,Direct,91-180 days,No Deposit,0,0.1411,Low risk,0.0
SW108125,P002,Online TA,TA/TO,8-30 days,No Deposit,0,0.3507,Medium risk,0.0
SW108166,P002,Online TA,TA/TO,31-90 days,No Deposit,0,0.3947,Medium risk,0.0
SW108176,P002,Online TA,TA/TO,0-7 days,No Deposit,0,0.1586,Low risk,0.0
SW108214,P002,Online TA,TA/TO,8-30 days,No Deposit,0,0.3507,Medium risk,0.0
SW108231,P002,Online TA,TA/TO,8-30 days,No Deposit,0,0.2442,Low risk,0.0
SW108266,P002,Online TA,TA/TO,91-180 days,No Deposit,0,0.4241,Medium risk,0.0
SW108349,P002,Groups,TA/TO,91-180 days,No Deposit,0,0.4543,High risk,0.0
SW108396,P002,Online TA,TA/TO,31-90 days,No Deposit,0,0.285,Medium risk,0.0
SW108452,P002,Direct,Direct,8-30 days,No Deposit,0,0.1677,Low risk,0.0
SW108522,P002,Groups,TA/TO,91-180 days,No Deposit,0,0.3372,Medium risk,0.0
SW108536,P002,Groups,TA/TO,91-180 days,No Deposit,0,0.3372,Medium risk,0.0
SW108566,P002,Offline TA/TO,TA/TO,31-90 days,No Deposit,0,0.2761,Medium risk,0.0
SW108573,P002,Online TA,TA/TO,91-180 days,No Deposit,0,0.3104,Medium risk,0.0
SW108591,P002,Direct,Direct,31-90 days,No Deposit,0,0.127,Low risk,0.0
SW108621,P002,Direct,Direct,0-7 days,No Deposit,0,0.1052,Low risk,0.0
SW108630,P002,Online TA,TA/TO,31-90 days,No Deposit,0,0.3947,Medium risk,0.0
SW108654,P002,Direct,Direct,0-7 days,No Deposit,0,0.1052,Low risk,0.0
SW108666,P002,Online TA,TA/TO,91-180 days,No Deposit,0,0.3058,Medium risk,0.0
SW108705,P002,Corporate,Corporate,31-90 days,No Deposit,0,0.157,Low risk,0.0
SW108712,P002,Offline TA/TO,TA/TO,91-180 days,No Deposit,0,0.4133,Medium risk,0.0
SW108720,P002,Online TA,TA/TO,91-180 days,No Deposit,0,0.3058,Medium risk,0.0
SW108759,P002,Aviation,Corporate,0-7 days,No Deposit,0,0.1425,Low risk,0.0
SW108766,P002,Online TA,TA/TO,181+ days,No Deposit,0,0.4754,High risk,0.0
SW108795,P002,Complementary,Direct,0-7 days,No Deposit,0,0.0641,Low risk,0.0
SW108800,P002,Online TA,TA/TO,31-90 days,No Deposit,0,0.2806,Medium risk,0.0
SW108841,P002,Online TA,TA/TO,31-90 days,No Deposit,0,0.285,Medium risk,0.0
SW108852,P002,Offline TA/TO,TA/TO,31-90 days,No Deposit,0,0.3842,Medium risk,0.0
SW108865,P002,Online TA,TA/TO,31-90 days,No Deposit,0,0.285,Medium risk,0.0
SW108886,P002,Online TA,TA/TO,31-90 days,No Deposit,0,0.285,Medium risk,0.0
SW108927,P002,Online TA,TA/TO,31-90 days,No Deposit,0,0.2806,Medium risk,0.0
SW108936,P002,Online TA,TA/TO,8-30 days,No Deposit,0,0.3507,Medium risk,0.0
SW108958,P002,Online TA,TA/TO,31-90 days,No Deposit,0,0.285,Medium risk,0.0
SW108963,P002,Offline TA/TO,TA/TO,31-90 days,No Deposit,0,0.3842,Medium risk,0.0
SW108967,P002,Corporate,Corporate,0-7 days,No Deposit,0,0.0826,Low risk,0.0
SW108973,P002,Online TA,TA/TO,91-180 days,No Deposit,0,0.3104,Medium risk,0.0
SW109009,P002,Groups,TA/TO,91-180 days,No Deposit,0,0.3372,Medium risk,0.0
SW109013,P002,Groups,TA/TO,91-180 days,No Deposit,0,0.4543,High risk,0.0
SW109023,P002,Groups,TA/TO,31-90 days,No Deposit,0,0.3106,Medium risk,0.0
SW109039,P002,Direct,Direct,0-7 days,No Deposit,0,0.1052,Low risk,0.0
SW109042,P002,Online TA,TA/TO,0-7 days,No Deposit,0,0.1586,Low risk,0.0
SW109056,P002,Online TA,TA/TO,91-180 days,No Deposit,0,0.3058,Medium risk,0.0
SW109071,P002,Online TA,TA/TO,91-180 days,No Deposit,0,0.3058,Medium risk,0.0
SW109135,P002,Online TA,TA/TO,91-180 days,No Deposit,0,0.3058,Medium risk,0.0
SW109162,P002,Direct,Direct,0-7 days,No Deposit,0,0.1052,Low risk,0.0
SW109169,P002,Offline TA/TO,TA/TO,31-90 days,No Deposit,0,0.3842,Medium risk,0.0
SW109230,P002,Direct,Direct,8-30 days,No Deposit,0,0.1076,Low risk,0.0
SW109231,P002,Offline TA/TO,TA/TO,31-90 days,No Deposit,0,0.3173,Medium risk,0.0
SW109274,P002,Online TA,TA/TO,31-90 days,No Deposit,0,0.2806,Medium risk,0.0
SW109279,P002,Offline TA/TO,TA/TO,31-90 days,No Deposit,0,0.3173,Medium risk,0.0
SW109281,P002,Direct,Direct,91-180 days,No Deposit,0,0.2155,Low risk,0.0
SW109329,P002,Online TA,TA/TO,181+ days,No Deposit,0,0.3515,Medium risk,0.0
SW109384,P002,Online TA,TA/TO,0-7 days,No Deposit,0,0.1615,Low risk,0.0
SW109393,P002,Online TA,TA/TO,31-90 days,No Deposit,0,0.3947,Medium risk,0.0
SW109400,P002,Groups,TA/TO,181+ days,No Deposit,0,0.385,Medium risk,0.0
SW109409,P002,Online TA,TA/TO,8-30 days,No Deposit,0,0.3507,Medium risk,0.0
SW109422,P002,Online TA,TA/TO,181+ days,No Deposit,0,0.3564,Medium risk,0.0
SW109434,P002,Direct,Direct,31-90 days,No Deposit,0,0.127,Low risk,0.0
SW109441,P002,Direct,Direct,91-180 days,No Deposit,0,0.1438,Low risk,0.0
SW109460,P002,Offline TA/TO,TA/TO,91-180 days,No Deposit,0,0.4133,Medium risk,0.0
SW109461,P002,Online TA,TA/TO,31-90 days,No Deposit,0,0.285,Medium risk,0.0
SW109541,P002,Online TA,TA/TO,31-90 days,No Deposit,0,0.285,Medium risk,0.0
SW109571,P002,Online TA,TA/TO,91-180 days,No Deposit,0,0.3104,Medium risk,0.0
SW109580,P002,Online TA,TA/TO,91-180 days,No Deposit,0,0.3104,Medium risk,0.0
SW109603,P002,Online TA,TA/TO,31-90 days,No Deposit,0,0.2806,Medium risk,0.0
SW109667,P002,Direct,Direct,0-7 days,No Deposit,0,0.067,Low risk,0.0
SW109669,P002,Offline TA/TO,TA/TO,31-90 days,No Deposit,0,0.2761,Medium risk,0.0
SW109757,P002,Online TA,TA/TO,181+ days,No Deposit,0,0.3564,Medium risk,0.0
SW109770,P002,Offline TA/TO,TA/TO,181+ days,No Deposit,0,0.3925,Medium risk,0.0
SW109787,P002,Online TA,TA/TO,8-30 days,No Deposit,0,0.2442,Low risk,0.0
SW109883,P002,Online TA,TA/TO,31-90 days,No Deposit,0,0.3947,Medium risk,0.0
SW109927,P002,Online TA,TA/TO,31-90 days,No Deposit,0,0.285,Medium risk,0.0
SW109966,P002,Online TA,TA/TO,31-90 days,No Deposit,0,0.2806,Medium risk,0.0
SW109979,P002,Online TA,TA/TO,91-180 days,No Deposit,0,0.3104,Medium risk,0.0
SW109993,P002,Online TA,TA/TO,8-30 days,No Deposit,0,0.2482,Low risk,0.0
SW110000,P002,Direct,Direct,31-90 days,No Deposit,0,0.1294,Low risk,0.0
SW110045,P002,Online TA,TA/TO,91-180 days,No Deposit,0,0.3104,Medium risk,0.0
SW110066,P002,Online TA,TA/TO,181+ days,No Deposit,0,0.3564,Medium risk,0.0
SW110083,P002,Online TA,TA/TO,91-180 days,No Deposit,0,0.2471,Low risk,0.0
SW110087,P002,Direct,Direct,91-180 days,No Deposit,0,0.1438,Low risk,0.0
SW110167,P002,Offline TA/TO,TA/TO,91-180 days,No Deposit,0,0.3442,Medium risk,0.0
SW110254,P002,Online TA,TA/TO,91-180 days,No Deposit,0,0.3058,Medium risk,0.0
SW110285,P002,Direct,Direct,8-30 days,No Deposit,0,0.1076,Low risk,0.0
SW110312,P002,Online TA,TA/TO,31-90 days,No Deposit,0,0.3947,Medium risk,0.0
SW110320,P002,Direct,Direct,91-180 days,No Deposit,0,0.1112,Low risk,0.0
SW110361,P002,Online TA,TA/TO,31-90 days,No Deposit,0,0.285,Medium risk,0.0
SW110433,P002,Online TA,TA/TO,91-180 days,No Deposit,0,0.3058,Medium risk,0.0
SW110435,P002,Corporate,Corporate,8-30 days,No Deposit,0,0.2016,Low risk,0.0
SW110442,P002,Corporate,Corporate,0-7 days,No Deposit,0,0.1284,Low risk,0.0
SW110474,P002,Online TA,TA/TO,91-180 days,No Deposit,0,0.4241,Medium risk,0.0
SW110475,P002,Groups,TA/TO,91-180 days,No Deposit,0,0.4543,High risk,0.0
SW110567,P002,Offline TA/TO,TA/TO,91-180 days,No Deposit,0,0.4133,Medium risk,0.0
SW110581,P002,Direct,Direct,8-30 days,No Deposit,0,0.1076,Low risk,0.0
SW110681,P002,Online TA,TA/TO,91-180 days,No Deposit,0,0.4241,Medium risk,0.0
SW110689,P002,Online TA,TA/TO,0-7 days,No Deposit,0,0.1586,Low risk,0.0
SW110736,P002,Online TA,TA/TO,8-30 days,No Deposit,0,0.2482,Low risk,0.0
SW110762,P002,Online TA,TA/TO,8-30 days,No Deposit,0,0.2482,Low risk,0.0
SW110777,P002,Direct,Direct,91-180 days,No Deposit,0,0.1438,Low risk,0.0
SW110796,P002,Online TA,TA/TO,8-30 days,No Deposit,0,0.2442,Low risk,0.0
SW110800,P002,Online TA,TA/TO,91-180 days,No Deposit,0,0.4241,Medium risk,0.0
SW110805,P002,Online TA,TA/TO,91-180 days,No Deposit,0,0.3058,Medium risk,0.0
SW110822,P002,Offline TA/TO,TA/TO,91-180 days,No Deposit,0,0.2429,Low risk,0.0
SW110824,P002,Offline TA/TO,TA/TO,91-180 days,No Deposit,0,0.2429,Low risk,0.0
SW110825,P002,Offline TA/TO,TA/TO,91-180 days,No Deposit,0,0.2429,Low risk,0.0
SW110854,P002,Online TA,TA/TO,91-180 days,No Deposit,0,0.3104,Medium risk,0.0
SW110873,P002,Corporate,Corporate,0-7 days,No Deposit,0,0.1284,Low risk,0.0
SW110879,P002,Online TA,TA/TO,91-180 days,No Deposit,0,0.4241,Medium risk,0.0
SW110901,P002,Offline TA/TO,GDS,0-7 days,No Deposit,0,0.111,Low risk,0.0
SW110949,P002,Offline TA/TO,TA/TO,91-180 days,No Deposit,0,0.4133,Medium risk,0.0
SW110979,P002,Online TA,TA/TO,31-90 days,No Deposit,0,0.285,Medium risk,0.0
SW111028,P002,Complementary,Direct,0-7 days,No Deposit,0,0.1008,Low risk,0.0
SW111036,P002,Online TA,TA/TO,8-30 days,No Deposit,0,0.2442,Low risk,0.0
SW111040,P002,Direct,Direct,8-30 days,No Deposit,0,0.1677,Low risk,0.0
SW111041,P002,Online TA,TA/TO,31-90 days,No Deposit,0,0.285,Medium risk,0.0
SW111055,P002,Online TA,TA/TO,8-30 days,No Deposit,0,0.2482,Low risk,0.0
SW111058,P002,Online TA,TA/TO,31-90 days,No Deposit,0,0.3947,Medium risk,0.0
SW111083,P002,Offline TA/TO,TA/TO,181+ days,No Deposit,0,0.3925,Medium risk,0.0
SW111122,P002,Online TA,TA/TO,8-30 days,No Deposit,0,0.2482,Low risk,0.0
SW111132,P002,Direct,Direct,31-90 days,No Deposit,0,0.1294,Low risk,0.0
SW111135,P002,Online TA,TA/TO,0-7 days,No Deposit,0,0.1615,Low risk,0.0
SW111152,P002,Direct,Direct,31-90 days,No Deposit,0,0.1956,Low risk,0.0
SW111154,P002,Online TA,TA/TO,91-180 days,No Deposit,0,0.4241,Medium risk,0.0
SW111194,P002,Online TA,TA/TO,181+ days,No Deposit,0,0.3564,Medium risk,0.0
SW111199,P002,Online TA,TA/TO,8-30 days,No Deposit,0,0.2442,Low risk,0.0
SW111237,P002,Online TA,TA/TO,181+ days,No Deposit,0,0.2921,Medium risk,0.0
SW111241,P002,Online TA,TA/TO,91-180 days,No Deposit,0,0.3104,Medium risk,0.0
SW111281,P002,Online TA,TA/TO,181+ days,No Deposit,0,0.3515,Medium risk,0.0
SW111304,P002,Online TA,TA/TO,31-90 days,No Deposit,0,0.285,Medium risk,0.0
SW111325,P002,Online TA,TA/TO,91-180 days,No Deposit,0,0.4241,Medium risk,0.0
SW111339,P002,Offline TA/TO,TA/TO,91-180 days,No Deposit,0,0.301,Medium risk,0.0
SW111356,P002,Corporate,Corporate,0-7 days,No Deposit,1,0.1284,Low risk,65.0
SW111377,P002,Online TA,TA/TO,0-7 days,No Deposit,0,0.2396,Low risk,0.0
SW111426,P002,Offline TA/TO,TA/TO,8-30 days,No Deposit,0,0.1359,Low risk,0.0
SW111450,P002,Online TA,TA/TO,91-180 days,No Deposit,0,0.3104,Medium risk,0.0
SW111455,P002,Direct,Direct,91-180 days,No Deposit,0,0.2155,Low risk,0.0
SW111468,P002,Online TA,TA/TO,181+ days,No Deposit,0,0.3564,Medium risk,0.0
SW111531,P002,Online TA,TA/TO,91-180 days,No Deposit,0,0.4241,Medium risk,0.0
SW111537,P002,Offline TA/TO,TA/TO,91-180 days,No Deposit,0,0.4133,Medium risk,0.0
SW111551,P002,Online TA,TA/TO,8-30 days,No Deposit,0,0.287,Medium risk,0.0
SW111565,P002,Online TA,TA/TO,181+ days,No Deposit,0,0.3515,Medium risk,0.0
SW111588,P002,Online TA,TA/TO,31-90 days,No Deposit,0,0.3947,Medium risk,0.0
SW111590,P002,Online TA,TA/TO,31-90 days,No Deposit,0,0.3947,Medium risk,0.0
SW111617,P002,Offline TA/TO,TA/TO,91-180 days,No Deposit,0,0.2965,Medium risk,0.0
SW111636,P002,Direct,Direct,91-180 days,No Deposit,0,0.2155,Low risk,0.0
SW111643,P002,Offline TA/TO,TA/TO,91-180 days,No Deposit,0,0.4133,Medium risk,0.0
SW111719,P002,Online TA,TA/TO,91-180 days,No Deposit,0,0.3543,Medium risk,0.0
SW111729,P002,Online TA,TA/TO,181+ days,No Deposit,0,0.2921,Medium risk,0.0
SW111737,P002,Offline TA/TO,TA/TO,31-90 days,No Deposit,0,0.2761,Medium risk,0.0
SW111768,P002,Online TA,TA/TO,181+ days,No Deposit,0,0.3564,Medium risk,0.0
SW111778,P002,Online TA,TA/TO,31-90 days,No Deposit,0,0.3947,Medium risk,0.0
SW111782,P002,Online TA,TA/TO,181+ days,No Deposit,0,0.3564,Medium risk,0.0
SW111793,P002,Online TA,TA/TO,91-180 days,No Deposit,0,0.4241,Medium risk,0.0
SW111849,P002,Groups,Corporate,0-7 days,No Deposit,0,0.1965,Low risk,0.0
SW111864,P002,Online TA,TA/TO,31-90 days,No Deposit,0,0.3947,Medium risk,0.0
SW111990,P002,Groups,Corporate,31-90 days,No Deposit,0,0.3361,Medium risk,0.0
SW112000,P002,Groups,Corporate,31-90 days,No Deposit,0,0.3361,Medium risk,0.0
SW112106,P002,Online TA,TA/TO,91-180 days,No Deposit,0,0.4241,Medium risk,0.0
SW112109,P002,Online TA,TA/TO,31-90 days,No Deposit,0,0.3947,Medium risk,0.0
SW112126,P002,Offline TA/TO,TA/TO,91-180 days,No Deposit,0,0.301,Medium risk,0.0
SW112194,P002,Online TA,TA/TO,31-90 days,No Deposit,0,0.2806,Medium risk,0.0
SW112200,P002,Online TA,TA/TO,91-180 days,No Deposit,0,0.3104,Medium risk,0.0
SW112217,P002,Online TA,TA/TO,8-30 days,No Deposit,0,0.2442,Low risk,0.0
SW112294,P002,Online TA,TA/TO,31-90 days,No Deposit,0,0.285,Medium risk,0.0
SW112393,P002,Direct,Direct,8-30 days,No Deposit,0,0.0824,Low risk,0.0
SW112400,P002,Online TA,TA/TO,8-30 days,No Deposit,0,0.3507,Medium risk,0.0
SW112415,P002,Offline TA/TO,TA/TO,31-90 days,No Deposit,0,0.2718,Medium risk,0.0
SW112425,P002,Direct,Direct,8-30 days,No Deposit,0,0.1677,Low risk,0.0
SW112455,P002,Groups,TA/TO,8-30 days,No Deposit,0,0.2718,Medium risk,0.0
SW112462,P002,Groups,TA/TO,8-30 days,No Deposit,0,0.2718,Medium risk,0.0
SW112489,P002,Online TA,TA/TO,8-30 days,No Deposit,0,0.2442,Low risk,0.0
SW112514,P002,Direct,Direct,0-7 days,No Deposit,0,0.0657,Low risk,0.0
SW112538,P002,Online TA,TA/TO,91-180 days,No Deposit,0,0.3104,Medium risk,0.0
SW112551,P002,Direct,Direct,0-7 days,No Deposit,0,0.067,Low risk,0.0
SW112636,P002,Groups,TA/TO,181+ days,No Deposit,0,0.506,High risk,0.0
SW112639,P002,Online TA,TA/TO,91-180 days,No Deposit,0,0.3104,Medium risk,0.0
SW112658,P002,Online TA,TA/TO,8-30 days,No Deposit,0,0.2482,Low risk,0.0
SW112671,P002,Online TA,TA/TO,91-180 days,No Deposit,0,0.3104,Medium risk,0.0
SW112675,P002,Online TA,TA/TO,91-180 days,No Deposit,0,0.3058,Medium risk,0.0
SW112718,P002,Online TA,TA/TO,91-180 days,No Deposit,0,0.4241,Medium risk,0.0
SW112741,P002,Online TA,TA/TO,181+ days,No Deposit,0,0.4754,High risk,0.0
SW112744,P002,Online TA,TA/TO,91-180 days,No Deposit,0,0.3104,Medium risk,0.0
SW112760,P002,Online TA,TA/TO,91-180 days,No Deposit,0,0.3104,Medium risk,0.0
SW112767,P002,Online TA,TA/TO,181+ days,No Deposit,0,0.3564,Medium risk,0.0
SW112780,P002,Online TA,TA/TO,91-180 days,No Deposit,0,0.2511,Medium risk,0.0
SW112790,P002,Online TA,TA/TO,91-180 days,No Deposit,0,0.3104,Medium risk,0.0
SW112815,P002,Online TA,TA/TO,91-180 days,No Deposit,0,0.3104,Medium risk,0.0
SW112824,P002,Groups,TA/TO,91-180 days,No Deposit,0,0.4543,High risk,0.0
SW112825,P002,Groups,TA/TO,91-180 days,No Deposit,0,0.4543,High risk,0.0
SW112829,P002,Groups,TA/TO,91-180 days,No Deposit,0,0.4543,High risk,0.0
SW112860,P002,Online TA,TA/TO,181+ days,No Deposit,0,0.3515,Medium risk,0.0
SW112867,P002,Online TA,TA/TO,8-30 days,No Deposit,0,0.2482,Low risk,0.0
SW112899,P002,Online TA,TA/TO,91-180 days,No Deposit,0,0.3104,Medium risk,0.0
SW112917,P002,Online TA,TA/TO,31-90 days,No Deposit,0,0.285,Medium risk,0.0
SW112918,P002,Online TA,TA/TO,91-180 days,No Deposit,0,0.3104,Medium risk,0.0
SW112942,P002,Offline TA/TO,TA/TO,31-90 days,No Deposit,0,0.3842,Medium risk,0.0
SW112946,P002,Online TA,TA/TO,91-180 days,No Deposit,0,0.3058,Medium risk,0.0
SW112948,P002,Aviation,Corporate,0-7 days,No Deposit,0,0.1425,Low risk,0.0
SW112954,P002,Online TA,TA/TO,91-180 days,No Deposit,0,0.3104,Medium risk,0.0
SW112961,P002,Online TA,TA/TO,31-90 days,No Deposit,0,0.2806,Medium risk,0.0
SW112999,P002,Online TA,TA/TO,181+ days,No Deposit,0,0.3515,Medium risk,0.0
SW113003,P002,Online TA,TA/TO,91-180 days,No Deposit,0,0.4241,Medium risk,0.0
SW113011,P002,Offline TA/TO,TA/TO,31-90 days,No Deposit,0,0.2761,Medium risk,0.0
SW113068,P002,Online TA,TA/TO,8-30 days,No Deposit,0,0.1974,Low risk,0.0
SW113106,P002,Online TA,TA/TO,8-30 days,No Deposit,0,0.2482,Low risk,0.0
SW113210,P002,Direct,Direct,8-30 days,No Deposit,0,0.1076,Low risk,0.0
SW113211,P002,Online TA,TA/TO,181+ days,No Deposit,0,0.3515,Medium risk,0.0
SW113218,P002,Online TA,TA/TO,91-180 days,No Deposit,0,0.3104,Medium risk,0.0
SW113225,P002,Online TA,TA/TO,8-30 days,No Deposit,0,0.3507,Medium risk,0.0
SW113250,P002,Direct,Direct,91-180 days,No Deposit,0,0.1091,Low risk,0.0
SW113255,P002,Online TA,TA/TO,91-180 days,No Deposit,0,0.4241,Medium risk,0.0
SW113258,P002,Online TA,TA/TO,0-7 days,No Deposit,0,0.1586,Low risk,0.0
SW113268,P002,Groups,TA/TO,181+ days,No Deposit,0,0.506,High risk,0.0
SW113279,P002,Online TA,TA/TO,31-90 days,No Deposit,0,0.3947,Medium risk,0.0
SW113293,P002,Online TA,TA/TO,181+ days,No Deposit,0,0.3515,Medium risk,0.0
SW113326,P002,Groups,TA/TO,181+ days,No Deposit,0,0.385,Medium risk,0.0
SW113332,P002,Groups,TA/TO,181+ days,No Deposit,0,0.385,Medium risk,0.0
SW113366,P002,Groups,TA/TO,181+ days,No Deposit,0,0.385,Medium risk,0.0
SW113387,P002,Offline TA/TO,TA/TO,91-180 days,No Deposit,0,0.301,Medium risk,0.0
SW113412,P002,Online TA,TA/TO,8-30 days,No Deposit,0,0.2482,Low risk,0.0
SW113416,P002,Online TA,TA/TO,8-30 days,No Deposit,0,0.2482,Low risk,0.0
SW113418,P002,Online TA,TA/TO,8-30 days,No Deposit,0,0.2482,Low risk,0.0
SW113442,P002,Online TA,TA/TO,8-30 days,No Deposit,0,0.3507,Medium risk,0.0
SW113446,P002,Online TA,TA/TO,8-30 days,No Deposit,0,0.2442,Low risk,0.0
SW113482,P002,Online TA,TA/TO,8-30 days,No Deposit,0,0.2442,Low risk,0.0
SW113513,P002,Direct,Direct,31-90 days,No Deposit,0,0.1956,Low risk,0.0
SW113519,P002,Online TA,TA/TO,181+ days,No Deposit,0,0.3515,Medium risk,0.0
SW113568,P002,Online TA,TA/TO,31-90 days,No Deposit,0,0.3947,Medium risk,0.0
SW113572,P002,Online TA,TA/TO,8-30 days,No Deposit,0,0.2482,Low risk,0.0
SW113620,P002,Online TA,TA/TO,91-180 days,No Deposit,0,0.3104,Medium risk,0.0
SW113637,P002,Online TA,TA/TO,31-90 days,No Deposit,0,0.285,Medium risk,0.0
SW113646,P002,Online TA,TA/TO,31-90 days,No Deposit,0,0.285,Medium risk,0.0
SW113726,P002,Online TA,TA/TO,181+ days,No Deposit,0,0.3564,Medium risk,0.0
SW113783,P002,Groups,Direct,181+ days,No Deposit,0,0.455,High risk,0.0
SW113786,P002,Online TA,TA/TO,31-90 days,No Deposit,0,0.285,Medium risk,0.0
SW113799,P002,Online TA,TA/TO,181+ days,No Deposit,0,0.3564,Medium risk,0.0
SW113831,P002,Aviation,Corporate,0-7 days,No Deposit,0,0.1425,Low risk,0.0
SW113890,P002,Online TA,TA/TO,91-180 days,No Deposit,0,0.4241,Medium risk,0.0
SW113941,P002,Online TA,TA/TO,8-30 days,No Deposit,0,0.2482,Low risk,0.0
SW113950,P002,Online TA,TA/TO,91-180 days,No Deposit,0,0.3104,Medium risk,0.0
SW113964,P002,Online TA,TA/TO,91-180 days,No Deposit,0,0.3543,Medium risk,0.0
SW113981,P002,Online TA,TA/TO,31-90 days,No Deposit,0,0.285,Medium risk,0.0
SW113983,P002,Online TA,TA/TO,8-30 days,No Deposit,0,0.2482,Low risk,0.0
SW113985,P002,Online TA,TA/TO,8-30 days,No Deposit,0,0.2482,Low risk,0.0
SW113993,P002,Online TA,TA/TO,31-90 days,No Deposit,0,0.285,Medium risk,0.0
SW113994,P002,Online TA,TA/TO,31-90 days,No Deposit,0,0.285,Medium risk,0.0
SW114015,P002,Online TA,TA/TO,91-180 days,No Deposit,0,0.3104,Medium risk,0.0
SW114038,P002,Offline TA/TO,TA/TO,91-180 days,No Deposit,0,0.4133,Medium risk,0.0
SW114085,P002,Groups,TA/TO,181+ days,No Deposit,0,0.385,Medium risk,0.0
SW114101,P002,Groups,TA/TO,181+ days,No Deposit,0,0.385,Medium risk,0.0
SW114102,P002,Online TA,TA/TO,181+ days,No Deposit,0,0.3515,Medium risk,0.0
SW114143,P002,Aviation,Corporate,0-7 days,No Deposit,0,0.1425,Low risk,0.0
SW114155,P002,Online TA,TA/TO,181+ days,No Deposit,0,0.3564,Medium risk,0.0
SW114207,P002,Offline TA/TO,TA/TO,91-180 days,No Deposit,0,0.2965,Medium risk,0.0
SW114293,P002,Online TA,TA/TO,8-30 days,No Deposit,0,0.3507,Medium risk,0.0
SW114308,P002,Groups,TA/TO,181+ days,No Deposit,0,0.385,Medium risk,0.0
SW114317,P002,Online TA,TA/TO,91-180 days,No Deposit,0,0.2511,Medium risk,0.0
SW114323,P002,Groups,TA/TO,181+ days,No Deposit,0,0.385,Medium risk,0.0
SW114333,P002,Groups,TA/TO,181+ days,No Deposit,0,0.38,Medium risk,0.0
SW114345,P002,Online TA,TA/TO,181+ days,No Deposit,0,0.3515,Medium risk,0.0
SW114352,P002,Online TA,TA/TO,8-30 days,No Deposit,0,0.2482,Low risk,0.0
SW114371,P002,Online TA,TA/TO,91-180 days,No Deposit,0,0.3104,Medium risk,0.0
SW114390,P002,Online TA,TA/TO,31-90 days,No Deposit,0,0.285,Medium risk,0.0
SW114402,P002,Online TA,TA/TO,91-180 days,No Deposit,0,0.3058,Medium risk,0.0
SW114427,P002,Online TA,TA/TO,31-90 days,No Deposit,0,0.285,Medium risk,0.0
SW114444,P002,Online TA,TA/TO,31-90 days,No Deposit,0,0.3947,Medium risk,0.0
SW114463,P002,Online TA,TA/TO,8-30 days,No Deposit,0,0.2482,Low risk,0.0
SW114470,P002,Online TA,TA/TO,91-180 days,No Deposit,0,0.4241,Medium risk,0.0
SW114487,P002,Online TA,TA/TO,181+ days,No Deposit,0,0.3515,Medium risk,0.0
SW114506,P002,Direct,Direct,8-30 days,No Deposit,0,0.1305,Low risk,0.0
SW114508,P002,Online TA,TA/TO,91-180 days,No Deposit,0,0.4241,Medium risk,0.0
SW114573,P002,Online TA,TA/TO,31-90 days,No Deposit,0,0.2806,Medium risk,0.0
SW114582,P002,Online TA,TA/TO,8-30 days,No Deposit,0,0.2482,Low risk,0.0
SW114613,P002,Corporate,Corporate,91-180 days,No Deposit,0,0.1355,Low risk,0.0
SW114621,P002,Online TA,TA/TO,31-90 days,No Deposit,0,0.285,Medium risk,0.0
SW114623,P002,Online TA,TA/TO,181+ days,No Deposit,0,0.3564,Medium risk,0.0
SW114630,P002,Online TA,TA/TO,91-180 days,No Deposit,0,0.4241,Medium risk,0.0
SW114651,P002,Online TA,TA/TO,31-90 days,No Deposit,0,0.285,Medium risk,0.0
SW114664,P002,Online TA,TA/TO,91-180 days,No Deposit,0,0.3058,Medium risk,0.0
SW114716,P002,Direct,Direct,8-30 days,No Deposit,0,0.1677,Low risk,0.0
SW114797,P002,Direct,Direct,91-180 days,No Deposit,0,0.2155,Low risk,0.0
SW114800,P002,Offline TA/TO,TA/TO,181+ days,No Deposit,0,0.2831,Medium risk,0.0
SW114853,P002,Corporate,Corporate,8-30 days,No Deposit,0,0.1583,Low risk,0.0
SW114868,P002,Online TA,TA/TO,181+ days,No Deposit,0,0.3515,Medium risk,0.0
SW114871,P002,Online TA,TA/TO,31-90 days,No Deposit,0,0.3947,Medium risk,0.0
SW114880,P002,Offline TA/TO,TA/TO,91-180 days,No Deposit,0,0.301,Medium risk,0.0
SW114898,P002,Corporate,Corporate,8-30 days,No Deposit,0,0.1583,Low risk,0.0
SW114917,P002,Online TA,GDS,8-30 days,No Deposit,0,0.2678,Medium risk,0.0
SW114949,P002,Corporate,Corporate,8-30 days,No Deposit,0,0.1583,Low risk,0.0
SW114956,P002,Direct,Direct,31-90 days,No Deposit,0,0.1956,Low risk,0.0
SW114977,P002,Direct,Direct,31-90 days,No Deposit,0,0.1294,Low risk,0.0
SW114992,P002,Online TA,TA/TO,0-7 days,No Deposit,0,0.1615,Low risk,0.0
SW115043,P002,Direct,Direct,31-90 days,No Deposit,0,0.127,Low risk,0.0
SW115076,P002,Online TA,TA/TO,91-180 days,No Deposit,0,0.2511,Medium risk,0.0
SW115083,P002,Offline TA/TO,TA/TO,31-90 days,No Deposit,0,0.3842,Medium risk,0.0
SW115098,P002,Online TA,TA/TO,91-180 days,No Deposit,0,0.3104,Medium risk,0.0
SW115134,P002,Online TA,TA/TO,91-180 days,No Deposit,0,0.4241,Medium risk,0.0
SW115176,P002,Online TA,TA/TO,91-180 days,No Deposit,0,0.3058,Medium risk,0.0
SW115223,P002,Online TA,TA/TO,91-180 days,No Deposit,0,0.4241,Medium risk,0.0
SW115248,P002,Online TA,TA/TO,31-90 days,No Deposit,0,0.3947,Medium risk,0.0
SW115256,P002,Online TA,TA/TO,91-180 days,No Deposit,0,0.4241,Medium risk,0.0
SW115297,P002,Direct,Direct,91-180 days,No Deposit,0,0.2155,Low risk,0.0
SW115306,P002,Online TA,TA/TO,8-30 days,No Deposit,0,0.2482,Low risk,0.0
SW115358,P002,Online TA,TA/TO,91-180 days,No Deposit,0,0.3104,Medium risk,0.0
SW115360,P002,Online TA,TA/TO,0-7 days,No Deposit,0,0.2396,Low risk,0.0
SW115386,P002,Offline TA/TO,TA/TO,31-90 days,No Deposit,0,0.3173,Medium risk,0.0
SW115429,P002,Online TA,TA/TO,31-90 days,No Deposit,0,0.285,Medium risk,0.0
SW115430,P002,Online TA,TA/TO,8-30 days,No Deposit,0,0.2482,Low risk,0.0
SW115455,P002,Offline TA/TO,TA/TO,181+ days,No Deposit,0,0.3925,Medium risk,0.0
SW115457,P002,Offline TA/TO,TA/TO,181+ days,No Deposit,0,0.3925,Medium risk,0.0
SW115473,P002,Offline TA/TO,TA/TO,181+ days,No Deposit,0,0.3925,Medium risk,0.0
SW115529,P002,Offline TA/TO,TA/TO,91-180 days,No Deposit,0,0.4133,Medium risk,0.0
SW115558,P002,Online TA,TA/TO,181+ days,No Deposit,0,0.3515,Medium risk,0.0
SW115612,P002,Online TA,TA/TO,181+ days,No Deposit,0,0.4754,High risk,0.0
SW115625,P002,Online TA,TA/TO,181+ days,No Deposit,0,0.4754,High risk,0.0
SW115638,P002,Online TA,TA/TO,181+ days,No Deposit,0,0.3564,Medium risk,0.0
SW115650,P002,Online TA,TA/TO,91-180 days,No Deposit,0,0.4241,Medium risk,0.0
SW115656,P002,Offline TA/TO,TA/TO,181+ days,No Deposit,0,0.4644,High risk,0.0
SW115666,P002,Online TA,TA/TO,181+ days,No Deposit,0,0.4754,High risk,0.0
SW115712,P002,Direct,Direct,91-180 days,No Deposit,0,0.2155,Low risk,0.0
SW115750,P002,Online TA,TA/TO,181+ days,No Deposit,0,0.3564,Medium risk,0.0
SW115751,P002,Online TA,TA/TO,181+ days,No Deposit,0,0.3564,Medium risk,0.0
SW115782,P002,Online TA,TA/TO,31-90 days,No Deposit,0,0.285,Medium risk,0.0
SW115826,P002,Online TA,TA/TO,8-30 days,No Deposit,0,0.2482,Low risk,0.0
SW115836,P002,Online TA,TA/TO,31-90 days,No Deposit,0,0.285,Medium risk,0.0
SW115886,P002,Offline TA/TO,TA/TO,31-90 days,No Deposit,0,0.2718,Medium risk,0.0
SW115899,P002,Offline TA/TO,TA/TO,31-90 days,No Deposit,0,0.3842,Medium risk,0.0
SW115900,P002,Online TA,TA/TO,0-7 days,No Deposit,0,0.2396,Low risk,0.0
SW115951,P002,Online TA,TA/TO,8-30 days,No Deposit,0,0.2442,Low risk,0.0
SW115958,P002,Online TA,TA/TO,91-180 days,No Deposit,0,0.4241,Medium risk,0.0
SW115971,P002,Direct,Direct,181+ days,No Deposit,0,0.1682,Low risk,0.0
SW116053,P002,Groups,TA/TO,181+ days,No Deposit,0,0.385,Medium risk,0.0
SW116058,P002,Online TA,TA/TO,181+ days,No Deposit,0,0.3515,Medium risk,0.0
SW116060,P002,Groups,TA/TO,181+ days,No Deposit,0,0.385,Medium risk,0.0
SW116103,P002,Groups,TA/TO,181+ days,No Deposit,0,0.385,Medium risk,0.0
SW116148,P002,Groups,TA/TO,181+ days,No Deposit,0,0.385,Medium risk,0.0
SW116185,P002,Online TA,TA/TO,181+ days,No Deposit,0,0.3515,Medium risk,0.0
SW116295,P002,Online TA,TA/TO,31-90 days,No Deposit,0,0.2806,Medium risk,0.0
SW116319,P002,Online TA,TA/TO,8-30 days,No Deposit,0,0.2442,Low risk,0.0
SW116334,P002,Online TA,TA/TO,181+ days,No Deposit,0,0.3564,Medium risk,0.0
SW116366,P002,Online TA,TA/TO,91-180 days,No Deposit,0,0.3058,Medium risk,0.0
SW116404,P002,Online TA,TA/TO,181+ days,No Deposit,0,0.2921,Medium risk,0.0
SW116487,P002,Direct,Direct,91-180 days,No Deposit,0,0.1438,Low risk,0.0
SW116523,P002,Online TA,TA/TO,31-90 days,No Deposit,0,0.285,Medium risk,0.0
SW116529,P002,Online TA,TA/TO,91-180 days,No Deposit,0,0.3104,Medium risk,0.0
SW116558,P002,Online TA,TA/TO,91-180 days,No Deposit,0,0.3104,Medium risk,0.0
SW116571,P002,Online TA,TA/TO,8-30 days,No Deposit,0,0.3507,Medium risk,0.0
SW116579,P002,Offline TA/TO,TA/TO,181+ days,No Deposit,0,0.4644,High risk,0.0
SW116587,P002,Offline TA/TO,TA/TO,91-180 days,No Deposit,0,0.4133,Medium risk,0.0
SW116617,P002,Online TA,TA/TO,91-180 days,No Deposit,0,0.4241,Medium risk,0.0
SW116692,P002,Offline TA/TO,TA/TO,181+ days,No Deposit,0,0.3925,Medium risk,0.0
SW116829,P002,Online TA,TA/TO,181+ days,No Deposit,0,0.3515,Medium risk,0.0
SW116841,P002,Online TA,TA/TO,31-90 days,No Deposit,0,0.285,Medium risk,0.0
SW116861,P002,Online TA,TA/TO,181+ days,No Deposit,0,0.2877,Medium risk,0.0
SW116870,P002,Direct,Direct,31-90 days,No Deposit,0,0.127,Low risk,0.0
SW116919,P002,Offline TA/TO,TA/TO,91-180 days,No Deposit,0,0.4133,Medium risk,0.0
SW116940,P002,Online TA,TA/TO,181+ days,No Deposit,0,0.4754,High risk,0.0
SW117003,P002,Online TA,TA/TO,91-180 days,No Deposit,0,0.4241,Medium risk,0.0
SW117051,P002,Direct,Direct,91-180 days,No Deposit,0,0.2155,Low risk,0.0
SW117065,P002,Offline TA/TO,TA/TO,91-180 days,No Deposit,0,0.4133,Medium risk,0.0
SW117199,P002,Online TA,TA/TO,91-180 days,No Deposit,0,0.3104,Medium risk,0.0
SW117208,P002,Online TA,TA/TO,181+ days,No Deposit,0,0.3515,Medium risk,0.0
SW117214,P002,Online TA,TA/TO,31-90 days,No Deposit,0,0.285,Medium risk,0.0
SW117262,P002,Online TA,TA/TO,31-90 days,No Deposit,0,0.285,Medium risk,0.0
SW117283,P002,Online TA,TA/TO,8-30 days,No Deposit,0,0.2482,Low risk,0.0
SW117300,P002,Online TA,TA/TO,31-90 days,No Deposit,0,0.3947,Medium risk,0.0
SW117325,P002,Online TA,TA/TO,31-90 days,No Deposit,0,0.3947,Medium risk,0.0
SW117376,P002,Direct,Direct,91-180 days,No Deposit,0,0.1438,Low risk,0.0
SW117386,P002,Online TA,TA/TO,91-180 days,No Deposit,0,0.3543,Medium risk,0.0
SW117410,P002,Online TA,TA/TO,8-30 days,No Deposit,0,0.3507,Medium risk,0.0
SW117425,P002,Corporate,Corporate,0-7 days,No Deposit,0,0.081,Low risk,0.0
SW117510,P002,Offline TA/TO,TA/TO,91-180 days,No Deposit,0,0.4133,Medium risk,0.0
SW117519,P002,Direct,Direct,31-90 days,No Deposit,0,0.0978,Low risk,0.0
SW117578,P002,Offline TA/TO,TA/TO,91-180 days,No Deposit,0,0.4133,Medium risk,0.0
SW117599,P002,Online TA,TA/TO,91-180 days,No Deposit,0,0.3104,Medium risk,0.0
SW117610,P002,Online TA,TA/TO,31-90 days,No Deposit,0,0.285,Medium risk,0.0
SW117678,P002,Offline TA/TO,TA/TO,91-180 days,No Deposit,0,0.2965,Medium risk,0.0
SW117680,P002,Corporate,Corporate,0-7 days,No Deposit,0,0.081,Low risk,0.0
SW117692,P002,Offline TA/TO,TA/TO,91-180 days,No Deposit,0,0.301,Medium risk,0.0
SW117792,P002,Direct,Direct,0-7 days,No Deposit,0,0.1052,Low risk,0.0
SW117804,P002,Online TA,TA/TO,91-180 days,No Deposit,0,0.3104,Medium risk,0.0
SW117820,P002,Direct,Direct,91-180 days,No Deposit,0,0.1438,Low risk,0.0
SW117822,P002,Online TA,TA/TO,181+ days,No Deposit,0,0.3564,Medium risk,0.0
SW117824,P002,Online TA,TA/TO,181+ days,No Deposit,0,0.3515,Medium risk,0.0
SW117832,P002,Direct,Direct,0-7 days,No Deposit,0,0.1052,Low risk,0.0
SW117851,P002,Online TA,TA/TO,91-180 days,No Deposit,0,0.3104,Medium risk,0.0
SW117869,P002,Offline TA/TO,TA/TO,91-180 days,No Deposit,0,0.4133,Medium risk,0.0
SW117875,P002,Direct,Direct,0-7 days,No Deposit,0,0.1052,Low risk,0.0
SW117900,P002,Offline TA/TO,TA/TO,181+ days,No Deposit,0,0.2831,Medium risk,0.0
SW117915,P002,Online TA,TA/TO,8-30 days,No Deposit,0,0.2482,Low risk,0.0
SW117952,P002,Online TA,TA/TO,0-7 days,No Deposit,0,0.1615,Low risk,0.0
SW117971,P002,Offline TA/TO,TA/TO,181+ days,No Deposit,0,0.4644,High risk,0.0
SW117986,P002,Online TA,TA/TO,181+ days,No Deposit,0,0.4754,High risk,0.0
SW118023,P002,Online TA,TA/TO,91-180 days,No Deposit,0,0.3104,Medium risk,0.0
SW118035,P002,Online TA,TA/TO,31-90 days,No Deposit,0,0.2806,Medium risk,0.0
SW118114,P002,Online TA,TA/TO,181+ days,No Deposit,0,0.3515,Medium risk,0.0
SW118120,P002,Online TA,TA/TO,0-7 days,No Deposit,0,0.1586,Low risk,0.0
SW118124,P002,Offline TA/TO,TA/TO,181+ days,No Deposit,0,0.2831,Medium risk,0.0
SW118132,P002,Online TA,TA/TO,91-180 days,No Deposit,0,0.3058,Medium risk,0.0
SW118188,P002,Offline TA/TO,TA/TO,181+ days,No Deposit,0,0.4644,High risk,0.0
SW118220,P002,Direct,Direct,8-30 days,No Deposit,0,0.0841,Low risk,0.0
SW118228,P002,Online TA,TA/TO,31-90 days,No Deposit,0,0.2806,Medium risk,0.0
SW118268,P002,Online TA,TA/TO,31-90 days,No Deposit,0,0.285,Medium risk,0.0
SW118285,P002,Online TA,TA/TO,31-90 days,No Deposit,0,0.285,Medium risk,0.0
SW118313,P002,Online TA,TA/TO,91-180 days,No Deposit,0,0.4241,Medium risk,0.0
SW118333,P002,Direct,Direct,91-180 days,No Deposit,0,0.2155,Low risk,0.0
SW118344,P002,Direct,Direct,8-30 days,No Deposit,0,0.1097,Low risk,0.0
SW118350,P002,Online TA,TA/TO,31-90 days,No Deposit,0,0.2806,Medium risk,0.0
SW118411,P002,Online TA,TA/TO,91-180 days,No Deposit,0,0.2471,Low risk,0.0
SW118414,P002,Offline TA/TO,TA/TO,91-180 days,No Deposit,0,0.2965,Medium risk,0.0
SW118463,P002,Online TA,TA/TO,31-90 days,No Deposit,0,0.2806,Medium risk,0.0
SW118480,P002,Direct,Direct,181+ days,No Deposit,0,0.1712,Low risk,0.0
SW118486,P002,Online TA,TA/TO,181+ days,No Deposit,0,0.3515,Medium risk,0.0
SW118510,P002,Online TA,TA/TO,8-30 days,No Deposit,0,0.2442,Low risk,0.0
SW118599,P002,Direct,Direct,91-180 days,No Deposit,0,0.2155,Low risk,0.0
SW118640,P002,Online TA,TA/TO,181+ days,No Deposit,0,0.3564,Medium risk,0.0
SW118645,P002,Offline TA/TO,TA/TO,91-180 days,No Deposit,0,0.301,Medium risk,0.0
SW118648,P002,Online TA,TA/TO,91-180 days,No Deposit,0,0.3058,Medium risk,0.0
SW118661,P002,Direct,Direct,91-180 days,No Deposit,0,0.2155,Low risk,0.0
SW118665,P002,Offline TA/TO,TA/TO,91-180 days,No Deposit,0,0.301,Medium risk,0.0
SW118676,P002,Direct,Direct,91-180 days,No Deposit,0,0.1438,Low risk,0.0
SW118733,P002,Direct,Direct,91-180 days,No Deposit,0,0.1411,Low risk,0.0
SW118742,P002,Online TA,TA/TO,0-7 days,No Deposit,0,0.1615,Low risk,0.0
SW118797,P002,Online TA,TA/TO,181+ days,No Deposit,0,0.4754,High risk,0.0
SW118852,P002,Offline TA/TO,TA/TO,91-180 days,No Deposit,0,0.3442,Medium risk,0.0
SW118864,P002,Online TA,TA/TO,8-30 days,No Deposit,0,0.2442,Low risk,0.0
SW118873,P002,Offline TA/TO,TA/TO,181+ days,No Deposit,0,0.2831,Medium risk,0.0
SW118887,P002,Offline TA/TO,TA/TO,181+ days,No Deposit,0,0.2831,Medium risk,0.0
SW119006,P002,Online TA,TA/TO,31-90 days,No Deposit,0,0.3947,Medium risk,0.0
SW119017,P002,Direct,Direct,91-180 days,No Deposit,0,0.1438,Low risk,0.0
SW119035,P002,Online TA,TA/TO,8-30 days,No Deposit,0,0.3507,Medium risk,0.0
SW119068,P002,Online TA,TA/TO,0-7 days,No Deposit,0,0.1615,Low risk,0.0
SW119080,P002,Online TA,TA/TO,181+ days,No Deposit,0,0.3515,Medium risk,0.0
SW119112,P002,Groups,TA/TO,181+ days,No Deposit,0,0.385,Medium risk,0.0
SW119144,P002,Online TA,TA/TO,181+ days,No Deposit,0,0.3515,Medium risk,0.0
SW119151,P002,Online TA,TA/TO,181+ days,No Deposit,0,0.3515,Medium risk,0.0
SW119196,P002,Groups,TA/TO,181+ days,No Deposit,0,0.506,High risk,0.0
SW119198,P002,Groups,TA/TO,181+ days,No Deposit,0,0.506,High risk,0.0
SW119227,P002,Groups,TA/TO,181+ days,No Deposit,0,0.506,High risk,0.0
SW119237,P002,Offline TA/TO,TA/TO,181+ days,No Deposit,0,0.4644,High risk,0.0
SW119246,P002,Groups,TA/TO,181+ days,No Deposit,0,0.506,High risk,0.0
SW119334,P002,Online TA,TA/TO,181+ days,No Deposit,0,0.4754,High risk,0.0
SW119342,P002,Online TA,TA/TO,181+ days,No Deposit,0,0.3515,Medium risk,0.0
SW119357,P002,Direct,Direct,91-180 days,No Deposit,0,0.1438,Low risk,0.0
SW119369,P002,Direct,Direct,181+ days,No Deposit,0,0.2526,Medium risk,0.0
